store_name,city,latitude,longitude,target_rating,target_is_successful,neighbourhood_name,competitor_count_500m,nearest_transit_distance_m,median_income,pop_density_sqkm,pct_age_20_39
Miku,Vancouver,49.28691298612272,-123.11304877258942,4.4,1,Downtown,17,18.016058741646436,45590.91,10902.6,48.6
Kingyo,Vancouver,49.29073911099211,-123.13705023185994,4.4,1,Denman Village,13,67.12389420118018,45670.18,26340.41,43.5
Fanny Bay Oyster Bar & Shellfish Market,Vancouver,49.2787525,-123.1138689,4.4,1,Yaletown,16,58.12782738293309,49876.74,17564.06,49.46
Phnom Penh,Vancouver,49.278431,-123.098205,4.2,1,Downtown Eastside,5,97.91810475733658,38531.25,9012.49,41.88
Nemesis Coffee,Vancouver,49.28281595985871,-123.11027107703038,4.4,1,Gastown,20,29.921418284342163,47059.26,11555.62,51.66
Cactus Club Cafe,Vancouver,49.288953168131265,-123.1170999,4.2,1,Financial District,12,245.2332960520999,45507.69,11268.16,46.63
Kosoo,Vancouver,49.28494,-123.12592,4.3,1,Davie Village,11,116.00006036151755,45331.51,22831.24,49.03
The Flying Pig - Yaletown,Vancouver,49.27501,-123.122,4.0,1,Yaletown,19,41.17995688192717,51596.0,20042.06,46.94
OEB Breakfast Co. - Yaletown,Vancouver,49.273438,-123.119289,4.3,1,Yaletown,11,126.63179826788908,53163.83,19943.68,48.4
Lunch Lady,Vancouver,49.27497,-123.06915,4.2,1,Little Italy,0,26.65637435986467,45062.86,6833.43,36.64
Ramen DANBO - Robson,Vancouver,49.2874959131639,-123.128934167326,4.4,1,Lower Robson,12,59.77120741026365,45588.41,21925.39,46.3
Chinatown BBQ,Vancouver,49.280294,-123.1015,4.5,1,Chinatown,13,61.826644650149575,38296.55,12191.04,42.36
Guu with Garlic,Vancouver,49.290249,-123.1338142,4.3,1,Lower Robson,13,12.52314887376158,45147.54,24598.78,44.21
Jam Cafe on Beatty,Vancouver,49.2802586,-123.1096376,4.4,1,Chinatown,19,53.63485047752803,48429.41,13454.61,48.95
Saku,Vancouver,49.28923400821203,-123.13230361739016,4.5,1,Lower Robson,14,19.06277491233838,45545.45,22153.3,43.79
Medina Cafe,Vancouver,49.2804429972571,-123.117036269849,4.2,1,Yaletown,19,108.35438108453413,48950.98,18255.76,50.62
Ask For Luigi,Vancouver,49.2844485,-123.0976786,4.1,1,Japantown,4,140.21573015889925,36635.71,8493.28,37.58
Manoush'eh,Vancouver,49.276653,-123.125728,4.8,1,Yaletown,24,34.52474980382144,49743.33,22818.21,47.47
Tendon Kohaku,Vancouver,49.28107123873706,-123.12179426645872,4.3,1,Downtown,20,93.59177718726454,47770.42,21320.82,49.26
Japadog,Vancouver,49.28023880376068,-123.1183512558197,3.9,0,Yaletown,23,87.23914647799376,49033.33,18192.7,50.63
AnnaLena,Vancouver,49.2708261,-123.1467714,4.5,1,Kitsilano,4,176.34457498564964,54808.33,8546.23,41.65
Blue Water Cafe,Vancouver,49.2761945,-123.1209935,4.4,1,Yaletown,25,184.93336476521884,51362.26,21291.91,48.29
Botanist,Vancouver,49.2882901,-123.116555,4.3,1,Financial District,12,194.193877453685,46059.26,11616.93,47.74
Cardero's Restaurant & Marine Pub,Vancouver,49.2914561357511,-123.127575841549,3.9,0,Coal Harbour,9,191.1321879242539,44679.07,22035.63,43.23
Chambar,Vancouver,49.2801460007961,-123.109925328073,4.2,1,Chinatown,19,32.84746246653956,48120.0,13733.22,48.82
Lupo,Vancouver,49.278222058049096,-123.11735347768747,4.3,1,Yaletown,21,129.7526362494496,50952.08,20315.08,50.46
Saku,Vancouver,49.2631006,-123.11667523250104,4.3,1,Fairview,8,32.28566411987487,56410.0,8660.42,38.38
Din Tai Fung 鼎泰豐,Vancouver,49.28562,-123.124798,4.4,1,West End,12,122.14393927162791,45241.79,19012.31,48.54
Fat Mao Noodles,Vancouver,49.27982129999999,-123.1267997,4.4,1,Yaletown,17,104.52113655183466,48612.82,24414.96,48.47
Nightingale,Vancouver,49.2874110331456,-123.117770967577,4.2,1,Financial District,15,66.98423544307808,46325.0,12484.69,48.29
The Fish Counter,Vancouver,49.250774041930285,-123.1012792,4.4,1,Riley Park,4,17.590674624909582,49648.72,6693.66,35.05
Elisa,Vancouver,49.27597599917006,-123.12142339325408,4.3,1,Yaletown,23,147.1631502791943,51384.91,21057.57,48.02
La Belle Patate,Vancouver,49.2820547306569,-123.133442922354,4.2,1,Davie Village,4,10.782288245137778,45473.08,24198.29,48.94
Salmon n' Bannock,Vancouver,49.2631378,-123.1296705,4.5,1,Fairview,1,49.78713961415875,54507.5,10940.23,40.47
Hello Nori ,Vancouver,49.28559747478766,-123.1261163,4.5,1,Davie Village,10,49.88375925906814,45140.85,22129.21,48.26
Tokyo In April,Vancouver,49.2806813,-123.1073936,4.4,1,Chinatown,19,24.90959925756874,43411.76,12415.09,47.61
The Red Accordion,Vancouver,49.29025,-123.131768,4.6,1,Lower Robson,13,83.58864871257039,45387.1,22644.64,43.75
Kokoro Tokyo Mazesoba,Vancouver,49.2833927,-123.115078,4.1,1,Downtown,21,48.60017658465843,48435.0,14327.25,51.32
Maruhachi Ra-men,Vancouver,49.2905691,-123.1333951,4.3,1,Lower Robson,13,41.80437283649973,45147.54,23765.56,44.18
Happy Noodle House,Vancouver,49.27664,-123.12578,4.6,1,Yaletown,24,34.02548772907132,49743.33,22818.21,47.47
Mazahr Lebanese Kitchen,Vancouver,49.2615511,-123.1383052,4.7,1,South Granville,1,46.51157583870222,54488.1,8219.24,41.72
Tap & Barrel - Convention Centre,Vancouver,49.289845529586,-123.116857235515,3.8,0,Financial District,10,345.6260323306837,44895.24,12146.31,45.88
Calabash Bistro,Vancouver,49.281004479966,-123.104228199529,4.0,1,Chinatown,17,64.9020048252157,40006.45,10966.19,44.37
Sura Korean Cuisine,Vancouver,49.2888601838143,-123.131742169312,4.1,1,Lower Robson,14,43.741747276590154,45513.04,22528.33,44.49
Dinesty Dumpling House,Vancouver,49.2908176,-123.1343912,3.9,0,Lower Robson,12,84.88591901852101,45233.33,25063.69,44.1
Encore Suite,Vancouver,49.2776420028873,-123.109174971689,4.3,1,Downtown,7,143.18947504303492,49511.76,17934.25,49.78
Kishimoto Japanese Kitchen,Vancouver,49.2665099,-123.06935,4.4,1,Grandview-Woodland,1,132.29739302730903,43697.44,7228.75,37.78
LOCAL Public Eatery Gastown,Vancouver,49.2836468,-123.1039495,4.3,1,Gastown,15,142.87222344169612,39384.62,10523.52,45.32
Alouette Bistro,Vancouver,49.2853,-123.11829,4.3,1,Financial District,19,85.34953640145096,46841.86,17466.69,51.56
Tom Sushi,Vancouver,49.2815608,-123.1327476,4.7,1,Davie Village,5,21.16003423208933,46325.64,25058.72,49.04
Sawasdee Thai Restaurant,Vancouver,49.24703,-123.1008,4.0,1,Riley Park,1,120.09330757117355,48990.62,6065.56,31.94
Cactus Club Cafe,Vancouver,49.28554081466174,-123.11881637137162,4.1,1,Financial District,19,43.47358892882296,47026.67,17704.84,50.58
Tavola,Vancouver,49.2918164,-123.1357186,4.4,1,Lower Robson,11,65.83401866539032,45631.37,26455.61,42.94
Fritz European Fry House,Vancouver,49.2772045,-123.1265253,4.2,1,Yaletown,22,25.865813330267375,49603.12,25751.01,47.79
The Sandbar Seafood Restaurant,Vancouver,49.271502,-123.134151,3.7,0,South Granville,2,361.01066746939097,53185.37,13765.48,41.32
ONIGIRI YA,Vancouver,49.26339,-123.11652,4.6,1,Fairview,8,6.678860193750218,56396.55,8360.95,38.1
Alchemy Bar and Kitchen,Vancouver,49.27422,-123.124,4.2,1,Yaletown,17,128.93725279774492,51250.98,22315.78,45.61
Linh Cafe,Vancouver,49.2746716,-123.12989802,3.9,0,Granville,10,89.95986943766403,50539.29,21215.01,44.7
JOEY Burrard,Vancouver,49.282606,-123.1231879,4.1,1,Downtown,21,54.55291244483032,46740.28,20371.01,50.19
Rodney's Oyster House,Vancouver,49.274326,-123.123131,4.0,1,Yaletown,18,74.32290006895414,51653.06,20256.81,46.24
Riley's Vancouver,Vancouver,49.287641996861865,-123.1151089,4.3,1,Downtown,14,154.75566780070673,45824.0,11637.95,48.28
Published on Main,Vancouver,49.25283186017385,-123.10116032897228,4.3,1,Riley Park,3,48.80749788810439,50371.43,7705.59,38.29
Pourhouse Restaurant,Vancouver,49.2841134475502,-123.10842879595,4.0,1,Gastown,20,94.9623047859062,43288.89,10466.33,49.76
Hokkaido Ramen Santouka,Vancouver,49.263127,-123.1168917,4.2,1,Fairview,8,40.59180435220434,56410.0,8660.42,38.38
Social Corner- Coal Harbour,Vancouver,49.28789956950066,-123.11817217614248,4.5,1,Financial District,14,119.03831206827329,46348.39,14620.07,48.49
ARC Restaurant,Vancouver,49.28733537787621,-123.11385049155078,4.0,1,Financial District,14,62.29366163490229,46400.0,11107.71,49.0
Breakfast Table,Vancouver,49.25855,-123.13856,4.3,1,Fairview,1,27.90070349350148,53861.11,8128.57,43.33
Nero Waffles,Vancouver,49.27834403099929,-123.122044653573,4.4,1,Granville,32,64.19859942071194,49590.62,21693.12,48.95
Angus T,Vancouver,49.2762326068102,-123.119233623147,4.3,1,Yaletown,26,66.5077691612502,51669.39,21134.36,48.2
Nook,Vancouver,49.2917554,-123.1352974,4.2,1,Lower Robson,11,73.23016013922218,45631.37,26455.61,42.94
Fresh Donair,Vancouver,49.2792016361722,-123.12335201658,4.7,1,Granville,32,96.84285121907531,48877.14,23774.53,48.39
Seaport City Seafood Restaurant,Vancouver,49.263921119674905,-123.115152,4.2,1,Fairview,7,63.029969693515326,55909.68,9895.18,42.86
Le Crocodile Restaurant,Vancouver,49.2825393,-123.1252052,4.3,1,West End,17,57.470293970622656,47250.62,23195.66,49.65
Jeju,Vancouver,49.26228121460416,-123.0920469229725,4.5,1,Mount Pleasant,1,36.45769331633955,46745.24,7971.15,46.91
Fable Diner,Vancouver,49.2630749,-123.1019822,3.9,0,Mount Pleasant,4,88.13699893877123,52830.3,10196.9,49.68
Mount Everest Kitchen & Grill,Vancouver,49.28343057225757,-123.1142148824853,4.6,1,Downtown,22,57.847696312459725,48284.21,13601.73,50.91
The Magnet,Vancouver,49.28242131064444,-123.11118325952978,4.6,1,Chinatown,18,14.671275283084992,47712.5,12542.43,51.69
España Restaurant,Vancouver,49.2880552,-123.1404114,4.2,1,Denman Village,3,59.12639236246667,45482.76,24653.96,43.57
Robba Da Matti,Vancouver,49.283146323514835,-123.10375675641404,4.6,1,Gastown,16,100.90842140528632,38866.67,10472.78,44.73
Takenaka,Vancouver,49.2783093,-123.0755801,4.3,1,Grandview-Woodland,0,235.49404203295592,44495.65,4715.68,37.01
Mott 32,Vancouver,49.2868703881444,-123.124537612795,3.9,0,Coal Harbour,13,30.425898250530302,45059.65,17497.65,47.79
Peaked Pies,Vancouver,49.2896489,-123.1384797,4.4,1,Denman Village,13,51.52549399575768,45532.2,25848.9,43.64
St Lawrence Restaurant,Vancouver,49.2832584031253,-123.097993419888,4.4,1,Downtown Eastside,10,10.930447176184115,37579.31,8625.43,38.62
Raisu,Vancouver,49.2679990419609,-123.158381134272,4.3,1,Kitsilano,0,70.3179299979423,53682.98,10044.85,41.94
Anh and Chi,Vancouver,49.2550314422938,-123.100882202153,4.0,1,Riley Park,4,7.911230767375117,51346.34,8329.22,40.74
Nuba in Gastown,Vancouver,49.2827625062516,-123.109646101134,4.0,1,Gastown,19,58.25295567289824,45337.93,11833.53,50.91
Suyo Modern Peruvian,Vancouver,49.2540292,-123.1010659958052,4.5,1,Riley Park,4,35.312608922287225,50767.57,7972.15,38.8
Kozak Ukrainian Restaurant,Vancouver,49.28266968028282,-123.1045676752585,4.6,1,Gastown,18,25.769941909627654,40528.57,11038.37,44.97
Twisted Fork,Vancouver,49.283155,-123.104441,4.1,1,Gastown,17,80.50847009876263,39384.62,10523.52,45.32
Cockney Kings Fish & Chips,Vancouver,49.272672,-123.148627,4.8,1,Kitsilano,3,27.832981356298493,54948.48,8328.06,43.06
The Dirty Apron Delicatessen,Vancouver,49.2805632,-123.1091772,4.5,1,Chinatown,19,96.99520847529544,47288.24,13234.57,49.32
John 3:16 Malaysian Delights,Vancouver,49.26371,-123.12812,4.2,1,Fairview,2,48.203133682204864,55361.54,10785.21,39.89
Marulilu Cafe,Vancouver,49.26338,-123.11415,4.0,1,Mount Pleasant,7,31.853446860580696,56120.0,9816.14,42.82
Moose's Down Under,Vancouver,49.285638,-123.11634,3.9,0,Financial District,17,65.60564823224279,46411.11,14832.34,50.36
Tap & Barrel - Bridges,Vancouver,49.2727468,-123.1359964,4.3,1,Fairview,2,377.35230127381806,53721.43,13074.09,41.17
Hokkaido Ramen Santouka,Vancouver,49.290236,-123.133811,4.2,1,Lower Robson,13,12.129937086738892,45147.54,24598.78,44.21
Wow Full Noodle House,Vancouver,49.28255,-123.1145,4.7,1,Downtown,23,83.57977716485672,48229.27,13973.04,51.12
Brunch,Vancouver,49.2778182,-123.1254634,4.5,1,Granville,26,87.20789157676604,49274.63,23857.68,47.8
Banana Leaf,Vancouver,49.28001,-123.13009,3.6,0,Davie Village,16,64.92180091664216,47289.74,25600.96,48.41
The Mackenzie Room,Vancouver,49.2832349,-123.0948578,4.5,1,Japantown,3,82.75986997150278,35130.77,7868.87,35.62
The Mexican Antojitos Y Cantina,Vancouver,49.2787726,-123.1240268,4.3,1,Granville,31,107.3608701761091,48940.0,23795.76,48.41
Zab Zaab Thai Cuisine,Vancouver,49.27493,-123.12321,4.5,1,Yaletown,19,50.53700969207118,51157.69,20357.6,46.5
Nero Waffles,Vancouver,49.2907208,-123.1339952,4.3,1,Lower Robson,12,60.22554573243856,45147.54,24598.78,44.21
Burger Crush,Vancouver,49.27977707759172,-123.12350184856516,4.3,1,Granville,25,69.2665965867354,48797.18,23263.66,48.41
Okeya Kyujiro,Vancouver,49.27581579131156,-123.1197521,4.8,1,Yaletown,21,97.53086948772436,52132.0,21480.58,47.98
The Northern Cafe and Grill,Vancouver,49.208549754278906,-123.0724741261907,4.7,1,Victoria-Fraserview,0,269.1526903356999,37778.95,5262.36,27.92
Superbaba,Vancouver,49.2633297,-123.1012681,4.6,1,Mount Pleasant,4,36.18236811168609,52568.75,10388.63,50.29
Sooda Korean BBQ,Vancouver,49.28256,-123.10628,4.6,1,Gastown,18,73.97469700318338,41170.37,11010.59,46.96
Caveman Cafe,Vancouver,49.280802324947445,-123.10703500282293,4.4,1,Chinatown,19,10.85113292041144,42812.5,12649.65,47.28
Zarak By Afghan Kitchen,Vancouver,49.266224,-123.1006089,4.5,1,Mount Pleasant,4,29.49789035253302,52485.71,8585.34,50.09
Five Sails Restaurant,Vancouver,49.2880313351364,-123.113292160758,4.4,1,Financial District,11,125.02085569037104,45684.21,9656.4,46.68
Yolks ,Vancouver,49.278737,-123.128973,4.5,1,Davie Village,15,8.127355921869666,48781.08,26130.36,48.11
Bahar Cafe,Vancouver,49.28069,-123.11846,4.8,1,Yaletown,22,40.01429986914926,48505.17,18002.03,50.35
Shizen Ya,Vancouver,49.2808844,-123.1246278,4.3,1,Yaletown,21,132.55770429391694,48484.62,23522.86,48.41
Jerusalem Shawarma,Vancouver,49.280356,-123.118634,4.7,1,Granville,22,79.17196714434743,49063.79,18296.73,50.58
Toyokan Bowl,Vancouver,49.27055,-123.14762,4.7,1,Kitsilano,4,203.17053166414897,54797.44,8793.34,41.54
Elem Vancouver,Vancouver,49.266199,-123.100564,4.3,1,Mount Pleasant,4,31.427079382194197,52485.71,8585.34,50.09
Song,Vancouver,49.2629749,-123.0986667,4.4,1,Mount Pleasant,5,52.72525838719499,50631.43,7019.83,47.97
Meat & Bread,Vancouver,49.2826255017147,-123.109336831057,4.2,1,Chinatown,19,56.99281447592099,45337.93,12068.21,50.98
La Grotta Del Formaggio,Vancouver,49.2688848,-123.0697849,4.3,1,Little Italy,1,95.41351845558349,44605.0,7141.66,37.33
Pink Peppercorn Seafood House,Vancouver,49.2493583,-123.0739159,4.4,1,Little Saigon,0,90.19437534294748,39221.05,7081.01,33.79
Earls Kitchen + Bar,Vancouver,49.281536,-123.12368,3.6,0,Downtown,22,94.75953933089058,47422.37,23280.93,48.55
Yolks,Vancouver,49.2631139,-123.1163529,3.6,0,Fairview,8,27.289613224270283,56396.55,8360.95,38.1
Maruhachi Ra-Men,Vancouver,49.27854065320407,-123.1157914,4.1,1,Yaletown,18,66.46283794191034,50206.12,18095.77,50.6
Le Petit Belge,Vancouver,49.278975790117805,-123.116520502828,4.2,1,Yaletown,18,26.71819240997117,49978.43,18276.77,50.58
Pholicious,Vancouver,49.28297,-123.11279,4.3,1,Chinatown,21,21.585621394134225,48111.11,12889.19,51.19
Osteria Savio Volpe,Vancouver,49.2574913,-123.0909344,4.2,1,Mount Pleasant,1,72.80815574264885,46455.77,9111.05,42.93
Minami,Vancouver,49.2752733,-123.1207029,4.1,1,Yaletown,19,118.4290638563887,51796.0,20869.79,47.75
Oyster Express,Vancouver,49.2792784082144,-123.097397130932,4.5,1,Chinatown,7,22.003842126836325,38194.12,7614.85,41.54
KINTON RAMEN ROBSON,Vancouver,49.27955,-123.117318,4.4,1,Yaletown,21,89.04726163170261,49829.41,17989.5,50.63
Mr Shawarma,Vancouver,49.28526,-123.12075,4.4,1,Downtown,19,41.06660257254003,46052.0,17582.68,49.67
Bodega On Main,Vancouver,49.27548853708847,-123.09968391901442,3.8,0,Strathcona,3,19.200560082215784,40803.57,12065.71,46.37
New Town Bakery & Restaurant,Vancouver,49.280153,-123.101201,3.8,0,Chinatown,13,50.7245616612047,38873.33,12027.22,42.26
Maenam,Vancouver,49.26787,-123.1488979,3.9,0,Kitsilano,3,67.60757269014788,55197.87,9328.23,41.69
iDen & Quan Ju De Beijing Duck House,Vancouver,49.26021,-123.1148451,3.6,0,Fairview,8,24.224472265820076,55070.27,8103.33,38.98
Gyu-Kaku Japanese BBQ,Vancouver,49.28031,-123.12467,4.0,1,Granville,19,69.91408107937275,48620.78,23281.34,47.96
Banana Leaf,Vancouver,49.26302,-123.1225,3.7,0,Fairview,5,47.78477201639204,55465.71,10228.27,39.65
Burgoo Bistros,Vancouver,49.25765498958033,-123.100815,3.9,0,Mount Pleasant,2,59.3212968188686,50885.71,8648.13,42.96
La Taqueria Pinche Taco Shop,Vancouver,49.263617,-123.112593,4.2,1,Mount Pleasant,7,135.11039422200693,55803.57,9629.0,43.51
New Fuji,Vancouver,49.27082027992868,-123.14700923860072,4.3,1,Kitsilano,4,173.76365364293565,54656.76,8619.11,41.65
Alley 16,Vancouver,49.257017,-123.11474,4.6,1,Mount Pleasant,1,19.86118842075381,55255.88,8169.45,37.53
Vonns,Vancouver,49.28724,-123.14124,4.5,1,Lower Davie,3,21.324130578282823,45635.09,24715.08,44.79
Fat Mao,Vancouver,49.27881,-123.09893,4.0,1,Chinatown,7,52.158278640314904,38531.25,9012.49,41.88
Les Faux Bourgeois,Vancouver,49.2572813531481,-123.089767330802,3.9,0,Mount Pleasant,1,43.73532179066232,46181.63,8943.99,42.35
Kook Korean BBQ,Vancouver,49.26894,-123.04565,4.2,1,Hastings-Sunrise,0,94.1170448428135,35914.29,6069.4,30.06
Dovetail,Vancouver,49.27599363324675,-123.120331,4.3,1,Yaletown,24,138.4214740908193,51988.24,21308.05,48.13
Thierry,Vancouver,49.2848818,-123.1228949,4.0,1,Downtown,16,85.16217353199482,45468.75,19171.58,49.57
Horin Tonkotsu Ramen ,Vancouver,49.28617,-123.12749,4.2,1,Lower Robson,10,13.16158346915599,45221.92,22052.17,47.42
Score on Davie,Vancouver,49.2823221457395,-123.134614739512,4.3,1,Lower Davie,3,30.701075416589315,45461.04,22773.07,48.79
Ray's,Vancouver,49.275365,-123.121483,4.5,1,Yaletown,19,93.73612079133004,51750.0,19022.15,47.32
CHOCHO Hot Pot,Burnaby,49.231234,-123.006943,4.5,1,Metrotown,20,47.48794482029249,34352.94,8438.16,37.43
John 3:16 Malaysian Delights,Burnaby,49.22494698851795,-122.9900406,4.5,1,Metrotown,6,51.85658073480115,33391.67,7172.09,40.64
The Meat Up,Burnaby,49.2254546362785,-122.98992646931154,4.1,1,Metrotown,6,27.30642952370444,32742.86,7153.16,41.13
White Lotus Cafe,Burnaby,49.2656111504516,-122.97883607144,4.5,1,,1,151.5538498826411,39566.67,3498.82,28.95
Saku,Burnaby,49.26543,-123.005428,4.5,1,Brentwood,14,164.0637985831454,43350.0,6948.55,48.74
22's Grill,Burnaby,49.2430980643898,-122.969388433881,4.4,1,,1,121.50760738706909,37160.0,1767.4,25.5
Atlas Steak + Fish,Burnaby,49.256747,-123.006931,4.0,1,Brentwood,1,325.48711452036963,38457.14,1059.86,24.93
Gokudo Shabu Shabu,Burnaby,49.230168460812294,-123.0038528105504,4.4,1,Metrotown,20,124.93109401135504,33788.89,11655.46,39.43
Shanghai Dimsum House,Burnaby,49.2294464,-123.0044077,4.0,1,Metrotown,21,84.53596543318454,33788.89,11655.46,39.43
Living Room Lounge,Burnaby,49.2551,-123.02032,4.5,1,Cascade Heights,4,94.10522432141843,38485.71,2455.2,28.49
Korea Noodle House,Burnaby,49.229066,-123.004751,4.2,1,Metrotown,21,80.97559136044138,34248.65,8985.11,39.16
Haidilao Hotpot Brentwood,Burnaby,49.267417,-123.00189,4.6,1,Brentwood,13,82.71339286511865,41685.71,6598.09,46.03
Wild Flour Pizza,Burnaby,49.2584540319258,-122.955439905848,4.7,1,,0,18.42856685539312,41927.27,2754.06,23.84
Singapore Hawker,Burnaby,49.218768,-122.96447913871704,4.1,1,Edmonds,6,58.09646082189814,36728.0,7219.07,32.88
Wild Thyme,Burnaby,49.2092291,-122.932308,4.4,1,Kelvin,9,7.210249857936038,40412.5,6519.26,30.84
Safari Snack House And Grill,Burnaby,49.239118670642895,-122.96287338465577,3.9,0,Buckingham Heights,3,81.58289124261282,44600.0,2071.61,28.33
Kokoro Tokyo Mazesoba,Burnaby,49.228287011321385,-123.00315331667662,4.0,1,Metrotown,19,63.18454567877673,33705.26,10982.18,39.28
STEM Japanese Eatery,Burnaby,49.21497276456137,-122.98816101534425,4.2,1,Royal Oak,3,26.203189289248975,36630.0,4651.66,35.77
Jovo the Butcher,Burnaby,49.22185,-122.94565,5.0,1,Edmonds,9,15.603469532510848,35620.69,6699.1,32.51
OEB Breakfast,Burnaby,49.267442,-123.002595,4.1,1,Brentwood,13,37.45148749364946,41685.71,6598.09,46.03
Siam Le Bien,Burnaby,49.2813,-123.01068,4.3,1,Burnaby Heights,11,104.92701602967324,40544.0,5347.52,26.59
Takara Sushi,Burnaby,49.2545851,-123.0220016,4.4,1,Cascade Heights,4,41.123497840677615,38320.0,2574.45,28.44
囍·澳门特色打边炉  Authentic Macau Hot Pot,Burnaby,49.2277884925998,-123.00316795158996,4.3,1,Metrotown,17,77.98842141883762,33473.68,10719.99,39.53
Burnaby Mountain Clubhouse,Burnaby,49.265138,-122.943048,4.1,1,,0,437.9658066973759,40654.55,2766.8,23.87
Green & Oak Malaysian Restaurant,Burnaby,49.28081,-123.02185,3.9,0,Burnaby Heights,5,45.81374543729924,41555.56,4704.76,27.91
Grand Chinese Restaurant,Burnaby,49.266893,-123.004262,4.0,1,Brentwood,13,96.06644588915792,42618.18,6874.09,46.95
Birdies,Burnaby,49.2655537242762,-123.01959240000002,4.0,1,West Central Valley,1,173.61685169445312,35860.0,4277.68,40.35
The Viet Noodle Guy,Burnaby,49.26721987665755,-123.00572763320037,4.1,1,Brentwood,14,175.13172001620177,42440.0,6719.06,47.4
Portobello Restaurant,Burnaby,49.280764,-123.013394,4.7,1,Burnaby Heights,12,21.351661702704902,40571.43,5372.39,27.75
NamPo,Burnaby,49.22620549734934,-122.9917955,4.4,1,Metrotown,6,20.862207921265018,32180.95,9216.81,41.76
Little Minh's,Burnaby,49.1990675,-122.9799962,4.3,1,Big Bend,1,102.49342945815351,42400.0,151.96,24.57
Masita Korean Cuisine,Burnaby,49.218978345984,-122.969008660356,3.9,0,Edmonds,4,48.83162182960846,37009.09,5862.87,33.77
Cactus Club Cafe,Burnaby,49.22775581945971,-123.00329214418927,3.9,0,Metrotown,17,73.5643124413995,33473.68,10719.99,39.53
Sooda Korean BBQ,Burnaby,49.2680924,-123.0003773,4.1,1,Brentwood,13,188.29919185898305,41692.31,6649.43,46.58
Burnt Orange,Burnaby,49.280836,-123.007658,4.5,1,Burnaby Heights,7,37.320244952539966,39046.15,5128.25,26.86
Horin Ramen,Burnaby,49.22901506843291,-123.00505047055158,4.5,1,Metrotown,21,59.18017182690141,34311.11,9118.39,39.18
Blue Coast,Burnaby,49.23466,-123.0246,4.5,1,Renfrew-Collingwood,0,29.45548026621762,36373.68,7374.77,36.52
Riverway Clubhouse Restaurant,Burnaby,49.200617,-122.990237,3.5,0,Big Bend,0,666.8768350188325,41466.67,231.87,24.54
La Forêt,Burnaby,49.2212819390063,-122.995836958493,3.7,0,Royal Oak,0,188.95211046517792,33271.43,8714.52,42.14
The Keg Steakhouse + Bar,Burnaby,49.2596278,-123.0019108,3.9,0,Brentwood,1,242.1350011051444,39933.33,2722.52,51.12
Chettinad Dosa Palace,Burnaby,49.23933,-122.96364,3.2,0,Buckingham Heights,3,24.168986470276828,44600.0,2071.61,28.33
SOCRATES in the Heights,Burnaby,49.2811430405355,-122.998363226652,4.5,1,,3,104.8685680567561,38950.0,4311.55,27.52
Chad Thai,Burnaby,49.2809351,-123.0160318,4.1,1,Burnaby Heights,12,19.227414688731916,41379.31,5298.89,27.68
Claudio's,Burnaby,49.265511702879046,-123.00492429325408,3.8,0,Brentwood,14,127.01096010475398,43350.0,6948.55,48.74
Gaon  Korean Cuisine,Burnaby,49.223246,-122.982823,4.2,1,Royal Oak,4,48.681159544549885,35010.0,5508.89,39.07
Tendon Kohaku,Burnaby,49.2278910406839,-123.00348046083376,3.7,0,Metrotown,18,53.28932910126633,33621.62,11244.19,39.71
Trattoria by Italian Kitchen,Burnaby,49.23020501851105,-123.0039327,3.2,0,Metrotown,20,121.88640533800285,33788.89,11655.46,39.43
Fraser Park Restaurant,Burnaby,49.1941802,-122.9979206,4.2,1,Big Bend,0,223.78084948510548,46000.0,97.3,26.15
Chao Shou Wang,Burnaby,49.2290734,-123.0048795,4.1,1,Metrotown,21,71.70231884363928,34248.65,8985.11,39.16
Sushi Taku,Burnaby,49.23982721439047,-123.03001648836062,4.3,1,Renfrew-Collingwood,0,33.27994742620727,35595.35,9237.17,37.09
Hiel Cafe,Burnaby,49.2190187,-122.92795,4.3,1,Edmonds,5,34.729896975814555,38866.67,5978.42,25.91
MYST Asian Fusion,Burnaby,49.21936313246308,-122.9706842,3.6,0,Edmonds,4,66.04681030078137,36843.48,5392.62,33.61
La Forêt - Royal Oak,Burnaby,49.2203,-122.98637,4.3,1,Royal Oak,1,133.94889141333147,34513.04,5981.72,39.49
Chào Mámi,Burnaby,49.2808832078838,-123.014717570458,4.0,1,Burnaby Heights,11,37.2978679904511,41385.71,5259.68,27.72
Argo Greek Cuisine Pizza Pasta,Burnaby,49.2544359,-123.02071005595984,4.2,1,Cascade Heights,4,70.26031146107509,38320.0,2574.45,28.44
JOEY Burnaby,Burnaby,49.2669122,-123.0066466,3.7,0,West Central Valley,14,124.4337710977032,42440.0,6719.06,47.4
Taku Japanese Kitchen,Burnaby,49.21462,-122.98827,4.8,1,Royal Oak,3,36.20218975749076,36630.0,4651.66,35.77
Chen,Burnaby,49.28086095595619,-123.0091730738817,4.1,1,Burnaby Heights,12,30.217364830944643,39917.24,5180.7,26.93
Wang's Shanghai Cuisine,Burnaby,49.232843,-123.034814,4.3,1,Killarney,1,76.830240166278,35114.29,9657.74,35.87
Big Way Hot Pot,Burnaby,49.2310987,-123.0083309711633,4.0,1,Metrotown,17,38.16132017237322,34411.11,8326.47,37.23
Kokoro Tokyo Mazesoba,Burnaby,49.26695219266848,-123.00631798803806,4.3,1,Brentwood,14,147.22052006129732,42440.0,6719.06,47.4
Adam's Crepes,Burnaby,49.2149649,-122.9880349,4.6,1,Royal Oak,3,33.07828218617082,36630.0,4651.66,35.77
Tenen,Burnaby,49.21549,-122.98895,4.2,1,Royal Oak,3,55.39353496467237,36470.0,4799.3,36.08
Kimshaker,Burnaby,49.2332,-123.013747,4.4,1,Metrotown,4,97.68072866858914,35715.15,7085.54,36.3
B&D Authentic Viet Cuisine,Burnaby,49.21818434432872,-122.9578841,3.8,0,Edmonds,3,39.2927189817689,36696.3,9483.63,34.69
El Inka Latin Deli,Burnaby,49.24941,-123.01912,4.4,1,Cascade Heights,1,73.93760166366076,37523.81,3196.32,28.43
Earls Kitchen + Bar,Burnaby,49.2279486,-123.0027748,3.9,0,Metrotown,17,95.04734729991688,33473.68,10719.99,39.53
Bow & Stern,Burnaby,49.2681023,-123.0000943,3.7,0,Brentwood,13,195.86641049604037,40866.67,6686.64,45.36
Cockney Kings Fish & Chips,Burnaby,49.28005299920758,-122.96652586933914,4.0,1,,0,98.50507905061608,35500.0,3352.88,29.86
Saffron Indian Cuisine,Burnaby,49.2311623,-123.0085405,3.8,0,Metrotown,16,40.095965213740776,34411.11,8326.47,37.23
Time & Place Kitchen | Bar,Burnaby,49.22869,-123.004102,3.7,0,Metrotown,21,52.84570045052068,33911.11,11860.32,39.4
Aroma Eatery,Burnaby,49.228417734136464,-123.00491628393937,4.4,1,Metrotown,21,68.97533659143839,34248.65,8985.11,39.16
Viva Sue Pizza,Burnaby,49.2391579,-122.9625575,4.2,1,Buckingham Heights,3,99.8893565523952,44600.0,2071.61,28.33
Balkan House,Burnaby,49.22219,-122.94393,3.4,0,Eastburn,7,53.82136269354259,35641.38,6502.64,32.3
The One Restaurant,Burnaby,49.2211721,-122.9774371,3.4,0,Royal Oak,2,135.77589051718357,36294.74,5076.48,33.98
Soup Meister,Burnaby,49.31028,-123.08191,4.3,1,The Shipyards,0,80.5741142456469,46221.05,12198.43,36.37
Hart House Restaurant,Burnaby,49.23804,-122.96671,3.7,0,Buckingham Heights,3,201.1590523549599,43120.0,1371.52,27.41
Pho Hong Vietnamese Restaurant,Burnaby,49.2213203,-122.9769818,2.9,0,Royal Oak,2,110.31028575075308,36294.74,5076.48,33.98
Big Way Hot Pot,Burnaby,49.23150769999999,-123.0094545,3.6,0,Metrotown,16,18.542283816402364,34411.43,7981.39,37.47
L'Artista,Burnaby,49.281231129459975,-123.0188885,4.0,1,Burnaby Heights,9,17.0807312911245,41911.11,4951.6,27.37
Anatolia's Gate Restaurant,Burnaby,49.2183151,-122.9579254,3.8,0,Edmonds,3,24.522354696911258,36696.3,9483.63,34.69
The Bao Place,Burnaby,49.21942124951652,-122.9500496,4.3,1,Edmonds,4,23.435778095054633,35827.59,8974.74,34.08
Golden Pita Lebanese Restaurant,Burnaby,49.2531819933441,-122.897602039217,4.2,1,Sullivan Heights,1,55.44299163381336,39330.0,6122.74,36.79
Sushi U,Burnaby,49.2654624429451,-122.978147623681,4.5,1,,1,105.42015742716022,39566.67,3498.82,28.95
Agra Tandoori Restaurant,Burnaby,49.25443,-123.02066,3.9,0,Cascade Heights,4,73.67580303984616,38320.0,2574.45,28.44
Shanghai Fortune Cuisine,Burnaby,49.22954179328731,-123.0046759319506,3.9,0,Metrotown,21,75.49461618849132,33954.29,12329.57,39.62
Mongo Bongo,Burnaby,49.2135179,-122.9193884,3.9,0,Queens Park,33,31.935530902596696,42781.25,6773.7,28.82
1003 Brunch & Dessert,Burnaby,49.22447173359129,-122.9899072,4.1,1,Metrotown,6,96.7283960153684,33391.67,7172.09,40.64
Cayenne Bistro & Grill,Burnaby,49.2213856,-122.9309353,4.8,1,Edmonds,6,23.449188942580275,38816.0,5363.64,26.69
Zaaki Cuisine,Burnaby,49.2131145,-122.9200483,4.6,1,Queens Park,33,35.224333949416874,42805.71,6858.32,28.93
Kozak Ukranian Eatery,Burnaby,49.2114757572234,-122.918422905028,4.4,1,Queens Park,33,4.263127399654022,43474.29,7168.23,30.17
Midam Rice Cake House,Burnaby,49.24411305860233,-122.89468909572412,3.4,0,Lougheed,3,140.32617577617685,37657.14,4514.42,36.63
Chicko Chicken Korean Style,Burnaby,49.2191861,-122.9505083,4.1,1,Edmonds,3,10.2410759231389,35827.59,8974.74,34.08
Kimbap Cheonguk,Burnaby,49.2446982,-122.8918313,4.4,1,Cariboo,3,59.7410003891559,37828.57,4496.36,36.55
H&P Noodle House,Burnaby,49.281271,-123.015823,3.9,0,Burnaby Heights,12,34.123567014124866,41357.14,5283.1,27.55
Pearl Hot Pot,Burnaby,49.2188387,-122.964481,3.3,0,Edmonds,6,61.37495804899288,36730.77,6991.83,32.62
Afghan Turkish Cuisine,Burnaby,49.2807738,-123.0028986,4.0,1,Brentwood,4,43.03528267297643,38016.67,4816.52,27.28
Sushi Bar Kilala,Burnaby,49.2811517065771,-122.995635763696,4.3,1,,2,20.62392417131986,39286.96,4257.38,27.79
Green Leaf Cafe,Burnaby,49.2533051,-122.8982928,4.1,1,Sullivan Heights,1,10.107785601600993,39388.89,5947.49,36.07
Nén,Burnaby,49.224096740087546,-122.9416219,4.1,1,Eastburn,8,24.83212547585518,36333.33,5633.45,31.64
#CHIBOP,Burnaby,49.2677387,-123.0064866,4.5,1,Brentwood,14,196.9007794791919,41963.64,6709.49,46.76
Katsuya,Burnaby,49.26175,-122.89038,4.4,1,Burquitlam,0,44.220832635783026,39522.22,5240.59,39.53
Olove Greek Kitchen,Burnaby,49.2804849,-122.9779067,4.0,1,,0,133.96709030175688,38189.47,1934.91,28.67
CM Chicken,Burnaby,49.22732659553047,-122.99451665152054,4.3,1,Metrotown,5,30.1107818267113,32644.44,9287.55,42.23
Tap & Barrel - Brentwood,Burnaby,49.26741280132382,-123.00188253558166,4.2,1,Brentwood,13,83.38683332821836,41685.71,6598.09,46.03
Gyubee Japanese Grill,Burnaby,49.1712466,-123.1351984,4.3,1,Lansdowne Village,0,156.18427664862682,29482.35,7175.94,36.75
The Gray Olive Cafeteria,Burnaby,49.2807699,-123.01164,4.1,1,Burnaby Heights,11,132.5511231088864,40544.0,5347.52,26.59
Barcelos Flame Grilled Chicken,Burnaby,49.19813330438935,-122.97878590283268,3.8,0,Big Bend,1,107.366702589156,42400.0,151.96,24.57
Simba’s Grill,Burnaby,49.2545127,-123.0231251,4.0,1,Cascade Heights,4,25.3621457535035,37911.11,2848.93,28.8
Porker Face,Burnaby,49.266783,-123.004713,4.4,1,Brentwood,13,130.68217287710726,42440.0,6719.06,47.4
No.1 Beef Noodle House,Burnaby,49.2425291,-123.004037333135,3.4,0,Garden Village,0,40.11108531161049,38830.77,2617.73,27.29
BIN 4 Burger Lounge,Burnaby,49.2641572,-123.022698,4.0,1,West Central Valley,1,62.43334108167189,35620.0,4635.55,40.89
Butchers Block BBQ,Burnaby,49.28129,-123.01453,3.8,0,Burnaby Heights,11,68.4656790233383,41385.71,5259.68,27.72
Hooray Cafe & Coffee Lab,Burnaby,49.24362,-122.969446,5.0,1,Metrotown,1,179.67660556729916,37160.0,1767.4,25.5
Manjal South Indian Kitchen,Burnaby,49.2232674,-122.9428279,4.4,1,Edmonds,8,22.6373349510798,36169.23,5831.63,32.12
Yasser’s Cafe,Burnaby,49.249928600037144,-123.01896657748732,4.7,1,Cascade Heights,1,55.92158149892166,37600.0,3123.19,28.27
Indian Bombay Bistro,Burnaby,49.2231570510965,-122.932603361937,3.9,0,Edmonds,5,41.38761230520458,38141.67,5132.26,25.8
Chongqing,Burnaby,49.22671131459038,-122.99363543518692,3.4,0,Metrotown,6,31.32503834109909,32141.67,9633.84,42.42
Onggi Korean Cusine,Burnaby,49.24377273960674,-122.8933061286807,4.1,1,Lougheed,3,65.43782906968416,37920.0,4384.91,36.17
Galbi Korean BBQ Kingsway,Burnaby,49.23111096061143,-123.00824046134947,4.2,1,Metrotown,18,35.19776538423224,34411.11,8326.47,37.23
Amay’s House,Burnaby,49.23446,-123.036137,4.3,1,Collingwood,1,4.072036613046238,35038.1,9737.98,36.45
Indian Wok,Burnaby,49.2248408,-122.9884673,4.2,1,Royal Oak,6,15.330352062064131,33826.09,6302.41,39.94
Patsara Thai Restaurant,Burnaby,49.204305,-122.908055,4.0,1,Downtown,26,67.5763603966249,45314.29,9737.79,43.54
Taverna Greka Restaurant,Burnaby,49.2049414,-122.9043168,4.1,1,Downtown,14,53.540332482576936,45386.67,10691.55,47.19
WhataFood Brazilian Street Food,Burnaby,49.2010175,-122.9131833,4.5,1,Downtown,40,6.8001744146766505,44968.42,13227.66,41.0
El Comal,Burnaby,49.247876818077,-122.940112248954,3.9,0,,0,351.8964206451858,42800.0,844.53,22.86
Pizza Garden,Burnaby,49.2252262,-123.0037541,4.0,1,Metrotown,14,57.80952378039513,33366.67,11336.84,40.83
La Querida,Burnaby,49.22946626623539,-123.0052947,4.5,1,Metrotown,21,32.434141407437174,34365.71,9341.12,39.39
Hello Nori,Burnaby,49.26780681630291,-123.00235434393312,4.1,1,Brentwood,13,45.60242102592843,41685.71,6598.09,46.03
Mumbaiyaa Street Foods,Burnaby,49.28087,-123.012439,4.7,1,Burnaby Heights,12,73.62661658991756,40444.44,5389.34,27.92
Joy Sushi,Burnaby,49.2643086657704,-123.010636587766,3.9,0,West Central Valley,6,218.85821564102,44800.0,7341.65,48.95
Motonobu Udon,Burnaby,49.2813968,-123.0280718,4.2,1,Hastings-Sunrise,2,69.1878454650198,41263.16,3530.19,29.17
Sushi Modo,Burnaby,49.225836,-122.937422,4.3,1,Eastburn,4,61.59187603503072,37336.36,5264.4,29.36
Afghan Kabul Kebab Donair,Burnaby,49.2808,-123.01483,4.8,1,Burnaby Heights,11,40.6972879737401,41385.71,5259.68,27.72
Cioffi's Meat Market & Deli,Burnaby,49.2809151,-123.0125253,3.7,0,Burnaby Heights,12,66.7023069088609,40444.44,5389.34,27.92
Kim's Korean Waffles and Pancakes,Burnaby,49.24391068955245,-122.89353297814628,4.6,1,Lougheed,3,68.50254688015328,37920.0,4384.91,36.17
Fung May,Burnaby,49.2288939318384,-123.004783375498,3.4,0,Metrotown,21,80.04942861832646,34248.65,8985.11,39.16
Sushi On,Burnaby,49.22336826591775,-122.9432077,4.2,1,Eastburn,7,35.1028410234469,36128.0,5858.94,32.25
X-Site Grill & Bistro,Burnaby,49.2811349,-122.9993576,3.8,0,,3,100.86306327871196,38533.33,4488.77,27.64
Pinoy Cravings,Burnaby,49.21947050000001,-122.9499774,4.3,1,Edmonds,4,22.23797168882622,35827.59,8974.74,34.08
Pho Den,Burnaby,49.21985466539446,-122.970256331213,3.9,0,Edmonds,4,86.89345573828749,36936.36,5314.99,33.49
Just Waffles,Burnaby,49.28128196346295,-123.02744138985872,4.5,1,Hastings-Sunrise,2,75.43440879827192,40990.48,3543.92,28.77
Queen's Meat & Deli,New Westminster,49.2135565,-122.9106876,5.0,1,Queens Park,0,31.22705598551098,44837.04,7597.15,32.89
El Santo,New Westminster,49.2022405,-122.9093807,3.7,0,Downtown,40,114.60716691044524,45640.0,11793.24,41.43
Taqueria Playa Tropical,New Westminster,49.2097840906051,-122.91639733055,3.7,0,Glenbrooke North,31,11.186274526353683,43569.23,8675.43,36.77
Han Lin Noodle House,New Westminster,49.210381277082135,-122.91715603819992,3.5,0,Glenbrooke North,31,27.097919847174257,43654.05,7978.02,34.15
Columbia Street Sandwich,New Westminster,49.2034109,-122.9071758,4.6,1,Downtown,28,5.19795007741031,44610.53,10681.25,44.85
The Spud Shack Fry,New Westminster,49.20095020309591,-122.91302027887068,4.0,1,Downtown,40,14.05075523991516,44968.42,13227.66,41.0
Piva Modern Italian,New Westminster,49.201547,-122.911386,4.0,1,Downtown,43,45.168665642264926,45542.86,11943.34,40.92
The Old Spaghetti Factory,New Westminster,49.201925687134,-122.91260507829,3.5,0,Downtown,43,28.802673925460553,45381.82,12053.81,40.88
Angelina's,New Westminster,49.200022,-122.91173,3.9,0,Quayside,38,103.91123827365422,45266.67,13328.24,41.04
Artusi Restaurant,New Westminster,49.2105935011629,-122.917292262862,4.0,1,Glenbrooke North,31,38.978269103126806,43631.58,7870.36,34.03
Longtail Kitchen,New Westminster,49.1997723,-122.9124427,4.0,1,Quayside,36,114.83345798353098,45266.67,13328.24,41.04
Sixth Street Grill,New Westminster,49.2108238069653,-122.917073781025,3.7,0,Queens Park,31,45.67750953786394,43513.51,7737.71,32.61
Cockney Kings Fish & Chips,New Westminster,49.2008661133601,-122.916763893224,4.0,1,Downtown,30,81.51006500789518,44304.76,13184.49,40.17
The Tannenbaum Restaurant,New Westminster,49.201090932901955,-122.9177160369112,4.0,1,Downtown,28,123.16062884063106,43616.67,12330.37,40.15
Amelia Restaurant,New Westminster,49.20876,-122.93227,4.3,1,West End,8,15.096433506934758,40554.84,6391.15,30.74
The Hide Out Cafe,New Westminster,49.2029257,-122.9108691,4.2,1,Downtown,41,175.91424216647627,45478.26,11258.13,40.57
The Old Bavaria Haus,New Westminster,49.208524,-122.914146,3.2,0,Queens Park,12,28.406884950763263,43675.68,9306.59,38.35
6th Ave Bread & Deli,New Westminster,49.2120019089755,-122.922128466349,4.4,1,Brow of the Hill,34,115.2138202952034,42475.68,7978.66,30.64
Jokim Kitchen,New Westminster,49.2123946,-122.92115999999676,4.1,1,Brow of the Hill,34,62.25104422953128,42678.79,7867.68,29.6
Banette,New Westminster,49.212666374930784,-122.9200253,4.5,1,Queens Park,34,69.50353216315067,42678.79,7867.68,29.6
Yianni's Greek Taverna,New Westminster,49.2124240808659,-122.919168452339,3.7,0,Queens Park,34,54.94632018136112,43211.76,6869.19,29.51
Massawa Restaurant,New Westminster,49.21062,-122.91767,3.9,0,Queens Park,31,65.83858807695167,43427.03,7872.3,33.18
L’Onore Pizza,New Westminster,49.21402,-122.89781,4.6,1,McBride Sapperton,2,134.26409648357887,48044.44,5521.6,34.25
Anny's Dairy Bar,New Westminster,49.214855,-122.922433,4.3,1,Glenbrook,24,112.96958682518373,41381.25,7339.84,27.75
Sushi Well,New Westminster,49.2126787,-122.9200936,4.0,1,Queens Park,34,64.42799273522236,42678.79,7867.68,29.6
Ikoi Sushi,New Westminster,49.23018,-122.89239,4.4,1,Sapperton,5,36.33541325644421,47485.71,2842.66,32.88
IT Char Burger,New Westminster,49.222413,-122.9122126,4.5,1,Glenbrook,2,70.55956556689729,45312.5,3656.72,23.77
North Noodle House,New Westminster,49.200992,-122.913094,3.9,0,Downtown,40,7.728358847031394,44968.42,13227.66,41.0
Burger Heaven,New Westminster,49.20138,-122.91604,3.6,0,Downtown,32,105.11786509315246,44017.39,13388.14,40.6
Dine Kanadiyan,New Westminster,49.21197868804981,-122.9211672344025,3.7,0,Uptown,34,107.2856563785203,42628.57,8203.92,30.47
Big Star Sandwiches,New Westminster,49.2021828,-122.9094816,3.9,0,Downtown,40,124.24735072062246,45640.0,11793.24,41.43
Banh Mi Bar Restaurant,New Westminster,49.20279527932723,-122.91101334289716,4.7,1,Downtown,41,158.02475833481688,45478.26,11258.13,40.57
Re-Up BBQ,New Westminster,49.2000834965815,-122.911374465514,3.8,0,Quayside,39,115.1586961506152,45623.53,13453.29,41.23
Jim's Cafe,New Westminster,49.2120564,-122.9192509,3.9,0,Queens Park,34,36.64650885894658,43440.0,6987.53,29.91
Sushi Yen,New Westminster,49.2038975160565,-122.908591367304,3.8,0,Downtown,35,48.84170443196737,45781.82,10499.6,41.29
Chaiiwala,New Westminster,49.21238,-122.920151,4.2,1,Queens Park,34,81.36437259206687,42776.47,7837.76,29.76
Arvind's Curry & Cocktail,New Westminster,49.2107666,-122.917511,3.1,0,Queens Park,31,62.25551944137194,43277.78,7827.2,33.12
Shawarma Corner,New Westminster,49.2029499,-122.9086533,4.5,1,Downtown,37,22.809003818419907,45409.52,11548.61,41.4
Thai New West,New Westminster,49.229001,-122.89251,3.8,0,Sapperton,6,155.3501471362809,47485.71,2842.66,32.88
Kushi Mura Japanese Izakaya,New Westminster,49.2018489,-122.9127047,3.2,0,Downtown,43,18.699237916749755,45381.82,12053.81,40.88
Epic Grill Silogs + Sans Rival,New Westminster,49.190376,-122.9364904,4.1,1,Queensborough,0,46.668524743397455,43666.67,2969.05,32.39
Coasters Coffee,New Westminster,49.20435909515937,-122.9090041723834,4.3,1,Downtown,30,11.686404107103089,45216.67,10564.71,41.07
Tina Vietnamese Cuisine,New Westminster,49.20230997138088,-122.91254500292511,4.5,1,Downtown,43,64.0833767642317,44848.0,11666.17,40.58
Balai in the Borough,New Westminster,49.19034444678847,-122.949241,3.8,0,Queensborough,0,235.39808314256288,39350.0,3159.37,31.54
Kioku Kitchen,New Westminster,49.2015316664854,-122.9134644,4.4,1,Downtown,42,5.037436097379291,45036.36,12659.45,40.56
Sanjo Sushi Asian Cuisine,New Westminster,49.212860664254805,-122.92019516255849,4.4,1,Queens Park,34,51.367230225691905,42678.79,7867.68,29.6
Donair Star,New Westminster,49.2083493,-122.93167515413184,4.0,1,Kelvin,8,19.906989264829072,40737.5,6722.05,31.11
Victoria Sushi,New Westminster,49.213378,-122.89888,4.0,1,McBride Sapperton,2,74.72363614511663,49080.0,5420.69,33.61
Stefanos Restaurant,New Westminster,49.2054199,-122.90424,3.0,0,Downtown,11,97.57695200193736,46200.0,10105.08,46.28
Shiok,New Westminster,49.208416,-122.931803,4.6,1,Kelvin,8,26.638359207594863,40654.55,6538.73,30.88
Flavor Balance Espresso Bar,New Westminster,49.21223,-122.9205,4.3,1,Brow of the Hill,34,82.64344125518681,42937.14,7956.73,29.95
Bubble World,New Westminster,49.2048187,-122.9100876,3.3,0,Downtown,30,16.291687400495046,45157.14,10938.65,40.22
Sushi Simagoya,New Westminster,49.1849621482515,-122.949424850882,4.6,1,Queensborough,0,71.99292479516438,41040.0,3192.06,31.18
Pho Chan,New Westminster,49.2228583293267,-122.914227216925,3.8,0,Glenbrook,2,118.54768216059573,43610.53,4251.95,25.1
Pizzeria Ludica,New Westminster,49.2040696455815,-122.909304314068,3.5,0,Downtown,35,31.194875463249645,45424.0,10681.43,40.37
Royal Tandoori Indian Restaurant,New Westminster,49.20512,-122.90983,3.7,0,Downtown,28,28.689246605581232,44830.77,10787.81,41.12
4 Seasons Chaat House,New Westminster,49.210675,-122.917569,3.6,0,Queens Park,31,61.02765482357659,43277.78,7827.2,33.12
Greens & Beans Deli,New Westminster,49.2229306,-122.8931559,4.3,1,McBride Sapperton,2,59.44178253651432,47709.09,4128.88,32.82
Sichuan Yummy Food - Wonton House,New Westminster,49.20607,-122.92832,4.7,1,Brow of the Hill,7,22.169687524815203,41090.91,7620.04,32.29
Moodswing Coffee And Bar,New Westminster,49.2022517,-122.9085935,4.0,1,Downtown,37,87.93006819751204,45640.0,11793.24,41.43
Vadapav Mirchi By Geeta,New Westminster,49.20864846389665,-122.94274322034968,4.5,1,West End,0,236.91462277921508,41040.0,4918.31,30.5
Pho Angkor Noodle House,New Westminster,49.2012551,-122.9169549,4.5,1,Downtown,30,126.45529575491987,44054.55,13236.38,40.14
Desi Turka Indian Cuisine,New Westminster,49.220269,-122.929508,3.9,0,Edmonds,6,15.050497167850285,39200.0,5620.64,25.92
Woomi Sushi,New Westminster,49.2225852,-122.914627,4.3,1,Glenbrook,2,78.20115604453432,43190.0,4431.61,24.41
Pizza Pizzeria,New Westminster,49.2308488,-122.9058827,4.2,1,Victory Heights,0,336.0451375952691,45576.47,3671.31,26.05
FusionCore Japanese Eatery,New Westminster,49.2194467307934,-122.927554920316,3.9,0,Edmonds,5,30.98443043921845,39176.92,5793.44,25.57
The Taco Factory,New Westminster,49.22904,-122.89241,3.4,0,Sapperton,6,158.65864555678365,47507.69,2863.2,33.38
Big Way Hot Pot,New Westminster,49.20104990676527,-122.91260437496535,4.7,1,Downtown,43,26.18922360811675,45340.0,12487.04,40.7
The Chopped Leaf,New Westminster,49.2122867,-122.9190461,3.5,0,Queens Park,34,37.31630830470253,43211.76,6869.19,29.51
Sushi Heaven,New Westminster,49.2306827,-122.8929216,3.8,0,Sapperton,5,31.69647263728694,47485.71,2842.66,32.88
Henry's Kitchen Pasta & Grill,New Westminster,49.27694,-122.85777,4.7,1,,0,108.18582094739348,52000.0,1200.77,31.44
Abyssinia Ethiopian Restaurant,New Westminster,49.2224351,-122.9437792,3.9,0,Eastburn,7,75.45647776421812,36028.57,6393.02,32.68
gastronomia Italia,New Westminster,49.20325393435578,-122.90812679573745,4.4,1,Downtown,36,30.42443743905889,45160.0,11465.69,42.25
Hi Dozo Sushi,New Westminster,49.212302836833665,-122.9218728,3.1,0,Brow of the Hill,34,99.30543488465428,42377.78,8010.24,30.51
Sora Sushi House,New Westminster,49.20252,-122.91375,4.5,1,Downtown,43,99.11414369783078,44544.0,12191.63,40.28
Tasty Indian Bistro,New Westminster,49.1547435,-122.8905949,4.3,1,Kennedy,2,104.39282974158655,35307.69,5736.59,32.29
Mean Poutine,New Westminster,49.21308,-122.91995,4.3,1,Queens Park,33,35.16011161453043,42805.71,6858.32,28.93
Kojima Sushi,New Westminster,49.2106056213379,-122.917495727539,2.8,0,Queens Park,31,53.27672035922984,43427.03,7872.3,33.18
Pho Ace,New Westminster,49.2131832,-122.9197982,4.0,1,Queens Park,33,21.218496109838068,42805.71,6858.32,28.93
Ho Fung,New Westminster,49.215071,-122.9227783,3.5,0,Glenbrook,23,78.26936135731981,41278.79,7104.42,27.67
Royal Crown Pizza,New Westminster,49.2084010373217,-122.920245955181,3.9,0,Brow of the Hill,25,31.534652477111667,43156.76,9824.57,36.31
Waves Coffee House,New Westminster,49.2131508,-122.9200801,3.4,0,Queens Park,33,33.53205201323637,42805.71,6858.32,28.93
Serious Coffee,New Westminster,49.20049907250124,-122.91531119692569,4.2,1,Downtown,33,40.54628528930448,44947.37,13108.67,40.09
Pamola Bakery and Deli,New Westminster,49.2000426090809,-122.911609739566,3.7,0,Quayside,39,107.12041655875616,45623.53,13453.29,41.23
Chan's Garden,New Westminster,49.2298584,-122.8930588,3.7,0,Sapperton,5,72.89361572416944,47485.71,2842.66,32.88
New Lakeview Seafood & Wunton,New Westminster,49.2204185639885,-122.930049553083,3.3,0,Edmonds,6,57.443555838094554,39200.0,5620.64,25.92
Mediterranean Donair House,New Westminster,49.215202,-122.9225917,3.8,0,Glenbrook,23,79.57488481270633,41381.25,7339.84,27.75
Dutch Anchor Restaurant,New Westminster,49.19446139999999,-122.9279768,3.3,0,Port Royal,0,54.159124524398,48480.0,4484.7,31.15
The Boathouse Restaurant,New Westminster,49.1995806,-122.9128469,2.4,0,Quayside,35,136.44360072589507,45176.47,13530.34,41.07
Galbi Korean BBQ,New Westminster,49.20165048669456,-122.91409,5.0,1,Downtown,41,48.75984846328446,44747.83,12759.15,40.66
Papa Johns Pizza,New Westminster,49.21329659729184,-122.91968736842948,3.1,0,Queens Park,33,10.318821069898595,42805.71,6858.32,28.93
Saigon Ivy,New Westminster,49.21207002304541,-122.91928025557236,3.4,0,Queens Park,34,38.98241114547762,43522.22,6931.93,29.86
The Peri Peri Shack,New Westminster,49.20985443619279,-122.91650641534834,4.0,1,Queens Park,31,11.318759702071889,43569.23,8675.43,36.77
Nashville Hot Chicken,New Westminster,49.20631,-122.92821,1.0,0,Brow of the Hill,7,49.315838431870375,41090.91,7620.04,32.29
Gong cha,New Westminster,49.2005508,-122.9151912,4.5,1,Downtown,33,30.53653213806163,44947.37,13108.67,40.09
Caffe Mira,New Westminster,49.21425325526439,-122.89784533568698,4.1,1,McBride Sapperton,3,135.55582207972594,48044.44,5521.6,34.25
My Greek Taverna,New Westminster,49.23707629280225,-122.86929574290268,4.0,1,Maillardville,0,100.12327045098344,41563.64,3406.59,28.65
Togo Sushi,New Westminster,49.2010569283793,-122.913864420441,3.5,0,Downtown,38,34.62180415173417,44685.71,13374.58,40.84
Kurry Wala,New Westminster,49.22184,-122.930963,4.2,1,Edmonds,6,36.15058703554355,38530.77,5159.47,25.62
Sushi Farm,New Westminster,49.2118195905541,-122.924703396857,4.1,1,Uptown,25,42.79129440125547,41680.0,7965.98,30.02
Khob Khun Thai Cuisine,New Westminster,49.249218,-122.858859,4.3,1,Austin Heights,0,56.59976549217127,39311.11,3830.66,27.58
Indian Courtyard Restaurant,New Westminster,49.2081197,-122.93072195981304,3.6,0,Kelvin,8,56.89650592634988,40946.67,6779.57,31.05
Rong Rong Tea House,New Westminster,49.2025566,-122.913414,3.7,0,Downtown,43,90.83940349365751,44738.46,11741.06,40.49
Sushi Hinode,New Westminster,49.202381,-122.912609,4.7,1,Downtown,43,69.39952904568574,44738.46,11741.06,40.49
Peranakan Kitchen,New Westminster,49.206320079356665,-122.92838104069232,5.0,1,Brow of the Hill,7,44.70233300488236,41090.91,7620.04,32.29
Browns Socialhouse Brewery District,New Westminster,49.2250086337406,-122.892624952746,3.4,0,McBride Sapperton,4,41.31312578008376,47266.67,3005.07,33.22
White Spot  - New Westminster,New Westminster,49.21307852784236,-122.92103836949718,2.9,0,Glenbrooke North,33,19.80772260393258,42678.79,7867.68,29.6
50's Burgers,New Westminster,49.22481,-122.94043,3.7,0,Eastburn,7,60.98780764611987,36036.36,5838.79,30.11
The Flapper Lounge,New Westminster,49.2025634283609,-122.91249129921196,4.7,1,Downtown,43,91.4038162357954,44738.46,11741.06,40.49
Oh! Zzhu Sam,New Westminster,49.2219905,-122.9446256,4.2,1,Edmonds,9,7.611291369632408,35551.72,6536.9,32.25
Steve’s Poké Bar,New Westminster,49.22412,-122.89235,3.8,0,McBride Sapperton,2,85.19699089296948,47666.67,4120.89,32.47
Plato Filipino,New Westminster,49.2005652,-122.9151592,3.0,0,Downtown,33,27.86629754098026,44947.37,13108.67,40.09
Kamini's Corner Cafe,New Westminster,49.21256260644152,-122.9363049723874,4.4,1,Kelvin,2,28.326621928166347,39977.78,6816.18,28.79
Delicia Cafe & Bakery,New Westminster,49.20208,-122.90914,3.8,0,Downtown,39,119.57692700568252,45640.0,11793.24,41.43
Quayside Tiki Bar,New Westminster,49.20015,-122.9117,3.5,0,Quayside,39,93.68902598125771,45266.67,13328.24,41.04
The Notorious Grey Fox,New Westminster,49.2181945291168,-122.89461974054576,3.5,0,McBride Sapperton,1,130.48659943177617,51200.0,4299.17,27.35
Gino's Restaurant,New Westminster,49.2296123,-122.8930169,3.5,0,Sapperton,5,97.67947652637596,47485.71,2842.66,32.88
De Dutch,New Westminster,49.200425,-122.917656,3.1,0,Downtown,28,100.31774586282964,44600.0,13078.97,40.05
Ole Ole Mexican Deli,New Westminster,49.21157,-122.93511,3.5,0,Kelvin,6,97.54441368414044,39986.67,6841.06,29.8
Afghan Kitchen South Surrey,Surrey,49.0445839,-122.7766512,4.6,1,Sunnyside,5,134.0138772465535,43155.56,3222.3,27.8
Ambar Surrey  Restaurant & Dhaba,Surrey,49.1282148,-122.8451664,4.5,1,Newton,0,131.23706822831696,34266.67,4328.21,28.27
The Carvery Sandwich Shop,Surrey,49.04649,-122.79411,4.5,1,Sunnyside,2,101.61014910922611,40181.82,3360.29,21.58
Vault Restaurant,Surrey,49.10711,-122.73478,3.9,0,Surrey Centre,7,71.0733066058437,41200.0,2752.94,28.74
New York New York,Surrey,49.118524,-122.801402,3.8,0,Sullivan,0,18.678664410674273,42400.0,5014.17,30.34
Old Surrey Restaurant,Surrey,49.13376877137055,-122.84896724397012,4.3,1,Newton,9,141.12580261115647,34133.33,3126.73,30.26
Yugafu Japanese Bistro,Surrey,49.12598822369157,-122.70117985561906,5.0,1,Clayton Heights,2,78.72544595970862,47933.33,5014.93,28.56
Afghan Chopan Restaurant,Surrey,49.147471095003574,-122.86530131592922,3.9,0,Strawberry Hill,5,204.2174178411412,30028.57,1684.04,35.37
Tap Restaurant,Surrey,49.06362140752368,-122.7971484,4.2,1,Morgan Creek,1,291.13119041580427,50618.18,3231.69,23.25
Sabai Thai Restaurant,Surrey,49.1909867,-122.8065349,4.0,1,Johnston Heights,2,3.4867025411144517,35350.0,7115.56,29.37
The Wooden Spoon,Surrey,49.0294179487087,-122.801852221983,4.3,1,Uptown,2,85.23034681668656,41834.48,6012.36,14.19
Seoul Grill House,Surrey,49.18662844935571,-122.80218576441264,3.4,0,Johnston Heights,8,113.001469366801,36113.04,6494.28,28.84
Maruhachi Ra-men,Surrey,49.167891,-122.800795,4.7,1,Fleetwood,0,54.72041953461875,35188.24,3853.44,28.87
Dragon Village Restaurant,Surrey,49.10558,-122.73478,4.3,1,Surrey Centre,7,119.36714970590975,41200.0,2752.94,28.74
Naka Bistro Lao & Thai Cuisine,Surrey,49.10744188764369,-122.66607764287042,4.6,1,,2,53.8790496599254,42400.0,3395.49,34.86
Ruby Siam Thai Kitchen,Surrey,49.1064009,-122.7352826,4.3,1,Surrey Centre,7,123.16091645412271,41200.0,2752.94,28.74
Yory Korean Cuisine,Surrey,49.1569241,-122.7809906,4.4,1,Fleetwood,5,147.52529351705658,37631.58,5439.46,25.09
Dragon Wok,Surrey,49.134925,-122.843366,5.0,1,Newton,12,162.97903306685276,35353.85,3617.48,28.82
Chuihong,Surrey,49.19184,-122.78787,4.2,1,Fraser Heights,0,93.27859509324622,37876.92,4169.18,29.39
Ato Sushi Bar Kitchen,Surrey,49.1029789,-122.8008651,4.6,1,Sullivan,5,71.71158433800372,45920.0,2586.73,27.99
Ruex Cafe & Bar,Surrey,49.1808237,-122.8448423,4.1,1,City Centre,3,43.83693548297802,35437.5,6048.78,41.39
Katsu San,Surrey,49.19849367001739,-122.77940131605068,4.8,1,Fraser Heights,0,43.81579337944529,36661.54,2942.56,24.95
Golden Samosa Bakery,Surrey,49.15395,-122.86205,4.3,1,Strawberry Hill,2,391.83799735887754,31440.0,1742.33,34.24
Chopsticks On Pho,Surrey,49.1044634,-122.7986729,3.8,0,Sullivan,5,88.47096150956462,47100.0,4730.17,27.24
Taste of Himalayas,Surrey,49.13204,-122.83918,4.4,1,Newton,4,49.73973994454252,34733.33,4983.48,29.39
Captain's Oven Pizza,Surrey,49.17799334576209,-122.84283366137696,4.7,1,City Centre,3,120.0859533747834,35000.0,6355.76,40.52
Palmyra Mediterranean Grill,Surrey,49.1860231,-122.800806,4.1,1,Johnston Heights,8,46.074694358319405,36490.0,6240.88,27.84
Hiroshi Ramen,Surrey,49.11508,-122.68186,4.5,1,Cloverdale,3,79.11736920366988,46033.33,2661.51,31.9
Bandra Cafe,Surrey,49.13632358752905,-122.8899743625656,4.4,1,Strawberry Hill,4,52.47413385449293,33126.32,4988.15,32.42
Ken's Cafe,Surrey,49.105785,-122.735295,4.7,1,Surrey Centre,7,137.4041777320446,41200.0,2752.94,28.74
The Cabin Restaurant,Surrey,49.0528603,-122.8809814,3.4,0,Crescent Beach,1,50.173119053371906,51600.0,1141.64,14.72
Uli's Restaurant,Surrey,49.0214853492612,-122.806032776245,4.1,1,West Beach,0,111.43148410840276,42870.59,6591.53,13.79
Hooked Fish Bar,Surrey,49.0523737,-122.8846858,3.1,0,Crescent Beach,1,119.76431389983328,46400.0,2104.8,14.98
Browns Socialhouse Panorama,Surrey,49.10397,-122.798523,3.3,0,Sullivan,5,103.93007896071292,47100.0,4730.17,27.24
Chili House Restaurant,Surrey,49.1144981,-122.6806335,4.3,1,Cloverdale,3,35.0233404613781,46033.33,2661.51,31.9
My Greek Taverna,Surrey,49.12013,-122.89007,3.9,0,Strawberry Hill,1,39.744955079139395,39969.23,5368.76,26.76
Kids Play Cafe & Cafe Artistico,Surrey,49.111984,-122.810317,3.8,0,Sullivan,0,107.53435498083635,45784.62,6028.94,28.97
Green Lettuce Indian Style Chinese Restaurant,Surrey,49.1179419178998,-122.890040874481,3.6,0,Strawberry Hill,1,55.73721687016903,40257.14,5251.85,26.52
Prabu Sweets,Surrey,49.13036,-122.86825,3.9,0,Strawberry Hill,1,82.19838773560855,30181.82,5994.8,35.86
Rosie's Country Cafe,Surrey,49.056674380316,-122.80853109372926,3.9,0,South Surrey,2,168.94118787972917,42400.0,1489.24,17.6
Clove,Surrey,49.1189018,-122.8257539,4.1,1,Sullivan,1,143.5104976945095,38613.33,4699.69,34.1
Cactus Club Cafe,Surrey,49.0604907475,-122.804682831,4.0,1,South Surrey,3,210.8669680134464,50100.0,3338.72,25.36
Chacha's Tandoor & Grill,Surrey,49.14829,-122.86628,4.5,1,Strawberry Hill,5,117.15899240839416,30028.57,1684.04,35.37
Lahori Sweets & Restaurant,Surrey,49.1484413,-122.8649063,4.0,1,Strawberry Hill,5,213.79057899616296,29900.0,1815.89,34.93
Salsa & Guacamole,Surrey,49.133821637841805,-122.84886589325409,3.8,0,Newton,9,134.49373516350562,34133.33,3126.73,30.26
Sal y Limon,Surrey,49.0469347453396,-122.77867790858,3.8,0,Sunnyside,4,104.33948874815448,42577.78,4505.6,24.13
Texx Big Burger,Surrey,49.189932,-122.841323,4.1,1,City Centre,4,172.4801404852652,36411.11,7507.07,45.21
Umami Sushi,Surrey,49.1191614520774,-122.73165560105,3.9,0,Cloverdale,0,40.17398064414783,43733.33,1737.56,26.08
Showshaa - The Modern Taproom,Surrey,49.05722,-122.80085,4.1,1,Sunnyside,4,63.79396846418886,48311.11,3240.38,21.34
Main Choice Chinese Restaurant,Surrey,49.1338858,-122.8518572,3.8,0,Newton,4,23.407284644178567,33569.23,3024.85,30.21
Diamond Buffet,Surrey,49.11172,-122.72963,2.4,0,Cloverdale,0,103.7449841323248,41320.0,2513.71,27.28
An Indian Affair,Surrey,49.1156853530903,-122.679180051868,4.3,1,,3,158.55996295049735,46533.33,2667.86,32.56
Cabizerra Bistro,Surrey,49.1987463,-122.8134292,4.8,1,Johnston Heights,3,26.01090412680602,35141.18,5250.95,29.44
One More Thai,Surrey,49.1333200177501,-122.88981649088,3.6,0,Strawberry Hill,4,61.26937746195896,34188.89,5540.96,31.64
Dragon Wok,Surrey,49.150437,-122.865346,4.0,1,Strawberry Hill,6,195.02470417922825,29485.71,1550.05,35.84
Sapporo Kitchen,Surrey,49.03159912001535,-122.80144046744888,3.9,0,Semiahmoo Town Centre,2,35.85461605959343,41216.67,6358.39,14.01
GNJ Vegetarian Bistro,Surrey,49.1363708,-122.8922328,4.4,1,North Delta,4,142.9411268165994,33590.0,4915.02,32.07
A&W,Surrey,49.1343815,-122.88677929,4.6,1,Strawberry Hill,4,198.7370781646578,32129.41,5176.0,33.42
Ladybird's Trattoria,Surrey,49.0525910210857,-122.69256623466444,4.9,1,Hazelmere,0,70.79958938306733,,24.2,24.39
Fast Fired,Surrey,49.14821,-122.889696,4.0,1,Strawberry Hill,1,89.62898586968079,33730.0,6426.82,32.57
Ay Chihuahua,Surrey,49.0332999,-122.80094,4.1,1,Semiahmoo Town Centre,3,8.203063549272558,40533.33,6014.68,13.88
Malaysian Hut,Surrey,49.1989290068985,-122.814328819513,4.0,1,Johnston Heights,3,91.11520133606184,35425.0,5108.61,29.8
The Greek Corner,Surrey,49.1343307,-122.8452682,3.6,0,Newton,11,10.920962155200266,34833.33,3353.82,28.13
Liberty Kitchen,Surrey,49.0452889438938,-122.778361737728,3.9,0,Sunnyside,5,18.54921797210629,42577.78,4505.6,24.13
U R Restaurant,Surrey,49.1994551,-122.8137501,4.4,1,Johnston Heights,3,85.94935627285066,35670.59,4996.58,29.41
Utopia Noodles,Surrey,49.158580176583506,-122.7811632,4.8,1,Fleetwood,5,47.94675262583633,37611.11,5424.27,25.28
Jerusalem Grill & Shawarma,Surrey,49.15907004962188,-122.78113721962818,3.5,0,Fleetwood,5,75.60247970005709,37611.11,5424.27,25.28
Kin Thai Kitchen & Bar,Surrey,49.0466759494366,-122.77521704598,3.5,0,Grandview,4,121.1263774755503,43200.0,4139.23,27.12
Archie's BBQ,Surrey,49.18755,-122.79773,4.1,1,Johnston Heights,7,226.78352811879503,36047.62,5890.35,28.83
Skye Avenue Kitchen & Lounge,Surrey,49.1876994453086,-122.84848282640564,4.1,1,City Centre,4,127.92063079851188,35314.29,7314.44,44.8
bb.q Chicken & Pub,Surrey,49.18383422068441,-122.8023930853906,4.3,1,Johnston Heights,5,98.32375610630298,36190.0,5843.24,27.41
Guacamole Mexican Grill,Surrey,49.196753526063695,-122.84564846554132,4.4,1,City Centre,2,193.82830900983407,36675.0,5392.19,43.98
The Samosa House,Surrey,49.162746,-122.866827,4.4,1,Whalley,0,53.67536229357059,31236.36,1685.3,36.8
Grandt Kitchen,Surrey,49.189707024899,-122.846393287182,3.9,0,City Centre,7,84.68094748486277,35926.32,7277.06,45.56
Ek Chai Kahani,Surrey,49.11885835789898,-122.8240515212801,5.0,1,Sullivan,1,42.04859716889362,38584.62,4841.68,34.35
The Waffle Co.,Surrey,49.135660700709366,-122.84347474404068,4.4,1,Newton,11,204.0880330647796,35057.14,3611.26,29.01
Dublin Crossing Irish Pub,Surrey,49.12426199999999,-122.702092,3.4,0,Clayton Heights,2,52.32226981996882,48225.0,4937.76,28.16
Eggcetra Breakfast Cafe,Surrey,49.0555806,-122.8054598,4.1,1,South Surrey,3,74.48602423419,45685.71,2817.09,22.31
Hansel Deli,Surrey,49.10792,-122.73477,4.4,1,Surrey Centre,7,28.590393011138215,41750.0,2164.4,28.58
Bon Ga Korean Restaurant,Surrey,49.1906849563647,-122.8413259238,3.5,0,City Centre,5,89.64822111591069,36388.89,6839.68,46.07
Katana,Surrey,49.1171545941153,-122.669773906498,3.4,0,,1,107.0266341026228,46355.56,2333.11,34.65
Steve's Poké Bar,Surrey,49.18376,-122.80127,4.5,1,Johnston Heights,6,25.68900302697269,36428.57,5919.43,27.62
Kiki's Restaurant,Surrey,49.03728,-122.80147,3.8,0,Semiahmoo Town Centre,1,59.00322663261534,39152.94,4433.64,15.86
Pho Hillton Restaurant,Surrey,49.1253645,-122.7059121,4.0,1,Clayton Heights,2,12.238261822145162,48023.53,4622.09,27.92
Pho Tau Bay,Surrey,49.135731,-122.844616,3.5,0,Newton,11,146.30756159550725,35366.67,3495.03,28.17
Curry Lounge,Surrey,49.0453451,-122.7783363,3.8,0,Sunnyside,5,12.064365393516113,42577.78,4505.6,24.13
The Jin sushi,Surrey,49.1364,-122.84264,4.6,1,Newton,8,233.8552146093891,34720.0,3583.39,28.41
Indigo Cafe,Surrey,49.0635291,-122.7979894,5.0,1,Morgan Creek,1,234.57709191897231,50618.18,3231.69,23.25
The Taste of Africa,Surrey,49.196348,-122.845649,4.4,1,City Centre,2,185.61909069440645,36675.0,5392.19,43.98
Thai By Thai,Surrey,49.1698001,-122.8900551,4.1,1,Brownsville,1,25.189241732287854,34350.0,4321.08,32.51
Dawood's Pizza,Surrey,49.11893,-122.8171,5.0,1,Sullivan,0,16.706836608687443,39166.67,4283.39,32.87
Bacayon's Chibugan,Surrey,49.19166,-122.83465,4.5,1,Whalley,1,10.909414665060796,35323.08,4650.5,34.27
The Back Room,Surrey,49.042265589442,-122.77957271282486,4.4,1,Sunnyside,3,177.66844347248093,40360.0,2808.23,26.9
Panorama Indian Lounge,Surrey,49.10478,-122.80338,4.9,1,Sullivan,5,191.69891200480723,47200.0,3181.72,27.34
Estrella's Montreal Deli & Cafe,Surrey,49.110315,-122.6686151,4.4,1,,2,171.75076834079243,43360.0,2371.94,35.34
Pho Tau Bay,Surrey,49.19805,-122.81226,4.2,1,Johnston Heights,3,104.14714146091552,35141.18,5250.95,29.44
Combine Cafe & Bar,Surrey,49.18170954562757,-122.8457860865099,3.7,0,City Centre,3,74.25259321030205,35133.33,5636.78,40.43
ChongQing Restaurant,Surrey,49.15272034339086,-122.88974194707586,3.1,0,Strawberry Hill,1,37.11506452338074,34600.0,6083.1,32.38
Michael's Artisan Bakery & Cafe,Surrey,49.045213,-122.790789,4.1,1,Sunnyside,2,51.63346871858141,41418.18,3579.64,23.76
Budapest Lángos,Surrey,49.138596606108216,-122.7340017,5.0,1,Cloverdale,0,185.91290615040052,46600.0,617.12,22.87
Shannon Donair,Surrey,49.1060982,-122.7353592,4.1,1,Surrey Centre,7,130.81335770163506,41200.0,2752.94,28.74
Crispy Falafel,Surrey,49.04591481291062,-122.79334246655924,3.8,0,Sunnyside,2,81.82157169607915,40690.91,3365.16,22.42
Sushi on Surrey,Surrey,49.15725,-122.77954,4.3,1,Fleetwood,5,74.52518409638432,37722.22,5419.83,25.07
Mek's Delight,Surrey,49.1912982626951,-122.808646894991,3.9,0,Johnston Heights,1,17.19629891125081,35144.44,7142.91,29.61
Spice of Nepal,Surrey,49.13339,-122.84879,4.2,1,Newton,9,130.84560722283436,33814.29,3199.07,30.5
Yoko Sushi & Noodle House,Surrey,49.15737,-122.77828,3.9,0,Fleetwood,6,88.98818792371395,38037.5,5570.19,24.93
Zapoteca,Surrey,49.0177,-122.79314,4.2,1,East Beach,0,81.19301742163925,45833.33,4242.8,16.32
Sri Periyava Dosa Bhavan,Surrey,49.1586589,-122.8902128,4.5,1,Newton,2,66.30953742861517,34953.85,4501.39,32.0
Viet Houng Asian Flavor Deli,Surrey,49.1887226115802,-122.860729718055,4.6,1,Whalley,0,328.11145142971276,33884.21,5410.05,42.08
YL's Curry Bowl,Surrey,49.18444,-122.79879,4.0,1,Johnston Heights,7,142.9571716193311,36390.91,5654.79,27.35
Pak Punjab Sweet & Samosas House,Surrey,49.17733,-122.86766,4.0,1,Whalley,0,19.82868645920072,32314.29,5059.33,36.25
Hawthorne Beer Market & Bistro,Surrey,49.10484,-122.7352,3.4,0,Surrey Centre,7,202.00725421095336,41200.0,2752.94,28.74
OEB Breakfast - Langley,Surrey,49.114475,-122.675162,4.4,1,,4,170.57574904398774,45963.64,2910.47,34.38
Dragon's Chop Suey House,Surrey,49.15719,-122.77781,3.5,0,Fleetwood,6,55.13337813458365,38037.5,5570.19,24.93
Akari Japanese Restaurant,Surrey,49.1348829570242,-122.891920108212,4.0,1,North Delta,4,98.99805444634823,34162.5,4792.81,31.43
Shawarma Palace,Surrey,49.134277,-122.844497,4.0,1,Newton,11,67.33731751980183,35384.62,3374.78,28.23
Roadhouse Grille,Surrey,49.03426,-122.78006,3.4,0,Sunnyside,0,151.88364471282816,42276.92,2609.74,22.23
Tokyo Mithaiwala,Surrey,49.147777821579545,-122.8639529,4.4,1,Strawberry Hill,5,295.5413918351682,29485.71,1550.05,35.84
Waffle House Diner,Surrey,49.18125961964888,-122.84355514110403,4.0,1,City Centre,3,105.09497580583351,35423.53,5692.57,40.61
Navraj Sweets & Restaurant,Surrey,49.1501801430419,-122.866437749758,4.4,1,Strawberry Hill,5,129.69955355588093,30000.0,1695.75,34.56
Emilio Finatti Pizzeria - Langley,Surrey,49.1073311,-122.6649517,4.4,1,,2,10.64562658306066,41345.45,3217.73,33.99
Sushi King George,Surrey,49.19047078350401,-122.84500166127094,3.7,0,City Centre,7,131.168390109421,36566.67,7091.18,46.26
Trees Cheesecake and Organic Coffee,Surrey,49.189991644148385,-122.850168,4.1,1,City Centre,4,67.8166146978616,34911.11,5870.56,45.63
Tommies Jerk,Surrey,49.10037,-122.72386,4.7,1,Cloverdale,0,279.9415799645721,42000.0,777.25,24.13
Planet India,Surrey,49.13379,-122.83907,3.8,0,Newton,8,16.67935440668351,34612.5,4943.86,29.89
Tap & Barrel,Surrey,49.05963809908623,-122.8018875,3.4,0,Sunnyside,3,169.8301635767134,49422.22,3260.67,25.0
Coast & Country Diner,Surrey,49.103936,-122.734543,3.7,0,Surrey Centre,7,252.8239016831945,41200.0,2715.79,29.23
Pho Newton,Surrey,49.1392040260342,-122.843214712932,3.6,0,Newton,5,159.0498812630946,34428.57,3821.42,30.89
Pho Hong,Surrey,49.190289,-122.841347,3.4,0,City Centre,4,133.29691746257984,36600.0,7023.69,45.48
Kai Japanese Restaurant,Surrey,49.155174243061545,-122.66664268415136,4.4,1,Walnut Grove,0,121.61831387444528,41200.0,2056.17,31.69
Tasty Donair,Surrey,49.133938,-122.842573,4.3,1,Newton,11,59.6569772786451,35371.43,3494.2,28.85
Chefs Kebab,Surrey,49.1551446,-122.7729754,4.2,1,Fleetwood,2,76.54040551747883,39600.0,4855.74,25.2
Cactus Club Cafe,Surrey,49.14695039868115,-122.89109409939302,3.9,0,Kennedy,1,99.93442186801776,33914.29,6159.31,32.37
Sushi California - Surrey,Surrey,49.1893963,-122.7993351,4.0,1,Johnston Heights,5,112.07740224101984,35863.64,6462.05,29.17
Red Robin Gourmet Burgers and Brews,Surrey,49.18838300274452,-122.80139260276438,3.6,0,Johnston Heights,7,23.050767764459728,35895.24,6986.41,28.96
Barcelos Flame Grilled Chicken,Surrey,49.14042,-122.84594,4.4,1,Newton,1,38.95887902735732,32690.91,3485.68,31.75
Sushi Shogun,Surrey,49.19947,-122.8455,4.5,1,City Centre,2,72.03079856841826,36338.46,5004.25,39.34
Jagga Sweet & Cuisine,Surrey,49.1718,-122.89043,4.6,1,Kennedy,1,49.29844408821165,34188.89,4326.3,33.29
Satya Asha,Surrey,49.13371,-122.86738,4.4,1,Strawberry Hill,1,56.06434701420066,30223.53,5715.08,36.35
Nando's Peri-Peri,Surrey,49.18567392600471,-122.80140250244676,3.9,0,Johnston Heights,8,26.647138617000213,36610.0,5997.34,27.49
West Village Cafe,Surrey,49.1047524116854,-122.799629199329,3.6,0,Sullivan,5,53.48249021069513,46866.67,2709.17,28.18
Delta Pizza,Surrey,49.15558,-122.86452,3.9,0,Newton,1,242.87724617850785,30400.0,854.01,34.56
Neptune Wonton Noodle,Surrey,49.1865774185184,-122.84743837116434,3.3,0,City Centre,4,244.15276172171184,35290.91,7614.22,43.96
Isshin Sushi,Surrey,49.10468,-122.79806,3.8,0,Sullivan,5,137.8857152193985,47100.0,4730.17,27.24
Nagoya Sushi,Surrey,49.16978,-122.81251,4.0,1,Fleetwood,0,24.087389463215423,35000.0,3405.57,30.51
Banana Leaf,Surrey,49.0597947797082,-122.8040599822998,4.1,1,South Surrey,5,245.7972864702748,50100.0,3338.72,25.36
Nordel Sushi,Surrey,49.1609149,-122.8885017,3.3,0,Newton,1,128.00459680704714,34563.64,3792.44,31.75
