store_name,city,zip_code,latitude,longitude,review_count,price_level,primary_category,target_rating,target_is_successful,median_income,pop_density_sqkm,pct_age_20_39,competitor_count_500m,nearest_transit_distance_m
Singapore Hawker,Coquitlam,V3B 0J1,49.2836123,-122.7982817,147,2,Singaporean,4.0,1,36650.0,5892.83,27.75,6,161.93697669348407
Bubble Waffle,Richmond,V6X 0A4,49.183871723875754,-123.13376631702836,116,1,Chinese,3.4,0,30866.67,2403.59,49.47,24,83.85449360747282
Trattoria by Italian Kitchen,Burnaby,V5H 2A9,49.23020501851105,-123.0039327,407,2,Italian,3.2,0,33788.89,11655.46,39.43,12,121.88640533800285
Wo Fung Noodle Express,Richmond,V6Y 1T1,49.16431799999999,-123.1352578,65,1,Chicken Wings,3.8,0,31729.03,11872.85,29.12,6,63.876107755179014
Landmark Hotpot House,Vancouver,V5Z 2X9,49.2498660758194,-123.11556053834,130,3,Chinese,3.9,0,51336.0,5343.97,33.1,0,55.13900154827208
Shanghai River,Richmond,V6X 4J4,49.17074,-123.13848,884,3,Chinese,3.9,0,29705.88,8964.1,36.65,11,94.69010153844181
Night Owl Cafe,Richmond,V6X 4J8,49.18407,-123.12846,14,2,Cafes,2.9,0,32250.0,4056.41,43.68,15,77.83477197343564
Burger Crush,Vancouver,V6Z 1V3,49.27977707759172,-123.12350184856516,87,2,Burgers,4.3,1,48797.18,23263.66,48.41,21,69.2665965867354
Laughing Bean Coffee Company,Vancouver,V5K 1Z5,49.281419607212,-123.049625348003,66,1,Coffee & Tea,3.5,0,40680.0,6474.1,34.5,2,77.67654953730992
Mek's Delight,Surrey,V3R 1M7,49.1912982626951,-122.808646894991,57,2,Thai,3.9,0,35144.44,7142.91,29.61,1,17.19629891125081
Kami Sushi,Surrey,V3S 9N6,49.04206,-122.77977,48,2,Japanese,4.1,1,40360.0,2808.23,26.9,1,156.49925400127339
Gotham Steakhouse & Bar,Vancouver,V6B 3K3,49.28290359590047,-123.115883832301,477,4,Steakhouses,4.1,1,48162.79,14343.81,51.37,21,24.873761004165587
Liquids And Solids,Vancouver,V6A,49.28135,-123.08461,24,1,Cafes,3.6,0,33389.47,3939.03,31.09,2,51.17243182599908
Breka Bakery & Café,Vancouver,V5V 3R5,49.24383730986246,-123.10114614665508,68,2,Bakeries,3.9,0,47051.85,4312.25,30.54,3,32.11319148193541
Tap & Barrel - Convention Centre,Vancouver,V6C 0C3,49.289845529586,-123.116857235515,390,2,Comfort Food,3.8,0,44895.24,12146.31,45.88,7,345.6260323306837
Burnaby Palace Restaurant,Burnaby,V5M 4A2,49.25629080307701,-123.0231239309792,145,2,Chinese,3.4,0,37235.29,2714.87,28.98,2,55.81462272145086
Taf's Café,Vancouver,V6Z 1K7,49.2810768,-123.1202897,58,1,Cafes,2.4,0,47913.24,19614.69,50.19,19,108.51125999526452
Second Cup,Vancouver,V6H 3N1,49.2450981314324,-123.12436663912466,9,1,Cafes,3.0,0,49125.0,3076.33,32.8,0,228.0777277203267
Captain Wa,Richmond,V6X 3Y2,49.1698185,-123.1330757,19,1,Chinese,3.8,0,30231.58,9843.9,36.09,10,165.7211458766944
Dinesty Dumpling House,Richmond,V7C 0B8,49.17337272804199,-123.14636050013584,102,2,Dim Sum,3.8,0,29600.0,5868.75,39.61,1,68.75174328582969
Waves Coffee House,Surrey,V3T 0E6,49.19847,-122.851331,14,1,Coffee & Tea,3.5,0,34866.67,5558.69,43.55,1,61.50345960062909
St Lawrence Restaurant,Vancouver,V6A 1G3,49.2832584031253,-123.097993419888,196,3,French,4.4,1,37579.31,8625.43,38.62,10,10.930447176184115
Continental Coffee House,Vancouver,V5V 3P8,49.2472882191904,-123.101281828922,61,1,Cafes,4.0,1,48990.62,6065.56,31.94,5,131.11832959958338
Dragon Village Restaurant,Surrey,V3S 4C6,49.10558,-122.73478,27,1,Chinese,4.3,1,41200.0,2752.94,28.74,4,119.36714970590977
TurF,Vancouver,V6J 1N3,49.2682200041763,-123.151621297002,66,2,Cafes,3.8,0,55439.58,9783.32,41.05,4,49.468694480831275
Pak Punjab Sweet & Samosas House,Surrey,V3V 6V9,49.17733,-122.86766,25,1,Pakistani,4.0,1,32314.29,5059.33,36.25,0,19.828686459200718
Maruhachi Ra-Men,Vancouver,V6B 0E7,49.27854065320407,-123.1157914,282,2,Ramen,4.1,1,50206.12,18095.77,50.6,17,66.46283794191034
Dublin Crossing Irish Pub,Surrey,V3S 7Y3,49.12426199999999,-122.702092,92,2,Irish,3.4,0,48225.0,4937.76,28.16,1,52.32226981996882
Cha Don,Richmond,V6X 4E4,49.18085294842844,-123.1350690443588,27,2,Hong Kong Style Cafe,4.3,1,29750.0,4620.35,43.33,24,137.58051410982736
Happy Lamb Hot Pot,Burnaby,V5H 4W2,49.2280567,-122.9973696,173,2,Hot Pot,3.4,0,32884.85,10455.46,42.51,7,58.78199355300561
Pho Holiday,Coquitlam,V3K 3P3,49.24880778894382,-122.8631980544926,53,1,Vietnamese,4.1,1,39450.0,3810.34,27.79,6,50.72861542819259
Chongqing,Burnaby,V5H 2E5,49.22671131459038,-122.99363543518692,106,2,Chinese,3.4,0,32141.67,9633.84,42.42,4,31.32503834109909
Mean Poutine,Vancouver,V6Z 1A8,49.2794438014385,-123.123368918896,309,1,Hot Dogs,3.9,0,48877.14,23249.57,48.36,23,83.29187982832238
The Keg Steakhouse + Bar,Surrey,V3W 3N2,49.14734458968876,-122.88976,56,3,Steakhouses,3.8,0,33730.0,6426.82,32.57,0,124.622514873382
Tom Sushi,Vancouver,V6E 1N2,49.2815608,-123.1327476,392,2,Sushi Bars,4.7,1,46325.64,25058.72,49.04,2,21.16003423208933
Katsu San,Richmond,V7C 1T4,49.169982779066,-123.181773349643,180,2,Japanese,4.5,1,34033.33,2769.24,23.14,0,47.16569470916737
Waves Coffee House,New Westminster,V3M 1B2,49.2021378,-122.9101707,45,1,Coffee & Tea,3.1,0,45472.73,11770.84,40.94,15,151.944966093878
YL's Curry Bowl,Surrey,V3R 8X2,49.18444,-122.79879,33,1,Malaysian,4.0,1,36390.91,5654.79,27.35,6,142.9571716193311
Bodega On Main,Vancouver,V6A 2W1,49.27548853708847,-123.09968391901442,246,2,Spanish,3.8,0,40803.57,12065.71,46.37,2,19.200560082215784
Earls Kitchen + Bar,Vancouver,V6E 1B5,49.285968141691775,-123.12656576441812,246,2,Canadian (New),3.8,0,45286.96,21868.16,48.38,14,14.360533121604128
Burger Heaven,New Westminster,V3M 3X4,49.20138,-122.91604,185,2,Burgers,3.6,0,44017.39,13388.14,40.6,11,105.11786509315246
Happy Lamb Hot Pot,Coquitlam,V3B 8A9,49.28083,-122.79272,47,3,Hot Pot,3.3,0,36905.88,5750.39,28.53,13,84.17034302444189
Elisa,Vancouver,V6B 5P6,49.27597599917006,-123.12142339325408,291,4,Steakhouses,4.3,1,51384.91,21057.57,48.02,21,147.1631502791943
Bbong,Coquitlam,V3K,49.243302112406,-122.891211349691,54,2,Korean,3.6,0,37828.57,4496.36,36.55,5,96.17154975482117
Pho Chan,New Westminster,V3L 2B8,49.2228583293267,-122.914227216925,62,2,Vietnamese,3.8,0,43610.53,4251.95,25.1,1,118.54768216059573
Rodney's Oyster House,Vancouver,V6B 6L2,49.274326,-123.123131,909,2,Seafood,4.0,1,51653.06,20256.81,46.24,13,74.32290006895414
Kam Tou Seafood Restaurant,Richmond,V6X 3Z9,49.185102,-123.129532,31,3,Seafood,4.0,1,31942.86,4077.83,44.86,16,73.33409279262935
The Keg Steakhouse + Bar,Coquitlam,V3B 6J6,49.27798957201443,-122.79372942511934,125,3,Steakhouses,3.8,0,36357.14,6786.72,29.28,13,145.28462135248174
Showshaa - The Modern Taproom,Surrey,V4P 3N7,49.05722,-122.80085,69,2,Tapas Bars,4.1,1,48311.11,3240.38,21.34,3,63.79396846418886
Catfe,Vancouver,V6B 6N9,49.28029,-123.10675,119,2,Cafes,3.5,0,42812.5,12649.65,47.28,23,68.91756015947936
Earls Kitchen + Bar,Surrey,V3R 9W9,49.186991576535846,-122.8006520421916,112,2,Canadian (New),3.1,0,36095.65,6804.97,28.82,7,5.555252132971239
Don Chepe's Restaurant,Coquitlam,V3K 6V7,49.2365844,-122.8530121,30,2,Salvadoran,3.3,0,41955.56,3320.68,27.13,3,400.1779195259336
The Old Spaghetti Factory,New Westminster,V3M 3N8,49.201925687134,-122.91260507829,174,2,Italian,3.5,0,45381.82,12053.81,40.88,16,28.802673925460553
Agora Cafe,Vancouver,V6T 1Z4,49.28573972263773,-123.12224768834332,6,1,Cafes,4.2,1,45842.11,18080.44,49.22,17,80.69147291251024
Pho Tau Bay,Surrey,V3R 3X6,49.19805,-122.81226,67,1,Vietnamese,4.2,1,35141.18,5250.95,29.44,2,104.14714146091552
Dragon's Chop Suey House,Surrey,V4N 0G2,49.15719,-122.77781,44,2,Chinese,3.5,0,38037.5,5570.19,24.93,2,55.13337813458365
Sura Korean BBQ,Richmond,V6X 4J7,49.183364007189134,-123.13371992699436,265,2,Korean,3.7,0,30700.0,3407.08,48.72,25,139.05409489974426
Pizzeria Ludica,New Westminster,V3M 1E3,49.2040696455815,-122.909304314068,49,2,Pizza,3.5,0,45424.0,10681.43,40.37,16,31.194875463249645
West Village Cafe,Surrey,V3S 3K2,49.1047524116854,-122.799629199329,45,2,Sandwiches,3.6,0,46866.67,2709.17,28.18,2,53.48249021069513
Ikoi Sushi,New Westminster,V3L 3X5,49.23018,-122.89239,75,2,Japanese,4.4,1,47485.71,2842.66,32.88,5,36.33541325644421
Green Bean Café,Richmond,V7B 0A4,49.1947594,-123.1762466,32,2,Coffee & Tea,1.6,0,48000.0,45.6,23.81,1,130.32809921803107
Taqueria Playa Tropical,New Westminster,V3L 3B1,49.2097840906051,-122.91639733055,432,2,Mexican,3.7,0,43569.23,8675.43,36.77,11,11.186274526353683
The Story Cafe,Richmond,V6X 1V5,49.19359319408656,-123.1279178,259,2,Pizza,4.1,1,32350.0,3079.27,44.64,3,149.51375890050159
The Patty Shop,Vancouver,V6L 2N8,49.250721434013,-123.167994263811,124,1,Caribbean,4.4,1,40913.04,3642.45,24.07,0,103.1138465134243
Woking Dragon,Coquitlam,V3E 1J7,49.2838747027523,-122.810149566042,74,2,Chinese,3.5,0,40077.78,4908.32,27.2,0,50.18469083842116
Matchstick Coffee,Vancouver,V5T 2R6,49.257302653286,-123.090361582581,224,1,Cafes,3.9,0,46328.57,9001.95,42.61,2,32.16977667939816
Me-n-Ed's Pizza Parlors,Coquitlam,V3K 3P4,49.24927,-122.86047,59,2,Pizza,4.2,1,39811.76,3574.64,27.37,6,89.2156301817795
McDonald's,Richmond,V6Y 2C6,49.161632939461,-123.13589096593,47,1,Fast Food,2.6,0,31935.29,10234.43,26.95,5,41.418451397936074
Hi Five,Burnaby,V3N 2S9,49.23062773,-122.9063846,30,2,Fast Food,3.4,0,45244.44,3714.17,26.28,1,337.87619622002995
Bubble World,New Westminster,V3M 1G9,49.2048187,-122.9100876,65,1,Bubble Tea,3.3,0,45157.14,10938.65,40.22,14,16.291687400495046
Mr. Black Restaurant,Richmond,V6X 0A4,49.18408,-123.13404,24,2,Japanese,3.5,0,30866.67,2403.59,49.47,22,70.12668088838053
Happy Noodle House,Vancouver,V6B 2G5,49.27664,-123.12578,237,2,Dim Sum,4.6,1,49743.33,22818.21,47.47,17,34.02548772907132
Lee Garden Seafood Restaurant,Burnaby,V5E 0A6,49.2199018142223,-122.970365929831,93,2,Dim Sum,3.4,0,36936.36,5314.99,33.49,4,80.38106881176914
The Paper Crane,Vancouver,V5T 1X4,49.2626112,-123.0922038,26,1,Cafes,4.0,1,46592.11,7801.87,46.88,0,32.36984929588161
Nuba in Gastown,Vancouver,V6B 1K6,49.2827625062516,-123.109646101134,839,3,Mediterranean,4.0,1,45337.93,11833.53,50.91,27,58.25295567289824
Italian Tomato Restaurant,Richmond,V6X 3C7,49.19188,-123.1303,224,2,Italian,3.4,0,31666.67,3529.54,47.86,4,45.00379742086193
Hello Kitty Cafe,Vancouver,V6E 3Z6,49.28660343734038,-123.1281965598464,45,2,Themed Cafes,3.8,0,45256.34,21628.92,46.99,12,81.37071706793131
Steveston Cafe & Hotel,Richmond,V7E 3K2,49.125397,-123.186121,22,2,Cafes,3.5,0,44840.0,3696.93,16.66,3,109.34880424753631
Hello Nori ,Vancouver,V6E 1B5,49.28559747478766,-123.1261163,328,2,Japanese,4.5,1,45140.85,22129.21,48.26,15,49.88375925906814
Cardero's Restaurant & Marine Pub,Vancouver,V6G 3E7,49.2914561357511,-123.127575841549,777,3,Seafood,3.9,0,44679.07,22035.63,43.23,7,191.1321879242539
Enjoy Cafe 1 Plus1,Richmond,V6X 1A7,49.1708290571772,-123.13414408185102,67,2,Cafes,3.1,0,30044.44,9612.83,36.71,13,198.95915145667377
Yoko Sushi & Noodle House,Surrey,V4N 0G2,49.15737,-122.77828,28,1,Japanese,3.9,0,38037.5,5570.19,24.93,2,88.98818792371395
Victoria Sushi,New Westminster,V3L 0A9,49.213378,-122.89888,161,2,Japanese,4.0,1,49080.0,5420.69,33.61,0,74.72363614511663
Rocanini Coffee Roasters,Vancouver,V6B 2M6,49.27719779103568,-123.11522535767266,83,2,Coffee Roasteries,4.2,1,51655.56,20846.63,50.26,14,90.0279762232616
Railtown Cafe,Vancouver,V6A 1A4,49.2850022,-123.0955516,98,2,Cafes,4.1,1,34113.04,7189.79,35.21,5,245.26408221095272
The Chopped Leaf,New Westminster,V3L 3B9,49.2122867,-122.9190461,22,2,Salad,3.5,0,43211.76,6869.19,29.51,15,37.316308304702524
Cafe Algarve,Vancouver,V5N 2A2,49.2597049,-123.0700568,4,1,Portuguese,3.8,0,44087.18,6894.88,39.0,0,38.81284387315877
Dosanko,Vancouver,V6A 1G9,49.28278,-123.09194,114,2,Japanese,4.0,1,33908.33,6667.59,34.63,6,113.23606455596943
Ramen DANBO - Kitsilano,Vancouver,V6J 1M4,49.26828,-123.146431,562,2,Ramen,4.3,1,54858.33,9727.12,41.0,3,20.83910023200747
TAKO,Vancouver,V6B 0J5,49.278816,-123.1078822,235,1,Korean,4.0,1,45854.05,14772.88,47.73,18,38.02049646676038
Hansel Deli,Surrey,V3S 4E2,49.10792,-122.73477,16,1,Delis,4.4,1,41750.0,2164.4,28.58,3,28.590393011138215
The Viet Noodle Guy,Burnaby,V5C 3Z2,49.26721987665755,-123.00572763320037,216,2,Vietnamese,4.1,1,42440.0,6719.06,47.4,4,175.13172001620177
YUAN’S HOT POT,Richmond,V6X 4J7,49.1831220296222,-123.133927292474,53,3,Hot Pot,4.2,1,30700.0,3407.08,48.72,25,167.8834650837679
Ukrainian Village,Vancouver,V6G 2L7,49.2914123,-123.1358196,186,2,Ukrainian,4.1,1,45414.81,26785.84,43.37,7,20.654445739245887
Green & Oak Malaysian Restaurant,Burnaby,V5C 2H5,49.28081,-123.02185,139,2,Malaysian,3.9,0,41555.56,4704.76,27.91,4,45.81374543729924
Nando's Peri-Peri,Richmond,V6X 0M5,49.17855951502775,-123.1217548,50,2,Portuguese,3.6,0,31500.0,5052.04,37.47,4,204.79589221473486
BIN 4 Burger Lounge,Burnaby,V5M 3Z3,49.2641572,-123.022698,69,2,Burgers,4.0,1,35620.0,4635.55,40.89,1,62.43334108167189
Sprouts,Vancouver,V6T 1Z1,49.267585874444904,-123.25039128042668,12,1,Vegetarian,4.4,1,30371.43,2411.22,43.21,1,135.6414749070408
Diamond Buffet,Surrey,V3S 1V3,49.11172,-122.72963,15,1,Buffets,2.4,0,41320.0,2513.71,27.28,0,103.74498413232479
Sushi Bar Kilala,Burnaby,V5C 2K8,49.2811517065771,-122.995635763696,85,2,Sushi Bars,4.3,1,39286.96,4257.38,27.79,1,20.62392417131986
Yuan's Garden Restaurant 隨園,Richmond,V6X 3A6,49.178968,-123.134826,170,2,Chinese,3.9,0,30520.0,5215.61,41.9,27,141.8926922829308
Kyabia Japanese Restaurant,Richmond,V6X 4B7,49.18769,-123.13128,73,2,Japanese,3.7,0,31150.0,2553.51,46.28,11,82.91795009409748
Ding Hao Noodle House,Coquitlam,V3B 1C2,49.278788895755625,-122.8070915324994,45,1,Taiwanese,3.9,0,37800.0,4998.69,28.89,2,93.63222593531174
New Sun Restaurant,Vancouver,V5Z 2V7,49.2592643,-123.1152101,28,1,Chinese,3.5,0,55087.18,7800.14,39.17,2,38.38573185674853
Fanny Bay Oyster Bar & Shellfish Market,Vancouver,V6B 2P2,49.2787525,-123.1138689,979,3,Seafood,4.4,1,49876.74,17564.06,49.46,17,58.12782738293309
Sawasdee Thai Restaurant,Vancouver,V5V 3P9,49.24703,-123.1008,378,2,Thai,4.0,1,48990.62,6065.56,31.94,5,120.09330757117357
Mui Garden Restaurant,Richmond,V6X 4J4,49.17097613037639,-123.13941066161335,115,2,Malaysian,3.6,0,29462.5,7985.53,38.17,11,60.009439741252955
Waves Coffee House,Vancouver,V6H 1E2,49.263615784527,-123.128756644037,32,1,Coffee & Tea,3.3,0,54489.74,10911.86,40.42,4,45.226757809485854
Royal Oak,Surrey,V3R 3P5,49.16437,-122.79765,58,2,Pizza,3.4,0,35611.11,4049.31,29.04,0,12.152722056821927
Lazzez's Grill Indian Cuisine,Coquitlam,V3B 1B9,49.27743,-122.80492,189,2,Indian,4.3,1,38216.67,4481.77,29.77,3,131.0929589012472
Angus T,Vancouver,V6B 2T4,49.2762326068102,-123.119233623147,125,2,Cafes,4.3,1,51669.39,21134.36,48.2,20,66.5077691612502
Juillet Cafe,Burnaby,V3N 4N4,49.2448537809919,-122.89281354352,45,1,Cafes,3.9,0,37828.57,4496.36,36.55,6,64.42812729494617
The Mackenzie Room,Vancouver,V6A 1G7,49.2832349,-123.0948578,220,4,Canadian (New),4.5,1,35130.77,7868.87,35.62,5,82.75986997150278
OZ Korean Cuisine,Coquitlam,V3B 0J5,49.282471094178,-122.793583392269,116,2,Korean,4.0,1,36487.5,6181.9,28.59,11,44.33007305429848
Chop Steakhouse & Bar,Richmond,V6X 2M9,49.1890367,-123.1120171,33,3,Steakhouses,4.0,1,33883.33,3639.26,29.45,0,318.43043985860027
Taste of Zen,Richmond,V7A 1M5,49.13293,-123.12171,13,2,Vegetarian,4.1,1,34100.0,3622.41,22.62,0,55.72685344682487
Kimbap Cheonguk,Coquitlam,V3K 3V8,49.2446982,-122.8918313,144,1,Sushi Bars,4.4,1,37828.57,4496.36,36.55,5,59.7410003891559
Bluefin Sushi,New Westminster,V3L 3W8,49.22665044765496,-122.89299105765632,28,1,Sushi Bars,3.6,0,47507.69,2863.2,33.38,6,32.317589195654655
Royal Crown Pizza,New Westminster,V3M 3R5,49.2084010373217,-122.920245955181,31,1,Pizza,3.9,0,43156.76,9824.57,36.31,9,31.534652477111667
Kokoro Tokyo Mazesoba,Coquitlam,V3J 1N7,49.2508308,-122.8926851,80,2,Ramen,4.1,1,37112.5,6723.17,38.98,5,41.836093073418446
Six Acres,Vancouver,V6B 2J2,49.283363150344336,-123.1044223000027,324,2,Pubs,3.9,0,39384.62,10523.52,45.32,19,103.57189772670114
Ramen DANBO - Robson,Vancouver,V6E 2B1,49.2874959131639,-123.128934167326,764,2,Ramen,4.4,1,45588.41,21925.39,46.3,14,59.77120741026365
Provisions Kitsilano,Vancouver,V6K 1N8,49.268062,-123.157371,15,2,Cafes,4.0,1,53936.96,10192.59,41.99,2,112.37351810699106
The Greek By Anatoli,Vancouver,V6B,49.276285,-123.1197178,298,2,Greek,3.8,0,51415.69,21244.29,48.11,19,100.89878998112509
Little Minh's,Burnaby,V5J 0A3,49.1990675,-122.9799962,149,2,Vietnamese,4.3,1,42400.0,151.96,24.57,2,102.49342945815353
Lu Charcoal Grill,Richmond,V6X 1E4,49.1800883459181,-123.135372530006,21,1,Chinese,3.2,0,29750.0,4620.35,43.33,26,80.57866588126306
Kokoro Tokyo Mazesoba,Burnaby,V5H 4L6,49.228287011321385,-123.00315331667662,68,2,Ramen,4.0,1,33705.26,10982.18,39.28,13,63.18454567877673
Cora,Coquitlam,V3B 6J6,49.274923,-122.791039,160,2,Breakfast & Brunch,3.7,0,37600.0,5967.87,32.31,6,34.7674564950195
Green Leaf Cafe,Burnaby,V3J 1M2,49.2533051,-122.8982928,256,2,Sushi Bars,4.1,1,39388.89,5947.49,36.07,3,10.107785601600993
New Town Bakery & Restaurant,Vancouver,V6A 1T3,49.280153,-123.101201,483,1,Bakeries,3.8,0,38873.33,12027.22,42.26,14,50.7245616612047
John B Neighbourhood Pub,Coquitlam,V3K 3P1,49.24869,-122.86724,108,2,Pubs,3.6,0,39266.67,3143.01,27.04,3,75.70670157484547
Bubble World,Coquitlam,V3B 6J6,49.2790792849535,-122.794279898607,59,2,Taiwanese,2.7,0,36528.57,6861.28,29.3,12,107.22257180022055
Medina Cafe,Vancouver,V6B 3A4,49.2804429972571,-123.117036269849,2791,2,Breakfast & Brunch,4.2,1,48950.98,18255.76,50.62,23,108.35438108453411
Soup Plus,Coquitlam,V3K 3P5,49.24868,-122.86186,64,1,Soup,3.8,0,39025.0,4196.53,28.2,6,32.857353856098484
Happy Tree House BBQ,Richmond,V6X 1C3,49.1789476669097,-123.13367071167,95,2,Barbeque,3.2,0,30400.0,5367.22,41.04,29,225.79017695717474
Cioffi's Meat Market & Deli,Burnaby,V5C 2J4,49.280911944717026,-123.012598,92,2,Delis,3.7,0,40444.44,5389.34,27.92,9,61.6814642492736
Daddy's Grill,Richmond,V6X 2V1,49.1842679432228,-123.091404421526,168,2,Halal,4.4,1,35107.69,3147.72,26.24,1,16.273891909081353
Takenaka,Vancouver,V5L 2A8,49.2783093,-123.0755801,115,2,Japanese,4.3,1,44495.65,4715.68,37.01,1,235.49404203295592
Pho Newton,Surrey,V3W 0H9,49.1392040260342,-122.843214712932,29,2,Vietnamese,3.6,0,34428.57,3821.42,30.89,3,159.0498812630946
Tendon Kohaku,Burnaby,V5H 4M8,49.2278910406839,-123.00348046083376,49,2,Japanese,3.7,0,33621.62,11244.19,39.71,12,53.28932910126633
Grandt Kitchen,Surrey,V3T 2W6,49.189707024899,-122.846393287182,70,1,Filipino,3.9,0,35926.32,7277.06,45.56,5,84.68094748486277
PappaRoti,Coquitlam,V3B 2P7,49.2840263,-122.793144,49,2,Juice Bars & Smoothies,4.1,1,37155.56,5992.23,29.3,8,14.539875590339106
Daan Korean Cuisine,Richmond,V6Y 1K3,49.1553651,-123.124776,83,2,Korean,4.0,1,32618.18,7584.14,25.74,3,56.22057173339036
Mongo Bongo,New Westminster,V3L 5H3,49.2135179,-122.9193884,88,2,Mongolian,3.9,0,42781.25,6773.7,28.82,14,31.935530902596696
Pho & Japolo,Burnaby,V3J 1P1,49.253645,-122.892575,35,2,Vietnamese,3.7,0,38136.84,7484.91,40.21,4,59.55693172317013
Papa Johns Pizza,New Westminster,V3L 1V3,49.21329659729184,-122.91968736842948,23,2,Pizza,3.1,0,42805.71,6858.32,28.93,14,10.318821069898597
Navraj Sweets & Restaurant,Surrey,V3W,49.1501801430419,-122.866437749758,24,2,Indian,4.4,1,30000.0,1695.75,34.56,3,129.69955355588093
Nobi Nobi,Richmond,V7A 5J5,49.133102,-123.098042,65,2,Japanese,4.5,1,37828.57,4089.25,25.57,1,128.7567429234775
Chili House Restaurant,Surrey,V3S 6K7,49.1144981,-122.6806335,91,2,Asian Fusion,4.3,1,46033.33,2661.51,31.9,0,35.0233404613781
Mega Sushi,Coquitlam,V3K 7B6,49.24858070525632,-122.81784885439474,87,2,Sushi Bars,3.9,0,47250.0,2559.59,20.91,0,150.82349611206712
Guu with Garlic,Vancouver,V6G 1C7,49.290249,-123.1338142,1115,2,Japanese,4.3,1,45147.54,24598.78,44.21,9,12.52314887376158
Joy's Taiwanese Kitchen,Richmond,V6X 2C3,49.1819171,-123.1363782,23,1,Taiwanese,3.9,0,29900.0,3402.03,46.29,23,59.01150917214461
The Canadian Brewhouse & Grill,Richmond,V6X 0M5,49.17762,-123.12371,171,2,Sports Bars,3.4,0,31280.0,5408.67,38.55,7,46.74993220945475
Gyu-Kaku Japanese BBQ,Vancouver,V6Z 2H1,49.28031,-123.12467,425,2,Japanese,4.0,1,48620.78,23281.34,47.96,17,69.91408107937275
Sushi Modo,Burnaby,V3N 1B8,49.225836,-122.937422,121,2,Sushi Bars,4.3,1,37336.36,5264.4,29.36,1,61.59187603503072
Kozak Ukranian Eatery,New Westminster,V3L 3B3,49.2114757572234,-122.918422905028,153,1,Bakeries,4.4,1,43474.29,7168.23,30.17,14,4.263127399654022
Dominion Bar + Kitchen,Surrey,V3T 1V8,49.19024372736193,-122.848227414672,57,3,Canadian (New),3.7,0,35770.0,7038.85,45.23,4,35.065396807511156
Waves Coffee House,Coquitlam,V3B 5R5,49.2784614,-122.7985418,6,2,Coffee & Tea,3.0,0,36292.31,6123.08,30.58,12,221.5856400274941
Cactus Club Cafe,Vancouver,V6C 0C3,49.288953168131265,-123.1170999,1072,2,Canadian (New),4.2,1,45507.69,11268.16,46.63,12,245.2332960520999
Japadog,Richmond,V6X 2X9,49.17513197931976,-123.13605273665104,28,1,Hot Dogs,4.0,1,29133.33,6247.96,39.29,15,45.1577217197061
Re-Up BBQ,New Westminster,V3M 6B9,49.2000834965815,-122.911374465514,187,2,Barbeque,3.8,0,45623.53,13453.29,41.23,13,115.15869615061519
Urban Gate,Coquitlam,V3B 0C6,49.28222,-122.7962049,122,2,Persian/Iranian,3.1,0,35887.5,6061.08,28.36,11,56.581196548313166
JJ Bean Coffee Roasters,Vancouver,V6C 0B2,49.287471,-123.116865,39,1,Cafes,3.8,0,46193.1,12201.88,48.28,17,110.38428584974305
Fatburger,Coquitlam,V3K,49.23409,-122.86301,50,2,Burgers,3.4,0,42466.67,3017.17,28.21,0,93.76611303931796
Saigon Ivy,New Westminster,V3L 3B4,49.21207002304541,-122.91928025557236,48,2,Vietnamese,3.4,0,43522.22,6931.93,29.86,15,38.98241114547762
Sushi Bar Shu,Vancouver,V6P 4Z5,49.2123904,-123.14068048650988,78,4,Sushi Bars,4.4,1,36321.43,5387.12,30.27,1,123.40310671791931
Aaron's Restaurant,Surrey,V3S 1H1,49.1062,-122.73329,27,3,Italian,3.2,0,41100.0,2812.39,28.68,4,26.018759967290272
Kirin Restaurant,New Westminster,V3M 7A3,49.1867640831858,-122.955329577009,153,2,Seafood,3.5,0,40666.67,2762.85,30.75,0,256.96827539262887
Desi Turka Indian Cuisine,Burnaby,V3N 3N1,49.220269,-122.929508,78,2,Indian,3.9,0,39200.0,5620.64,25.92,1,15.050497167850285
New Lakeview Seafood & Wunton,Burnaby,V3N 3M9,49.2204185639885,-122.930049553083,71,2,Seafood,3.3,0,39200.0,5620.64,25.92,1,57.443555838094554
Yin Ji Chang Fen,Richmond,V6X 3L4,49.17786599999999,-123.1294224,136,2,Cantonese,4.3,1,30600.0,5724.97,41.37,16,118.40497434107759
Chao Shou Wang,Burnaby,V5H 2A9,49.2290734,-123.0048795,44,1,Chinese,4.1,1,34248.65,8985.11,39.16,13,71.70231884363928
The Apron,Richmond,V6X 4K3,49.19085129402266,-123.13391892507546,48,3,Breakfast & Brunch,4.0,1,31500.0,3413.66,51.86,3,122.54515319373033
John 3:16 Malaysian Delights,Vancouver,V6H 1E2,49.26371,-123.12812,85,2,Malaysian,4.2,1,55361.54,10785.21,39.89,5,48.203133682204864
Marugame Udon,Vancouver,V6B 6A3,49.2801931,-123.11028743227573,102,2,Japanese,4.0,1,48120.0,13733.22,48.82,26,39.891791210975384
Just Waffles,Vancouver,V5K 2A8,49.28128196346295,-123.02744138985872,148,2,Breakfast & Brunch,4.5,1,40990.48,3543.92,28.77,2,75.43440879827192
Charisma Cafe & Dessert House,Vancouver,V6B 6C1,49.27998259460614,-123.1087145,59,1,Desserts,3.9,0,45367.57,13394.77,47.65,22,73.36852621854904
Motonobu Udon,Vancouver,V5K 0E5,49.2813968,-123.0280718,137,2,Japanese,4.2,1,41263.16,3530.19,29.17,2,69.1878454650198
Afghan Turkish Cuisine,Burnaby,V5C 5G4,49.2807738,-123.0028986,62,1,Afghan,4.0,1,38016.67,4816.52,27.28,2,43.035282672976436
Lee Gar Nei,Surrey,V3R 8X7,49.1856150038833,-122.799098426308,27,2,Korean,4.0,1,36390.48,5772.43,27.58,7,141.13318936513778
Balkan House,Burnaby,V3N 1B4,49.22219,-122.94393,71,2,Modern European,3.4,0,35641.38,6502.64,32.3,2,53.821362693542596
Caffe Mira,Vancouver,V5T 3G7,49.2568399,-123.10088,46,1,Cafes,4.2,1,50754.55,8463.47,42.64,2,17.820810163324396
Chili Pepper House,Vancouver,V5R 5J6,49.236254639793266,-123.04171146419895,174,2,Hakka,3.8,0,34656.41,8290.75,33.96,0,55.21784703979876
Pho Capital,Richmond,V7C 0C7,49.17432292272627,-123.1480213,127,1,Vietnamese,4.0,1,30666.67,5741.67,39.87,1,216.08489240733118
49th Parallel Coffee,Vancouver,V5T 0C1,49.2591330651218,-123.10088478104,534,1,Cafes,4.1,1,51388.1,8164.82,45.11,4,39.76258334234562
Round Table Pizza,Richmond,V7C 1H5,49.15436908349,-123.157198331033,26,2,Pizza,3.2,0,29666.67,4076.61,24.29,1,118.25693037288049
Pink Peppercorn Seafood House,Vancouver,V5N 2R6,49.2493583,-123.0739159,165,3,Seafood,4.4,1,39221.05,7081.01,33.79,0,90.19437534294747
Greens & Beans Deli,New Westminster,V3L 3V9,49.2229306,-122.8931559,46,1,Delis,4.3,1,47709.09,4128.88,32.82,1,59.44178253651432
GoGo Chicken & BBQ,Coquitlam,V3B 2P7,49.282972,-122.796674,20,2,Korean,4.4,1,35922.22,6054.92,28.07,10,26.384254793606942
Artigiano,Richmond,V7B 0B7,49.197903,-123.140842,16,1,Cafes,2.9,0,39333.33,6740.26,33.64,0,420.4195513548633
Sun Century Cafe,Richmond,V6X 2C1,49.18621,-123.13344,13,1,Chinese,3.9,0,30866.67,2403.59,49.47,16,91.2581025262785
Tommies Jerk,Surrey,V3S 4K5,49.10037,-122.72386,10,1,Caribbean,4.7,1,42000.0,777.25,24.13,0,279.9415799645721
Planet India,Surrey,V3W 9Z1,49.13379,-122.83907,66,2,Indian,3.8,0,34612.5,4943.86,29.89,3,16.67935440668351
Wicked Cafe,Vancouver,V6H 1B8,49.26544874408263,-123.135842,137,2,Cafes,3.8,0,54719.51,10589.63,40.54,0,183.29465352618442
The One Restaurant,Burnaby,V5J 1H2,49.2211721,-122.9774371,266,2,Taiwanese,3.4,0,36294.74,5076.48,33.98,1,135.77589051718357
Kamini's Corner Cafe,New Westminster,V3L 1N3,49.21256260644152,-122.9363049723874,7,1,Cafes,4.4,1,39977.78,6816.18,28.79,2,28.326621928166347
Hokkaido Ramen Santouka,Vancouver,V6G 1C7,49.290236,-123.133811,1012,2,Ramen,4.2,1,45147.54,24598.78,44.21,9,12.129937086738893
Diamond Sweets Restaurant,Surrey,V4N 0Y3,49.1585503,-122.7814484,35,1,Indian,3.4,0,37611.11,5424.27,25.28,2,28.552152644578776
Taste of Splendour,Burnaby,V5G 1H3,49.25518,-123.0087,9,1,Caterers,4.1,1,39800.0,1593.43,25.72,1,176.5122352864504
The Hide Out Cafe,New Westminster,V3M 6V4,49.2029257,-122.9108691,85,1,Coffee & Tea,4.2,1,45478.26,11258.13,40.57,15,175.91424216647627
Brewster's Sports Pub & Liquor store,Surrey,V3W 5A5,49.13690145,-122.84518586,41,2,Burgers,2.3,0,34885.71,3533.86,27.68,6,45.98049856046208
Belle's Cafe,Surrey,V4P 2A8,49.06049887855645,-122.83416005374684,11,1,Cafes,4.3,1,46933.33,960.58,16.65,1,705.015330455436
Pho Tau Bay,Surrey,V3W 5A5,49.135731,-122.844616,67,1,Vietnamese,3.5,0,35366.67,3495.03,28.17,6,146.30756159550725
Peaked Pies,Burnaby,V5C 2J7,49.28077,-123.01351,53,2,Australian,4.1,1,41089.66,5204.71,27.68,9,20.871528983995006
Vegan Supply Surrey,Surrey,V4P 2J2,49.059709,-122.833843,6,2,Health Markets,4.3,1,46933.33,960.58,16.65,1,780.4207292842151
JOY Cafe,Vancouver,V6P 5X8,49.2098293,-123.1182943,53,2,Cafes,3.5,0,35190.48,4255.0,38.44,0,52.8674066374034
Chad Thai,Burnaby,V5C 2H9,49.2809351,-123.0160318,231,2,Thai,4.1,1,41379.31,5298.89,27.68,10,19.227414688731916
Ginger Indian Cuisine,Richmond,V6Y 3R9,49.15413956143999,-123.1245297116645,74,2,Indian,3.7,0,32304.35,6825.57,24.71,3,122.30328145456173
La Grotta Del Formaggio,Vancouver,V5N 4A4,49.2688848,-123.0697849,230,1,Delis,4.3,1,44605.0,7141.66,37.33,1,95.41351845558347
Kanpeki Teppanyaki & Seafood Bar,Richmond,V6X 1C3,49.1787958,-123.1314609,14,3,Japanese,3.4,0,30875.0,5461.97,41.56,24,299.0310198743705
Honeybrew,Vancouver,V6Z 2S7,49.27770339765184,-123.1269430835161,43,2,Bistros,4.1,1,49326.47,24027.21,47.8,15,17.1768403322199
Big Way Hot Pot,New Westminster,V3M 0G3,49.20104990676527,-122.91260437496535,16,2,Chinese,4.6,1,45340.0,12487.04,40.7,16,26.18922360811675
Anton's Pasta Bar,Burnaby,V5C 2J6,49.28072,-123.00984,557,2,Italian,3.5,0,39917.24,5180.7,26.93,8,61.890431926883295
Matoi Sushi,Coquitlam,V3B 6J6,49.274538,-122.791584,89,2,Japanese,3.5,0,37022.22,5757.08,32.58,6,38.9086604941476
Ash Street Bistro,Vancouver,V5Z,49.233925,-123.118871,13,2,Bistros,4.2,1,36837.5,3449.61,32.65,0,95.34511548905608
L'Abattoir,Vancouver,V6B 2J1,49.2831869855333,-123.104450140894,621,3,French,4.2,1,39384.62,10523.52,45.32,20,83.90525558498233
Gateway Pizza & Curry,Surrey,V3R 3W7,49.1699399,-122.8125,46,2,Indian,3.4,0,35000.0,3405.57,30.51,0,7.390323645404571
The Morrissey Pub,Vancouver,V6Z 1M5,49.2769058,-123.1268211,189,2,Pubs,3.7,0,49645.45,22946.89,47.37,15,61.32194013531494
Sura Korean Cuisine,Vancouver,V6G 1C3,49.2888601838143,-123.131742169312,482,2,Korean,4.1,1,45513.04,22528.33,44.49,12,43.741747276590154
Takara Sushi,Burnaby,V5G 1G4,49.2545851,-123.0220016,108,2,Sushi Bars,4.5,1,38320.0,2574.45,28.44,2,41.123497840677615
Browns Socialhouse QE Theatre,Vancouver,V6B 2P1,49.279919,-123.112788,85,2,Burgers,4.3,1,48625.64,14659.56,49.27,27,27.764172840862194
Sushi California,Coquitlam,V3J 1N7,49.2493323318395,-122.892389360117,351,2,Sushi Bars,3.4,0,37725.0,6448.87,38.82,5,93.21470444047259
The Spud Shack Fry,New Westminster,V3M 0G3,49.20095020309591,-122.91302027887068,213,2,Belgian,4.0,1,44968.42,13227.66,41.0,15,14.05075523991516
Agra Tandoori Restaurant,Burnaby,V5G 1G4,49.25443,-123.02066,205,2,Indian,3.9,0,38320.0,2574.45,28.44,2,73.67580303984616
Yianni's Greek Taverna,New Westminster,V3L 3B5,49.2124240808659,-122.919168452339,91,2,Greek,3.7,0,43211.76,6869.19,29.51,15,54.94632018136112
Thierry,Vancouver,V6E 1A1,49.2848818,-123.1228949,1042,2,Patisserie/Cake Shop,4.0,1,45468.75,19171.58,49.57,18,85.16217353199482
Zakkushi on Denman,Vancouver,V6G 2L7,49.291208,-123.136248,285,3,Japanese,4.2,1,45414.81,26785.84,43.37,8,23.621919993353757
Nana's Green Tea,Vancouver,V6M 1Z6,49.267587,-123.1086543,214,2,Desserts,4.2,1,54575.0,10968.48,46.58,1,178.42535179216435
Breakfast Table,Vancouver,V6H 1H6,49.25855,-123.13856,295,2,Breakfast & Brunch,4.3,1,53861.11,8128.57,43.33,0,27.90070349350148
The Red Accordion,Vancouver,V6G 1A6,49.29025,-123.131768,148,2,Cocktail Bars,4.6,1,45387.1,22644.64,43.75,10,83.58864871257039
Koto Izakaya,Richmond,V6X 1C3,49.1785,-123.13362,85,2,Japanese,3.0,0,30400.0,5367.22,41.04,26,225.2266660321333
Waffleland Cafe,Vancouver,V6B 1A5,49.2834917,-123.1050237,58,2,Waffles,4.1,1,40148.15,10727.83,45.68,18,120.09531353368529
Village Sushi Bar,Richmond,V7E 6S4,49.1186027526855,-123.158828735352,64,1,Sushi Bars,4.4,1,46800.0,6499.02,18.31,0,703.7446787933658
Empire Seafood Restaurant,Richmond,V6X 2E3,49.170860309787,-123.1370628440032,250,2,Seafood,3.3,0,29900.0,8872.56,36.87,12,65.41517271099924
Pearl Hot Pot,Burnaby,V5E 2W5,49.2188387,-122.964481,103,2,Hot Pot,3.3,0,36730.77,6991.83,32.62,5,61.37495804899288
Axum Restaurant,Vancouver,V6A 1S4,49.2814936637038,-123.07779582314,82,2,Ethiopian,4.4,1,40988.89,3524.52,36.2,2,8.60155182250483
IT Char Burger,New Westminster,V3L 2B8,49.222413,-122.9122126,81,1,Burgers,4.5,1,45312.5,3656.72,23.77,1,70.55956556689729
Waves Coffee House,Richmond,V7E 3M3,49.1241798712256,-123.182890052597,49,1,Coffee & Tea,3.0,0,43733.33,3807.65,16.21,3,204.34991262832665
Seasons In the Park,Vancouver,V5Y 2M5,49.2416705486198,-123.112535476685,599,3,Seafood,4.0,1,43920.0,3293.94,36.83,0,289.3920187613742
Main Choice Chinese Restaurant,Surrey,V3W 2N5,49.1338858,-122.8518572,66,2,Chinese,3.8,0,33569.23,3024.85,30.21,2,23.407284644178567
Kosoo,Vancouver,V6E 1B2,49.28494,-123.12592,176,2,Korean,4.3,1,45331.51,22831.24,49.03,14,116.00006036151755
Guildford Station Pub,Surrey,V3R 4J6,49.18759,-122.79506,115,2,Pubs,3.5,0,36990.0,4921.09,28.28,5,376.88140267747207
Han Lin Noodle House,New Westminster,V3L 3B2,49.210381277082135,-122.91715603819992,143,2,Chinese,3.5,0,43654.05,7978.02,34.15,12,27.097919847174257
Commercial Street Cafe,Vancouver,V5N 4E8,49.2526261,-123.0681265,75,2,Cafes,3.5,0,39945.45,6613.93,36.01,0,133.8640046828172
The Dolar Shop - Richmond,Richmond,V6X 2C7,49.1752620984987,-123.134143498425,253,3,Hot Pot,4.1,1,29490.91,6519.45,39.95,17,167.6961929201928
The Sandbar Seafood Restaurant,Vancouver,V6H 3R9,49.271502,-123.134151,845,3,Seafood,3.7,0,53185.37,13765.48,41.32,2,361.01066746939097
Hanaya Japanese Restaurant,Surrey,V4P 1G6,49.05326,-122.80091,73,2,Japanese,4.0,1,44825.0,2830.48,22.12,2,14.07304772550091
White Lotus Cafe,Burnaby,V5B 2Y1,49.2656111504516,-122.97883607144,98,2,Vietnamese,4.5,1,39566.67,3498.82,28.95,2,151.5538498826411
Excellent Ice,Surrey,V3S 5X7,49.1016051,-122.8070208,8,4,Skating Rinks,3.3,0,46560.0,2979.6,28.08,0,422.401768059251
New Amsterdam Café,Vancouver,V6B 1H6,49.283004,-123.110008,79,1,Cafes,3.9,0,46207.14,11679.35,51.18,28,21.622189402728136
Abyssinia Ethiopian Restaurant,Burnaby,V3N 1B4,49.2224351,-122.9437792,35,2,Ethiopian,3.9,0,36028.57,6393.02,32.68,2,75.45647776421812
East Cafe,Vancouver,V5K 1Y8,49.2812767,-123.0563278,60,1,Coffee & Tea,4.3,1,41557.89,6837.83,35.47,2,15.58717448917998
Japanese Bistro Kamome,Vancouver,V5R 6C9,49.2371553,-123.0327306,51,2,Japanese,3.9,0,35156.52,9446.47,36.7,0,72.75608866226437
Mediterranean Donair House,New Westminster,V3L 3C6,49.215202,-122.9225917,18,1,Greek,3.8,0,41381.25,7339.84,27.75,10,79.57488481270633
Butchers Block BBQ,Burnaby,V5C 1R3,49.28129,-123.01453,143,2,Barbeque,3.8,0,41385.71,5259.68,27.72,9,68.4656790233383
CRAFT Beer Market False Creek,Vancouver,V5Y 0C4,49.2705604,-123.1063494,557,2,Beer Bar,3.4,0,53735.0,13077.03,49.73,1,140.21358488632504
Conte Food Importers,Burnaby,V3N 0B9,49.1930765013523,-122.971642618571,12,2,Specialty Food,4.4,1,38800.0,679.8,22.38,0,47.97831302543675
L'Artista,Burnaby,V5E 2H7,49.281231129459975,-123.0188885,60,2,Italian,4.0,1,41911.11,4951.6,27.37,6,17.0807312911245
The Taco Factory,New Westminster,V3L 3W9,49.22904,-122.89241,39,2,Mexican,3.4,0,47507.69,2863.2,33.38,5,158.65864555678365
Kokoro Tokyo Mazesoba,Vancouver,V6B 3H6,49.2833927,-123.115078,518,2,Japanese,4.1,1,48435.0,14327.25,51.32,22,48.60017658465843
The Greek Corner,Surrey,V3W 5A5,49.1343307,-122.8452682,91,2,Greek,3.6,0,34833.33,3353.82,28.13,6,10.920962155200266
Banana Leaf,Vancouver,V5Z 1J8,49.26302,-123.1225,351,2,Malaysian,3.7,0,55465.71,10228.27,39.65,5,47.78477201639204
Taverna Greka Restaurant,New Westminster,V3L 1A6,49.2049414,-122.9043168,166,2,Greek,4.1,1,45386.67,10691.55,47.19,7,53.540332482576936
Encore Suite,Vancouver,V6B 6G1,49.2776420028873,-123.109174971689,3,2,Sports Bars,4.3,1,49511.76,17934.25,49.78,15,143.18947504303492
Banh Mi Bar Restaurant,New Westminster,V3M 6V4,49.20279527932723,-122.91101334289716,133,1,Sandwiches,4.7,1,45478.26,11258.13,40.57,15,158.02475833481688
Grand Chinese Restaurant,Burnaby,V5C 3Z2,49.266893,-123.004262,68,2,Chinese,4.0,1,42618.18,6874.09,46.95,4,96.06644588915792
Steveston Pizza Company,Richmond,V7E 3A2,49.1250589553541,-123.185554660698,320,2,Pizza,4.2,1,45527.27,3850.48,16.16,3,147.60671288978
Chambar,Vancouver,V6B 2L3,49.2801460007961,-123.109925328073,1668,2,Belgian,4.2,1,48120.0,13733.22,48.82,22,32.84746246653956
Thai By Thai,Surrey,V3V 4B5,49.1698001,-122.8900551,107,2,Thai,4.1,1,34350.0,4321.08,32.51,0,25.189241732287858
Gyubee Japanese Grill,Richmond,V6X 3K2,49.1712466,-123.1351984,120,3,Japanese,4.3,1,29482.35,7175.94,36.75,13,156.18427664862682
D Original Sausage Haus,Richmond,V7E 3L9,49.1262632,-123.1825342,22,2,Delis,4.8,1,45000.0,4072.93,16.91,3,78.97265272376758
Calabash Bistro,Vancouver,V6B 2J7,49.281004479966,-123.104228199529,308,2,Caribbean,4.0,1,40006.45,10966.19,44.37,20,64.9020048252157
South Castle Korean Restaurant,Coquitlam,V3K 3P5,49.2487155457237,-122.859535957053,26,2,Korean,4.1,1,39311.11,3830.66,27.58,5,94.31851329994768
Sun Sui Wah Seafood Restaurant,Richmond,V5V 3N9,49.17807135336199,-123.13554115581708,462,2,Seafood,3.5,0,29514.29,5540.4,40.65,20,78.39514730154531
Roundel Cafe,Vancouver,V5K 1Y8,49.28129402513607,-123.055357,175,2,Breakfast & Brunch,3.5,0,42000.0,6562.69,35.54,2,43.014309093927125
New Mandarin Seafood Restaurant,Vancouver,V5N 5A2,49.2430789410403,-123.062085096174,282,2,Dim Sum,4.1,1,34761.11,7531.35,33.7,0,59.61777506768253
Basant Sweet House,Surrey,V3W 1R1,49.1509914,-122.8677853,7,2,Restaurants,4.1,1,30200.0,1142.8,33.97,3,10.058865532387712
El Comal,Burnaby,V5A 2H4,49.247876818077,-122.940112248954,53,1,Mexican,3.9,0,42800.0,844.53,22.86,0,351.8964206451858
Big Way Hot Pot,Burnaby,V5H 1Z8,49.2310987,-123.0083309711633,105,2,Hot Pot,4.0,1,34411.11,8326.47,37.23,7,38.16132017237322
JOEY Burrard,Vancouver,V6Z 1X9,49.282606,-123.1231879,687,2,Canadian (New),4.1,1,46740.28,20371.01,50.19,19,54.55291244483032
Starbucks,Surrey,V3W 3K3,49.1043053,-122.7393799,4,1,Cafes,4.5,1,42057.14,2721.72,28.62,3,15.941621268478526
Safari Snack House And Grill,Burnaby,V5E 3N1,49.239118670642895,-122.96287338465577,45,2,African,3.9,0,44600.0,2071.61,28.33,2,81.58289124261282
Anh and Chi,Vancouver,V5V 3M7,49.2550314422938,-123.100882202153,796,3,Vietnamese,4.0,1,51346.34,8329.22,40.74,3,7.911230767375117
Linh Cafe,Vancouver,V6Z 1N2,49.2746716,-123.12989802,366,2,Vietnamese,3.9,0,50539.29,21215.01,44.7,9,89.95986943766403
Ramen DANBO,Vancouver,V6M 2A3,49.23480431478797,-123.15913584083316,31,2,Ramen,4.4,1,41843.48,4513.72,24.43,1,78.16618982107713
Siam Le Bien,Burnaby,V5C 2J5,49.2813,-123.01068,106,2,Thai,4.3,1,40544.0,5347.52,26.59,8,104.92701602967324
Hee Rae Deung,Coquitlam,V3K 3V9,49.2475518179184,-122.891984134912,70,2,Korean,4.0,1,37257.14,5940.56,35.89,7,117.6303877635317
Cabizerra Bistro,Surrey,V3R 1V8,49.1987463,-122.8134292,12,1,Filipino,4.8,1,35141.18,5250.95,29.44,2,26.01090412680602
ChongQing Restaurant,Surrey,V3W 3N4,49.15272034339086,-122.88974194707586,64,2,Chinese,3.1,0,34600.0,6083.1,32.38,0,37.11506452338074
Breka Bakery & Cafe,Vancouver,V6E 1Y4,49.2857242811844,-123.1271553452,395,1,Cafes,3.9,0,45197.33,22271.77,48.26,13,38.03449187077022
Shanghai Fortune Cuisine,Burnaby,V5H 2A9,49.22954179328731,-123.0046759319506,32,1,Chinese,3.9,0,33954.29,12329.57,39.62,13,75.49461618849132
Sal y Limon,Surrey,V3S 9H7,49.0469347453396,-122.77867790858,111,2,Mexican,3.8,0,42577.78,4505.6,24.13,2,104.33948874815447
Creme de la Crumb Bakeshop & Catering,Vancouver,V5L 3K6,49.2738565,-123.0775108,16,1,Bakeries,3.3,0,43614.81,5094.65,36.22,0,10.75885635244102
Sushi Heaven,New Westminster,V3L 3X6,49.2306827,-122.8929216,64,1,Sushi Bars,3.8,0,47485.71,2842.66,32.88,5,31.69647263728694
Vault Restaurant,Surrey,V3S 4C8,49.10711,-122.73478,173,2,Steakhouses,3.9,0,41200.0,2752.94,28.74,4,71.0733066058437
50's Burgers,Burnaby,V3N 1B9,49.22481,-122.94043,130,2,Burgers,3.6,0,36036.36,5838.79,30.11,3,60.98780764611987
Barcelos Flame Grilled Chicken,Burnaby,V5J 1P8,49.19813330438935,-122.97878590283268,49,2,Portuguese,3.8,0,42400.0,151.96,24.57,2,107.36670258915599
Chan's Garden,New Westminster,V3L 3X4,49.2298584,-122.8930588,81,2,Chinese,3.7,0,47485.71,2842.66,32.88,5,72.89361572416944
Steve's Poké Bar,Surrey,V3R 4G5,49.18376,-122.80127,102,2,Hawaiian,4.5,1,36428.57,5919.43,27.62,4,25.68900302697269
Whole Food Market,Vancouver,V5Z 1C6,49.2640495,-123.1150513,17,1,Coffee & Tea,3.9,0,55909.68,9895.18,42.86,5,47.80106632351413
Double Double Restaurant 老油条,Richmond,V6X 2C2,49.18038,-123.13547,193,2,Cantonese,3.4,0,29750.0,4620.35,43.33,24,83.10803300529624
Cafe 106,Burnaby,V5H 2G1,49.2237644468902,-122.988622382664,52,1,Coffee & Tea,4.3,1,33828.57,7022.97,41.54,4,106.68317373902099
Social Corner,Vancouver,V6B 5S3,49.2785831916346,-123.118480343303,335,3,Pizza,3.6,0,49698.15,20336.11,50.2,20,172.82426498816096
S2 Cafe House,Vancouver,V6A,49.2807503,-123.0853195,12,1,Cafes,3.8,0,33600.0,4230.74,31.81,1,45.29023209249803
Kiki's Restaurant,Surrey,V4A 9E3,49.03728,-122.80147,48,2,Mediterranean,3.8,0,39152.94,4433.64,15.86,1,59.00322663261534
Lido Restaurant,Richmond,V6X 3L7,49.18254316529722,-123.13415835841272,394,2,Hong Kong Style Cafe,3.6,0,30700.0,3407.08,48.72,25,191.2759770412239
Score on Davie,Vancouver,V6J 5L1,49.2823221457395,-123.134614739512,382,2,Sports Bars,4.3,1,45461.04,22773.07,48.79,2,30.701075416589315
Sabai Thai Restaurant,Surrey,V3R 4B1,49.1909867,-122.8065349,110,2,Thai,4.0,1,35350.0,7115.56,29.37,2,3.4867025411144517
North Noodle House,New Westminster,V3M 0G3,49.200992,-122.913094,127,2,Chinese,3.9,0,44968.42,13227.66,41.0,15,7.728358847031394
Minami,Vancouver,V6B 2T9,49.2752733,-123.1207029,846,3,Japanese,4.1,1,51796.0,20869.79,47.75,15,118.4290638563887
Black Frog Eatery,Vancouver,V6B 2M8,49.284598,-123.108687,240,2,Pubs,3.8,0,43339.13,9906.17,48.62,22,117.65674858536151
Chen,Burnaby,V5C 2J6,49.28086095595619,-123.0091730738817,28,2,Vietnamese,4.1,1,39917.24,5180.7,26.93,9,30.217364830944643
Osteria Savio Volpe,Vancouver,V5T 3K5,49.2574913,-123.0909344,500,3,Italian,4.2,1,46455.77,9111.05,42.93,2,72.80815574264885
Thai New West,New Westminster,V3L 3W9,49.229001,-122.89251,95,2,Thai,3.8,0,47485.71,2842.66,32.88,5,155.3501471362809
Marulilu Cafe,Vancouver,V5Y 1R4,49.26338,-123.11415,303,2,Cafes,4.0,1,56120.0,9816.14,42.82,5,31.853446860580696
Kojima Sushi,New Westminster,V3L 3B1,49.2106056213379,-122.917495727539,54,1,Sushi Bars,2.8,0,43427.03,7872.3,33.18,12,53.27672035922984
75 West Coast Grill,Richmond,V6X 1A3,49.170509,-123.140563,80,2,Lounges,3.8,0,29633.33,7928.77,37.0,7,39.687317622345624
Redbud Cafe,Richmond,V6Y 1P3,49.1622807256808,-123.131702194383,35,2,Hong Kong Style Cafe,3.1,0,32077.42,11848.27,28.7,5,93.03636848235514
Lahori Sweets & Restaurant,Surrey,V3W 0E6,49.1484413,-122.8649063,49,2,Halal,4.0,1,29900.0,1815.89,34.93,3,213.79057899616294
Sapporo Kitchen,Surrey,V4A 4N3,49.03159912001535,-122.80144046744888,102,2,Japanese,3.9,0,41216.67,6358.39,14.01,3,35.85461605959343
Earls Kitchen + Bar,Vancouver,V6Z 1V3,49.281536,-123.12368,334,2,Canadian (New),3.7,0,47422.37,23280.93,48.55,18,94.75953933089058
Saku,Vancouver,V6G 2G5,49.28923400821203,-123.13230361739016,525,2,Japanese,4.5,1,45545.45,22153.3,43.79,10,19.06277491233838
Dutch Anchor Restaurant,New Westminster,V3M 5B3,49.19446139999999,-122.9279768,56,2,Greek,3.3,0,48480.0,4484.7,31.15,0,54.159124524398
Salmon n' Bannock,Vancouver,V6H 1G5,49.2631378,-123.1296705,270,2,Canadian (New),4.5,1,54507.5,10940.23,40.47,3,49.78713961415875
Maruhachi Ra-men,Vancouver,V6G 2J6,49.2905691,-123.1333951,809,2,Ramen,4.3,1,45147.54,23765.56,44.18,9,41.804372836499724
Oddfish,Vancouver,V6J 5B8,49.2708136,-123.1475237,108,3,Seafood,4.1,1,54839.47,8712.44,41.68,3,173.35448344019647
R & H Chinese Food,Richmond,V6X 2X9,49.17571487673434,-123.13191884109996,222,2,Food Court,4.0,1,29550.0,5670.48,39.41,17,211.86796066008083
Bamboo Grove,Richmond,V6X 1A5,49.163311,-123.13637,32,2,Seafood,3.4,0,31987.5,11456.1,28.24,5,27.201542233233756
Zhous Chinese Restaurant,Coquitlam,V3J 3R3,49.2626492660541,-122.839037613753,28,1,Chinese,3.3,0,45422.22,2021.37,20.45,1,121.30973745267033
Anny's Dairy Bar,New Westminster,V3L 3C5,49.214855,-122.922433,141,1,Canadian (New),4.2,1,41381.25,7339.84,27.75,11,112.96958682518371
European Breads,Vancouver,V5V 4G3,49.2463202,-123.0899976,26,1,Bakeries,3.7,0,44147.37,6678.9,30.92,1,22.59492681620373
Omega Pizza & Wings,Surrey,V3W 5A8,49.14043655771575,-122.8459367,35,1,Pizza,2.6,0,32690.91,3485.68,31.75,2,40.70095858415448
Tasty Donair,Surrey,V3W 2P2,49.133938,-122.842573,55,1,Donairs,4.3,1,35371.43,3494.2,28.85,5,59.6569772786451
The Dirty Apron Delicatessen,Vancouver,V6B 2L3,49.2805632,-123.1091772,74,2,Cafes,4.5,1,47288.24,13234.57,49.32,24,96.99520847529543
Hangang Korean Restaurant,Coquitlam,V3K 3P5,49.24868041062316,-122.85874128895492,12,2,Korean,4.1,1,39311.11,3830.66,27.58,5,41.69154945596007
Red Robin Gourmet Burgers and Brews,Surrey,V3R 4G6,49.18838300274452,-122.80139260276438,116,2,Burgers,3.6,0,35895.24,6986.41,28.96,7,23.050767764459728
Garden Cafe at VanDusen Garden,Vancouver,V6M 4H1,49.2383826,-123.1281484,54,2,Cafes,3.1,0,41246.15,2852.86,29.98,0,55.98331628563189
Crispy Falafel,Coquitlam,V3K 6P9,49.2352018438231,-122.855761778291,25,2,Falafel,3.7,0,42280.0,2925.93,28.22,3,280.3625552961604
La Forêt,Burnaby,V5J 4B3,49.2212819390063,-122.995836958493,590,2,Coffee & Tea,3.7,0,33271.43,8714.52,42.14,0,188.95211046517792
Browns Socialhouse Panorama,Surrey,V3S 5K7,49.10397,-122.798523,56,2,Pubs,3.3,0,47100.0,4730.17,27.24,2,103.93007896071293
Jam Cafe on Beatty,Vancouver,V6B 2L3,49.2802586,-123.1096376,1573,2,Breakfast & Brunch,4.4,1,48429.41,13454.61,48.95,24,53.63485047752803
The Flying Pig - Yaletown,Vancouver,V6B 2S2,49.27501,-123.122,1436,2,Canadian (New),4.0,1,51596.0,20042.06,46.94,15,41.17995688192717
Cactus Club Cafe,Burnaby,V5C 3Y6,49.26671212,-123.01085799,176,2,Canadian (New),3.7,0,42150.0,6435.25,47.48,3,103.3283398411765
Crossroads Cafe,Vancouver,V6Z 1S4,49.28288,-123.12191,2,1,Cafes,4.5,1,46825.76,20316.14,50.94,24,81.01823623100877
Parker Place Aberdeen Meat & B.B.Q,Richmond,V6X 3V7,49.1819617,-123.1364551,186,2,Meat Shops,4.2,1,29900.0,3402.03,46.29,21,51.99928989970097
C Market Coffee,Coquitlam,V3K 6V9,49.2338639121429,-122.8530460160252,104,2,Coffee Roasteries,4.0,1,42240.0,700.41,25.67,3,108.84860144791992
Sushi Mori,Surrey,V4A 2H9,49.0457580108793,-122.7973473,73,2,Japanese,3.4,0,39072.73,3339.77,18.5,0,54.13853932152376
Chopsticks On Pho,Surrey,V3S 0X9,49.1044634,-122.7986729,108,2,Vietnamese,3.8,0,47100.0,4730.17,27.24,2,88.47096150956462
The Taste of Africa,Surrey,V3T 2X6,49.196348,-122.845649,35,1,African,4.4,1,36675.0,5392.19,43.98,1,185.61909069440645
Red Dot Cafe,Richmond,V6V 2H7,49.1861496,-123.0807571,14,2,Cafes,3.7,0,34285.71,4352.54,25.19,0,93.00178526910592
Boston Pizza,Burnaby,V5H 4L7,49.2267071,-123.0039352,76,2,Pizza,2.5,0,33622.22,11232.38,39.76,12,66.49535819504955
No.1 Beef Noodle House,Burnaby,V5G 3H5,49.2425291,-123.004037333135,215,2,Taiwanese,3.4,0,38830.77,2617.73,27.29,0,40.11108531161049
Ole Ole Mexican Deli,New Westminster,V3M 4K4,49.21157,-122.93511,53,2,Mexican,3.5,0,39986.67,6841.06,29.8,3,97.54441368414045
Lunch Lady,Vancouver,V5L 3W9,49.27497,-123.06915,368,2,Vietnamese,4.2,1,45062.86,6833.43,36.64,1,26.65637435986467
Faubourg,Vancouver,V6M 1Z1,49.2344771,-123.1574179,206,2,Bakeries,3.5,0,41700.0,4110.37,24.06,1,52.44115269111073
Tendon Kohaku,Vancouver,V6Z 2S9,49.28107123873706,-123.12179426645872,216,2,Japanese,4.3,1,47770.42,21320.82,49.26,17,93.59177718726454
Pho Den,Burnaby,V5H 4J2,49.21985466539446,-122.970256331213,47,2,Vietnamese,3.9,0,36936.36,5314.99,33.49,4,86.89345573828749
Cafe Ami,Vancouver,V5Z,49.260803,-123.123994,10,1,Cafes,3.6,0,53817.95,9712.11,40.89,5,36.22437805609541
Nordel Sushi,Surrey,V3W 1P6,49.1609149,-122.8885017,69,2,Japanese,3.3,0,34563.64,3792.44,31.75,1,128.00459680704714
Afghan Chopan Restaurant,Richmond,V6X 3Y2,49.16996743188082,-123.13302061349331,72,2,Afghan,4.3,1,30231.58,9843.9,36.09,10,152.0996787628558
Super Stars Cafe,Richmond,V6X 4A8,49.17951542639547,-123.1350582,30,1,Cafes,3.1,0,29750.0,4620.35,43.33,28,117.72246173298285
Afghan Chopan Restaurant,Surrey,V3W 3A8,49.147471095003574,-122.86530131592922,113,2,Afghan,3.9,0,30028.57,1684.04,35.37,3,204.21741784114118
Sushi U,Burnaby,V5B 2Y1,49.2654624429451,-122.978147623681,67,2,Japanese,4.5,1,39566.67,3498.82,28.95,2,105.42015742716022
LA Grill & Bistro,Richmond,V7C 5J9,49.1536432938359,-123.158798217773,103,1,American,3.3,0,29600.0,3920.29,24.19,1,18.403809121975996
Prado Cafe,Vancouver,V6B 1G8,49.2818961,-123.1074141,96,2,Cafes,3.9,0,42937.5,12267.04,47.81,23,43.337178998586076
Harvest Community Foods,Vancouver,V6A 2B2,49.277781,-123.0980624,76,2,Grocery,3.6,0,38103.45,9891.2,41.78,4,88.93634845230285
Caveman Cafe,Vancouver,V6B 6N8,49.280802324947445,-123.10703500282293,313,2,Organic Stores,4.4,1,42812.5,12649.65,47.28,23,10.85113292041144
Amelia Restaurant,New Westminster,V3M 4J4,49.20876,-122.93227,22,1,American,4.3,1,40554.84,6391.15,30.74,2,15.096433506934758
Gyu-Kaku Japanese BBQ,Richmond,V6X 2A4,49.1774949,-123.1372648,155,2,Japanese,3.7,0,29466.67,5393.95,41.45,16,62.39336365346924
Malaysian Hut,Surrey,V3R 1V9,49.1989290068985,-122.814328819513,47,1,Malaysian,4.0,1,35425.0,5108.61,29.8,2,91.11520133606183
Cactus Club Cafe,Burnaby,V5H 4L7,49.22775581945971,-123.00329214418927,173,2,Cocktail Bars,3.9,0,33473.68,10719.99,39.53,12,73.5643124413995
Their There,Vancouver,V6J 1M9,49.2679649501648,-123.151158941154,161,2,Breakfast & Brunch,4.2,1,55439.58,9783.32,41.05,4,27.532232653138315
Great Canadian Casino Vancouver,Coquitlam,V3K 6W3,49.2276116,-122.8378131,48,1,Casinos,2.5,0,43200.0,386.3,23.87,0,99.8072074319062
Fresh Sushi Roll,New Westminster,V3L 3C2,49.2133039,-122.9207809,11,1,Sushi Bars,2.8,0,42321.21,7765.07,28.96,13,12.965142339625682
Cuchillo,Vancouver,V6A 2Z1,49.283262611469,-123.098110155039,314,2,Latin American,4.2,1,37579.31,8625.43,38.62,10,4.732010368068061
Fresh Donair,Vancouver,V6Z 1L4,49.2792016361722,-123.12335201658,59,2,Donairs,4.7,1,48877.14,23774.53,48.39,25,96.84285121907533
Westcoast Poke,Richmond,V7A 1N6,49.13223459520562,-123.09558136751669,48,2,Hawaiian,3.9,0,37828.57,4089.25,25.57,1,127.46782599862132
Prabu Sweets,Surrey,V3W 4E1,49.13036,-122.86825,41,2,Desserts,3.9,0,30181.82,5994.8,35.86,0,82.19838773560855
The Dolar Shop - Station Square,Burnaby,V5H 0H5,49.2277884925998,-123.00316795158996,169,3,Hot Pot,4.3,1,33473.68,10719.99,39.53,12,77.98842141883762
España Restaurant,Vancouver,V6G 2M8,49.2880552,-123.1404114,269,2,Spanish,4.2,1,45482.76,24653.96,43.57,1,59.12639236246667
Skye Avenue Kitchen & Lounge,Surrey,V3T 0A3,49.1876994453086,-122.84848282640564,21,3,Canadian (New),4.1,1,35314.29,7314.44,44.8,4,127.92063079851187
To Live For Bakery,Vancouver,V6L 4T8,49.27121199258215,-123.0565958,65,2,Bakeries,4.6,1,42724.32,6058.1,31.87,0,146.33019450738036
Ki Cafe,Burnaby,V5J 4J2,49.2208272,-122.9884543,125,2,Desserts,3.9,0,34466.67,6205.02,40.29,2,79.7557636888559
Sushi Tree,Coquitlam,V3B 8A9,49.28064321231323,-122.79281080583212,42,1,Sushi Bars,4.4,1,36905.88,5750.39,28.53,13,73.50765056667845
Broyé Cafe & Bakery,Vancouver,V5W 3A4,49.22632,-123.09036,51,2,Bakeries,4.0,1,35315.15,6713.46,32.08,0,64.93961432875903
Seaport City Seafood Restaurant,Vancouver,V5Z 4M5,49.263921119674905,-123.115152,116,3,Dim Sum,4.2,1,55909.68,9895.18,42.86,5,63.029969693515326
Uno Beef Noodle,Richmond,V6X 2B2,49.193218109957115,-123.12980856746434,129,2,Noodles,4.4,1,31666.67,3529.54,47.86,4,148.1656837149169
Sushi Jin,Vancouver,V6Z 1A8,49.2795794102629,-123.123817518353,154,3,Japanese,4.6,1,48797.18,23263.66,48.41,21,47.667898302436555
Dynasty Seafood Restaurant,Vancouver,V5Z 4J7,49.2635999,-123.12138,375,2,Dim Sum,3.6,0,55503.03,10655.59,39.25,6,41.61266752301832
John 3:16 Malaysian Delights,Richmond,V6Y 2C4,49.1641317,-123.1362195,296,2,Malaysian,4.1,1,32036.36,11901.2,28.93,6,15.526027624298763
Birdies,Burnaby,V5C 6N4,49.2655537242762,-123.01959240000002,80,2,Salad,4.0,1,35860.0,4277.68,40.35,1,173.61685169445312
Finch's Market,Vancouver,V6A 1X8,49.2785699636665,-123.093410391164,47,2,Cafes,4.0,1,35550.0,6360.24,34.6,3,212.1796460069918
Miku,Vancouver,V6C 1S4,49.28691298612272,-123.11304877258942,2600,3,Japanese,4.4,1,45590.91,10902.6,48.6,18,18.016058741646436
Mango Mama Cafe,Richmond,V6X 3L7,49.18257822582507,-123.1341600423283,78,2,Desserts,2.1,0,30700.0,3407.08,48.72,25,191.56568331974924
Paradise Donair and Coffee Mania,New Westminster,V3M 4J9,49.2102203,-122.9331284,37,1,Cafes,3.4,0,40373.33,7381.89,30.8,3,59.50929223288117
Silver Tower Cafe Restaurant,Richmond,V6X 3L4,49.1781781,-123.1291034,131,1,Hong Kong Style Cafe,3.3,0,30763.64,5710.95,41.04,15,127.85648613601339
Park Crest Diner,Burnaby,V5B 2Y1,49.26536,-122.97789,35,1,Cafes,3.8,0,39566.67,3498.82,28.95,2,85.51298466768205
Boston Pizza,New Westminster,V3M 1C4,49.200572324849,-122.918331664376,51,2,Pizza,2.3,0,44127.27,12205.78,40.26,6,54.80179358204996
Apna Chaat House,Surrey,V3W 3N1,49.138979,-122.889138,155,2,Indian,3.7,0,32663.64,5375.16,32.0,1,145.3004244624742
Atlas Steak + Fish,Burnaby,V5G 1C7,49.256747,-123.006931,189,3,Steakhouses,4.0,1,38457.14,1059.86,24.93,1,325.48711452036963
Nagano Japanese Restaurant,Coquitlam,V3B 2P5,49.2819484741704,-122.799879881647,148,2,Japanese,3.6,0,36185.71,6493.74,28.08,6,117.84326723353635
Mr Shawarma,Vancouver,V6E 1B2,49.28526,-123.12075,227,1,Middle Eastern,4.4,1,46052.0,17582.68,49.67,22,41.06660257254003
La La Island,Vancouver,V6K 4N3,49.26435443750349,-123.171443449561,12,2,Bakeries,4.6,1,49588.24,6490.37,36.63,0,24.43486543106615
Neptune Palace Seafood Restaurant,Surrey,V3T 2W1,49.18693877584426,-122.8461404527314,122,2,Dim Sum,3.1,0,35761.9,7598.55,44.49,5,157.73040035714334
Stefanos Restaurant,New Westminster,V3L 1A7,49.2054199,-122.90424,105,2,Greek,3.0,0,46200.0,10105.08,46.28,6,97.57695200193737
Pho Super Bowl,Coquitlam,V3J 3X4,49.261720508586464,-122.89092417221092,49,2,Vietnamese,4.2,1,39423.53,5388.09,39.96,0,69.33719143485105
The Meat Up,Burnaby,V5H 2E6,49.2254546362785,-122.98992646931154,62,3,Barbeque,4.1,1,32742.86,7153.16,41.13,3,27.306429523704438
Hart House Restaurant,Burnaby,V5E 4H3,49.23804,-122.96671,154,3,Seafood,3.6,0,43120.0,1371.52,27.41,2,201.1590523549599
Sahota's Live Grill,Surrey,V3W 3N1,49.1399565,-122.88953034710508,29,2,Indian,3.0,0,32670.0,5530.59,32.94,1,73.47636585597482
Bacchus Restaurant & Lounge,Vancouver,V6Z 1T9,49.28229823003116,-123.12255606127432,231,3,Lounges,4.1,1,47168.92,21175.6,50.42,18,104.3699571189231
Denji Sushi,Surrey,V4N 3G6,49.1266,-122.70143,59,2,Sushi Bars,4.0,1,47882.35,4508.3,29.63,1,15.631788577062844
A&W,Surrey,V3W 2M1,49.1343815,-122.88677929,49,1,Fast Food,4.6,1,32129.41,5176.0,33.42,0,198.7370781646578
Samsoonie Noodle & Rice,Richmond,V6X 1A7,49.1707688466573,-123.133460687081,146,2,Korean,3.8,0,30044.44,9612.83,36.71,10,152.54633078816002
Leaf Tea,Surrey,V4A 4N2,49.031406,-122.800901,27,2,Cafes,4.4,1,41107.69,6167.51,13.94,3,48.712795630953444
X-Site Grill & Bistro,Burnaby,V5C 2K6,49.2811349,-122.9993576,173,1,Bars,3.8,0,38533.33,4488.77,27.64,2,100.86306327871195
Scarlet Tapas Lounge,Vancouver,V6Z 1M4,49.2768837,-123.126335,6,2,Cafes,2.2,0,49603.17,25755.58,47.86,16,26.32109475957218
Pakwan,Surrey,V3W 2V7,49.1406884,-122.8611251,10,2,Indian,4.1,1,31177.78,2266.59,35.53,0,47.14705191676754
Chettinad Dosa Palace,Burnaby,V5E 3N1,49.23933,-122.96364,83,2,Indian,3.2,0,44600.0,2071.61,28.33,2,24.168986470276828
Anatolia's Gate Restaurant,Burnaby,V5E 1E7,49.2183151,-122.9579254,155,2,Halal,3.8,0,36696.3,9483.63,34.69,1,24.522354696911258
Milestones,Coquitlam,V3E 1K9,49.2784,-122.80925,93,2,Canadian (New),3.2,0,39430.77,4861.0,28.46,2,57.4889393719166
La Belle Patate,Vancouver,V6E 1N4,49.2820547306569,-123.133442922354,610,2,Poutineries,4.2,1,45473.08,24198.29,48.94,2,10.782288245137778
Pizza Garden,Burnaby,V5H 2Y8,49.2252262,-123.0037541,44,2,Pizza,4.0,1,33366.67,11336.84,40.83,10,57.80952378039513
Fung May,Burnaby,V5H 2A9,49.2288939318384,-123.004783375498,30,1,Chinese,3.4,0,34248.65,8985.11,39.16,13,80.04942861832646
Browns Socialhouse Semiahmoo,Surrey,V4A 4N3,49.03143295501853,-122.80147612331338,40,2,Canadian (New),3.1,0,41392.0,6321.44,14.06,3,51.3340101921496
Angus T Bakery,Vancouver,V5S 0C2,49.20539421938929,-123.03085358154756,5,2,Bakeries,4.2,1,45400.0,4401.3,37.09,0,52.792051982013376
Thierry - Mount Pleasant,Vancouver,V5T 4V1,49.262040137647766,-123.09941897473132,55,2,Desserts,4.0,1,51134.21,8607.22,46.31,2,13.25683656310414
Bread Garden Urban Cafe,Richmond,V7B 1M8,49.1945454,-123.1747399,3,1,Cafes,3.0,0,48000.0,45.6,23.81,1,240.28806065110723
Galiano Cafe,Richmond,V7B 1B8,49.1806507736516,-123.170255156663,4,2,Airport Lounges,3.3,0,,,,0,107.41515609633208
Kook Korean BBQ,Vancouver,V5M 4N9,49.26894,-123.04565,212,3,Korean,4.2,1,35914.29,6069.4,30.06,0,94.1170448428135
Kozak Ukrainian Restaurant,Vancouver,V6C 3N8,49.28266968028282,-123.1045676752585,112,2,Ukrainian,4.6,1,40528.57,11038.37,44.97,23,25.769941909627654
Ramengers Feat. Smoking pig,Coquitlam,V3K 1E7,49.2386215122336,-122.86375656724,129,2,Korean,3.9,0,41400.0,3469.08,28.83,0,57.764745340875265
Shoestring Cafe,Richmond,V6V 2L3,49.17987407755384,-123.0695583361763,116,2,French,4.6,1,,,,0,36.319257500006984
Mount Everest Kitchen & Grill,Vancouver,V6B 3J5,49.28343057225757,-123.1142148824853,113,2,Indian,4.6,1,48284.21,13601.73,50.91,21,57.847696312459725
Seoul Grill House,Surrey,V3R 7V4,49.18662844935571,-122.80218576441264,142,2,Korean,3.4,0,36113.04,6494.28,28.84,6,113.001469366801
Chef Tony,Richmond,V6X 2C2,49.1805103,-123.1363684,372,2,Dim Sum,3.7,0,29133.33,4046.08,45.82,23,54.427166703772656
Kaffina Coffee,Surrey,V4P 0E5,49.056098987177705,-122.80476269500356,47,2,Cafes,4.3,1,48000.0,3077.56,21.92,4,120.26837688585277
Old Xian's Food,Richmond,V6X 3Z9,49.1852876,-123.1290331,57,2,Chinese,3.8,0,32250.0,4056.41,43.68,15,64.64592855436538
Le Marché St. George,Vancouver,V5V 4A3,49.2456344,-123.0941734,197,2,Cafes,4.1,1,45500.0,5641.75,30.57,1,290.3267117542322
Earls Kitchen + Bar,Burnaby,V5H 0H5,49.2279486,-123.0027748,131,2,Canadian (New),3.9,0,33473.68,10719.99,39.53,12,95.04734729991688
Excellent Tofu & Snacks,Richmond,V6X 3L7,49.18257600567325,-123.13418552693622,242,1,Desserts,4.2,1,30700.0,3407.08,48.72,25,189.6972761894852
Texx Big Burger,Surrey,V3T 4H4,49.189932,-122.841323,132,2,Burgers,4.1,1,36411.11,7507.07,45.21,2,172.4801404852652
Double East Cuisine,Richmond,V6X 2C2,49.183023,-123.135604,20,2,Seafood,2.8,0,30133.33,3351.64,49.73,21,95.45055736508874
Perfecto Cafe,Vancouver,V6B 2G6,49.276804,-123.125213,32,2,Cafes,4.1,1,49710.0,23872.97,47.91,17,42.372934368297024
International Food Fair,Vancouver,V6C 3B6,49.28533,-123.11718,12,2,Fast Food,3.8,0,46785.37,15446.68,50.47,19,66.97086827985915
Twinkle Cube Cafe,Richmond,V6X,49.1824873073973,-123.133310191333,16,1,Cafes,3.1,0,30700.0,3407.08,48.72,27,236.14602862417118
Freshslice Pizza,Richmond,V6Y 4E2,49.16855,-123.13571927116394,10,1,Pizza,3.8,0,30000.0,10142.77,34.91,13,25.125633861431627
Crackle Creme,Vancouver,V6A 2B2,49.27776,-123.0981399,300,1,Desserts,4.3,1,38103.45,9891.2,41.78,4,92.61955974144102
Round Table Pizza,Richmond,V6Y 2N6,49.15502603363286,-123.12585702070233,62,2,Pizza,3.0,0,32626.09,7421.96,25.63,3,31.49150400461387
ARC Restaurant,Vancouver,V6C 3L5,49.28733537787621,-123.11385049155078,225,3,Canadian (New),4.0,1,46400.0,11107.71,49.0,15,62.29366163490229
Hainan Kitchen,Richmond,V6Y 3X9,49.1553651,-123.1238682,52,2,Singaporean,3.3,0,32654.55,7248.77,24.91,3,109.38327577164206
Royal Tandoori Indian Restaurant,New Westminster,V3L 2Z8,49.20512,-122.90983,107,2,Indian,3.7,0,44830.77,10787.81,41.12,12,28.689246605581232
Waves Coffee House,Richmond,V6X 2E3,49.17090010978671,-123.13681390292656,36,1,Coffee & Tea,3.1,0,29900.0,8872.56,36.87,12,77.02627914719436
Cactus Club Cafe,Surrey,V4P 0A2,49.0604907475,-122.804682831,102,2,Canadian (New),4.0,1,50100.0,3338.72,25.36,2,210.86696801344638
Golden Pita Lebanese Restaurant,Burnaby,V3J 1M2,49.2531819933441,-122.897602039217,81,1,Mediterranean,4.2,1,39330.0,6122.74,36.79,3,55.44299163381336
Zaaki Cuisine,New Westminster,V3L 1V3,49.2131145,-122.9200483,71,1,Donairs,4.6,1,42805.71,6858.32,28.93,14,35.224333949416874
Talay Thai Restaurant,Vancouver,V6P 4Z8,49.210809,-123.140764,105,2,Thai,3.9,0,36125.93,5228.14,29.76,1,51.45733582829477
Straight Outta Brooklyn NYC Pizzeria,Vancouver,V6B 2B2,49.2791165,-123.1166227,262,1,Pizza,4.1,1,49663.46,18380.5,50.45,19,26.57271239776389
Cactus Club Cafe,Burnaby,V5J 0A2,49.2020089718037,-122.981729507446,174,2,Canadian (New),3.7,0,41000.0,278.11,24.71,2,77.56256967994378
Kulinarya,Vancouver,V5L 3X2,49.2744901,-123.0693269,85,2,Filipino,4.0,1,45062.86,6833.43,36.64,1,71.90279679396212
Ricky's Café,Burnaby,V5C 5Y1,49.265735924672,-123.00574472331364,35,2,Desserts,3.5,0,43350.0,6948.55,48.74,4,176.57115523584463
Aquarium Cafe,Vancouver,V6G 3E2,49.3012428,-123.1294403,7,1,Cafes,3.9,0,47600.0,281.8,35.75,0,322.83294122471887
El Inka Latin Deli,Burnaby,V5G,49.24941,-123.01912,64,2,Peruvian,4.4,1,37523.81,3196.32,28.43,0,73.93760166366076
Din Tai Fung 鼎泰豐,Vancouver,V6E 1A5,49.28562,-123.124798,356,3,Dim Sum,4.4,1,45241.79,19012.31,48.54,15,122.14393927162793
Fantastico Pizza 2001,Vancouver,V6B 1V5,49.284057261538024,-123.1136320546639,63,1,Pizza,4.1,1,48133.33,13099.21,51.62,20,30.409393415025452
MR MIKES,Coquitlam,V3B 6J6,49.27726890000161,-122.79442574110844,95,2,Steakhouses,3.3,0,36357.14,6786.72,29.28,11,105.87931984077949
Chào Mámi,Burnaby,V5C 2J3,49.2808832078838,-123.014717570458,213,2,Vietnamese,4.0,1,41385.71,5259.68,27.72,9,37.2978679904511
Canffle,Vancouver,V5R 5L9,49.2322894,-123.0268249,76,2,Waffles,4.2,1,35844.44,7305.27,36.32,0,63.406476836790155
Spice World Hotpot Restaurant,Richmond,V6X 4B3,49.1778510035881,-123.12732142157,25,2,Hot Pot,3.8,0,31555.56,5480.9,38.92,12,90.9936034301618
Nemesis Coffee,Vancouver,V6B 2N4,49.28281595985871,-123.11027107703038,421,2,Cafes,4.4,1,47059.26,11555.62,51.66,28,29.921418284342163
Cup Full Dessert Cafe,Coquitlam,V3B 8A9,49.28083,-122.79272,27,1,Desserts,3.7,0,36905.88,5750.39,28.53,13,84.17034302444189
El Santo,New Westminster,V3M 1A9,49.2022405,-122.9093807,282,2,Mexican,3.7,0,45640.0,11793.24,41.43,16,114.60716691044523
Tenen,Burnaby,V5J 4J8,49.21549,-122.98895,88,2,Barbeque,4.2,1,36470.0,4799.3,36.08,1,55.39353496467237
Hanwoori Korean Restaurant,Burnaby,V5J 1G2,49.22153,-122.9806,139,2,Korean,3.4,0,35370.0,5452.68,37.24,1,78.17411544884017
Manoush'eh,Vancouver,V6B 2G5,49.276653,-123.125728,275,1,Lebanese,4.8,1,49743.33,22818.21,47.47,17,34.52474980382144
Vesta Grill,Coquitlam,V3B 4S4,49.2774881,-122.7930624,22,2,Barbeque,4.3,1,36357.14,6786.72,29.28,11,193.00365347902962
Oceans 999,Vancouver,V6C 3B5,49.2881297,-123.1148699,48,3,Canadian (New),3.5,0,45740.0,9547.9,47.5,12,177.4790549006326
Kin Thai Kitchen & Bar,Surrey,V3S 0M6,49.0466759494366,-122.77521704598,49,2,Thai,3.5,0,43200.0,4139.23,27.12,2,121.1263774755503
The Fish Counter,Vancouver,V5V 3P2,49.250774041930285,-123.1012792,394,2,Fish & Chips,4.4,1,49648.72,6693.66,35.05,5,17.590674624909582
Frankie's Jazz Club,Vancouver,V6B 2M1,49.2781593,-123.11342570644008,65,2,Italian,3.9,0,51383.72,17542.82,50.38,16,90.90472142035222
Great Dane Coffee,Vancouver,V6T 0B4,49.2700488028238,-123.250755445288,74,1,Cafes,4.2,1,31440.0,2199.77,41.7,1,255.30204676892214
Sooda Korean BBQ,Burnaby,V5C 3Z6,49.2680924,-123.0003773,152,2,Korean,4.1,1,41692.31,6649.43,46.58,3,188.29919185898305
Sweet Memory,Richmond,V6X 1E4,49.1795389,-123.1348249,107,2,Desserts,4.2,1,29750.0,4620.35,43.33,28,131.73546110767643
Angelina's,New Westminster,V3M 6B9,49.200022,-122.91173,403,2,Breakfast & Brunch,3.9,0,45266.67,13328.24,41.04,14,103.91123827365422
Neptune Wonton Noodle,Surrey,V3T 2W1,49.1865774185184,-122.84743837116434,24,2,Noodles,3.3,0,35290.91,7614.22,43.96,4,244.15276172171184
Cafe & Life Co,Richmond,V6Y 0L3,49.16367265363718,-123.13465985287418,20,2,Breakfast & Brunch,4.3,1,32012.12,12091.87,29.0,5,15.761511650391682
Cactus Club Cafe,Coquitlam,V3K 4X8,49.23306607674114,-122.85075084472224,191,2,Canadian (New),4.0,1,42628.57,819.42,25.14,3,110.22918080903489
Chada Thai Fine Cuisine,Coquitlam,V3B 6J6,49.27777943404405,-122.794719444731,129,2,Thai,3.5,0,36357.14,6786.72,29.28,11,70.91214003575519
The Acorn,Vancouver,V5V 3P5,49.24958,-123.10143,506,2,Vegan,3.9,0,49358.33,6302.53,33.78,4,64.30815976868426
Fable Diner,Vancouver,V5T 1W1,49.2630749,-123.1019822,359,2,Diners,3.9,0,52830.3,10196.9,49.68,2,88.13699893877123
Moodswing Coffee And Bar,New Westminster,V3M 1A2,49.2022517,-122.9085935,106,2,Coffee & Tea,4.0,1,45640.0,11793.24,41.43,16,87.93006819751204
Bánh Mì Très Bon - Richmond,Richmond,V6X 0M6,49.177852,-123.120688,365,2,Vietnamese,3.8,0,32000.0,5079.18,37.02,4,129.07627478859314
Indian Wok,Burnaby,V5H 2G1,49.2248408,-122.9884673,99,2,Hakka,4.2,1,33826.09,6302.41,39.94,4,15.330352062064133
Sushi Yen,New Westminster,V3L 2Z1,49.2038975160565,-122.908591367304,25,1,Sushi Bars,3.8,0,45781.82,10499.6,41.29,16,48.84170443196737
Burnaby Mountain Clubhouse,Burnaby,V5A 4M8,49.265138,-122.943048,62,2,Lounges,4.1,1,40654.55,2766.8,23.87,0,437.9658066973759
Showcase Restaurant & Bar,Vancouver,V6E 4R5,49.2879858,-123.1204414,145,2,Seafood,4.1,1,45356.1,15858.28,47.59,14,85.46861177972065
Uncle Lu,Richmond,V6X 1J8,49.18570262126169,-123.12860998281006,59,2,Taiwanese,3.1,0,32250.0,4056.41,43.68,12,105.3590764868342
Homer St. Cafe and Bar,Vancouver,V6B 2W5,49.27842589023651,-123.11812388962127,404,2,Canadian (New),3.8,0,50040.38,20563.08,50.16,19,157.1460427080893
The Gray Olive Cafeteria,Burnaby,V5C 2J4,49.2807699,-123.01164,246,2,Breakfast & Brunch,4.1,1,40544.0,5347.52,26.59,8,132.5511231088864
Liberty Kitchen,Surrey,V3Z 0R5,49.0452889438938,-122.778361737728,40,2,Comfort Food,3.9,0,42577.78,4505.6,24.13,3,18.54921797210629
Five Sails Restaurant,Vancouver,V6C 3E1,49.2880313351364,-123.113292160758,245,4,French,4.4,1,45684.21,9656.4,46.68,11,125.02085569037105
Golden Samosa Bakery,Surrey,V3W 1W1,49.162635078126854,-122.88879025997797,31,1,Indian,4.1,1,34816.67,3835.78,31.73,1,97.47328690089535
CHAU Veggie Express,Vancouver,V6H 3S2,49.2726237,-123.1356235,41,2,Vietnamese,4.2,1,53797.62,13319.17,41.38,2,366.86505866204004
Sing Yee Chinese Restaurant,Richmond,V6X 3Z9,49.1849605,-123.1282953,35,2,Seafood,3.5,0,32250.0,4056.41,43.68,12,35.64595936508588
Shanghai Dimsum House,Burnaby,V5H 4V2,49.2294464,-123.0044077,160,2,Dim Sum,4.0,1,33788.89,11655.46,39.43,13,84.53596543318454
Ask For Luigi,Vancouver,V6A 1C4,49.2844485,-123.0976786,591,2,Italian,4.1,1,36635.71,8493.28,37.58,6,140.21573015889925
The 515 bar,Vancouver,V6B 3H6,49.283842,-123.1144244,21,2,Beer Bar,4.7,1,47862.86,13497.99,51.69,20,61.39761343851785
Saffron Indian Cuisine,Burnaby,V5H 1Z8,49.2311623,-123.0085405,263,2,Indian,3.8,0,34411.11,8326.47,37.23,6,40.095965213740776
Butter Baked Goods & Cafe,Vancouver,V6N 1G8,49.24213957138887,-123.1704097,108,2,Cafes,3.4,0,41824.0,3566.22,23.26,0,13.246413467953955
Sushi California - Surrey,Surrey,V3R 7P6,49.1893963,-122.7993351,144,2,Japanese,3.9,0,35863.64,6462.05,29.17,5,112.07740224101984
Khob Khun Thai Cuisine,Coquitlam,V3K 3P4,49.249218,-122.858859,134,2,Thai,4.3,1,39311.11,3830.66,27.58,5,56.59976549217127
Pizza One,Coquitlam,V3J 3R3,49.262742,-122.838984,19,2,Pizza,3.3,0,45422.22,2021.37,20.45,1,111.47488328068273
Sushi Farm,New Westminster,V3M 3S3,49.2118195905541,-122.924703396857,14,2,Japanese,4.1,1,41680.0,7965.98,30.02,12,42.79129440125547
Gordon Ramsay Steak,Richmond,V6X 3P8,49.19709365861781,-123.12741703210152,55,4,Steakhouses,3.7,0,36600.0,2368.64,48.51,2,185.8975702256212
Nīzu Cafe,Vancouver,V6C 1J8,49.28529078349641,-123.11634502209048,41,2,Cafes,4.1,1,47255.0,15754.82,50.77,19,26.99639486240032
La Taqueria Pinche Taco Shop,Vancouver,V5Z 3V6,49.263617,-123.112593,711,2,Mexican,4.2,1,55803.57,9629.0,43.51,4,135.11039422200693
Ay Chihuahua,Surrey,V4A 4N4,49.0332999,-122.80094,47,2,Mexican,4.1,1,40533.33,6014.68,13.88,4,8.203063549272558
Trafiq Cafe & Bakery,Vancouver,V5V 3R1,49.2474862,-123.1011218,339,2,Cafes,4.4,1,48990.62,6065.56,31.94,5,109.07476380875701
MYST Asian Fusion,Burnaby,V5E 1C5,49.21936313246308,-122.9706842,269,2,Chinese,3.6,0,36843.48,5392.62,33.61,4,66.04681030078137
Doppio Zero Pizza,Coquitlam,V3J 3P7,49.2635549,-122.847654,63,2,Italian,3.6,0,45600.0,2070.32,20.32,0,40.87567117216467
The Village Barbeque,Surrey,V3V 4C1,49.17621,-122.88987,18,1,Barbeque,3.6,0,33847.62,4711.5,34.72,0,33.50110085533345
HAAN Korean,Coquitlam,V3B 6S2,49.27459,-122.79247,76,2,Korean,3.8,0,37022.22,5757.08,32.58,6,54.02767467237238
Aka Sushi,Surrey,V3S 1E9,49.11859,-122.71199,38,2,Sushi Bars,4.0,1,45771.43,4008.06,24.55,0,10.291682459033197
Earls Kitchen + Bar,Richmond,V6X 2X9,49.1762654,-123.1318797,166,2,Canadian (New),3.2,0,29923.08,6256.22,40.66,18,270.81401166272514
Rosie's Country Cafe,Surrey,V4P 1B8,49.056674380316,-122.80853109372926,28,2,Cafes,3.9,0,42400.0,1489.24,17.6,1,168.94118787972917
Peaches,Richmond,V6X 4B3,49.1781063932489,-123.127360152108,25,2,Cantonese,3.5,0,31555.56,5480.9,38.92,12,112.83537107563505
Kishimoto Japanese Kitchen,Vancouver,V5N 4A9,49.2665099,-123.06935,554,3,Japanese,4.4,1,43697.44,7228.75,37.78,1,132.29739302730903
Continental Seafood Restaurant,Richmond,V6X 1L5,49.18391,-123.09426,219,2,Seafood,3.7,0,34960.0,3004.8,25.89,1,158.58201149238826
Japadog,Vancouver,V6B 1E1,49.285942555161974,-123.1123797035985,34,1,Hot Dogs,4.1,1,46775.0,11012.77,50.05,18,14.877413256176009
Hakone Sushi Bar,Coquitlam,V3B,49.28224,-122.79587,45,2,Sushi Bars,4.2,1,35887.5,6061.08,28.36,12,44.41259440559238
Cactus Club Cafe,Vancouver,V5Z 1E6,49.2633734327403,-123.117130327243,176,2,Canadian (New),3.8,0,56474.19,8686.31,38.34,7,49.430193350920035
OEB Breakfast Co. - Yaletown,Vancouver,V6Z 2Y3,49.273438,-123.119289,1034,2,Breakfast & Brunch,4.3,1,53163.83,19943.68,48.4,6,126.63179826788908
Spice of Nepal,Surrey,V3W 2N8,49.13339,-122.84879,60,2,Himalayan/Nepalese,4.2,1,33814.29,3199.07,30.5,5,130.84560722283436
Tokyo In April,Vancouver,V6B 2L1,49.2806813,-123.1073936,129,2,Japanese,4.4,1,43411.76,12415.09,47.61,23,24.90959925756874
Ramen Takanotsume,Richmond,V6X 0A4,49.1841116494066,-123.133542872965,56,2,Ramen,3.7,0,30866.67,2403.59,49.47,22,55.13226650408983
The Samosa House,Surrey,V3W 3K2,49.162746,-122.866827,93,1,Indian,4.4,1,31236.36,1685.3,36.8,0,53.67536229357059
Delta Pizza,Surrey,V3W 1B3,49.15558,-122.86452,12,2,Pizza,3.9,0,30400.0,854.01,34.56,0,242.87724617850782
McDonald's,New Westminster,V3L 5H1,49.2123616960379,-122.918872872422,20,1,Fast Food,2.5,0,43211.76,6869.19,29.51,15,39.87943066295538
STEM Japanese Eatery,Burnaby,V5J 2B7,49.21497276456137,-122.98816101534425,125,2,Japanese,4.2,1,36630.0,4651.66,35.77,1,26.203189289248975
G-men Ramen,Richmond,V6X 1C3,49.1784915815574,-123.129821190468,351,2,Ramen,3.9,0,31420.0,5609.92,41.27,18,187.39678678713182
The Lion's Den Cafe,Vancouver,V5T 2R6,49.257273,-123.089984,78,1,Breakfast & Brunch,3.8,0,46181.63,8943.99,42.35,2,32.54598066853203
LOCAL Public Eatery Gastown,Vancouver,V6A 1B2,49.2836468,-123.1039495,196,2,Gastropubs,4.3,1,39384.62,10523.52,45.32,18,142.87222344169612
Sushi Boss,Coquitlam,V3E 2Z4,49.2986583,-122.7872987,38,2,Sushi Bars,4.0,1,34066.67,4056.3,25.0,0,38.28218006642698
Pizza Pizzeria,Burnaby,V3N 2S9,49.2308488,-122.9058827,49,1,Pizza,4.2,1,45576.47,3671.31,26.05,1,336.0451375952691
Jejudo,Burnaby,V3N 4R7,49.2439366,-122.8942123,59,2,Japanese,3.5,0,37657.14,4514.42,36.63,5,111.1195672742824
Sciué Italian Bakery Caffé,Vancouver,V6E 0A7,49.28691,-123.1224397,25,2,Breakfast & Brunch,3.1,0,45223.53,17323.34,47.68,17,76.04142578623117
Pourhouse Restaurant,Vancouver,V6B 1B2,49.2841134475502,-123.10842879595,606,2,Cocktail Bars,4.0,1,43288.89,10466.33,49.76,25,94.96230478590621
Boy With a Knife Grill,Richmond,V6V 1X7,49.190947,-123.073984,55,2,Burgers,3.6,0,36800.0,1669.2,26.56,0,60.14916080381493
Sushi Garden,Burnaby,V5E 1E2,49.2191,-122.96725,169,2,Japanese,3.4,0,36424.0,5902.92,33.02,4,33.56657660330494
JOEY Coquitlam,Coquitlam,V3K 3S3,49.2457652,-122.89261,221,2,Canadian (New),4.0,1,37546.67,4567.42,36.38,6,78.42129969483025
Tokyo Joe Sushi,Richmond,V6X 3K8,49.172186088951655,-123.1336462733865,248,2,Japanese,3.6,0,29522.22,6411.94,36.6,14,162.04950016392237
