store_name,city,latitude,longitude,target_rating,target_is_successful,neighbourhood_name,competitor_count_500m,nearest_transit_distance_m
Miku,Vancouver,49.28691298612272,-123.11304877258942,4.4,1,Downtown,17,18.016058741646436
Kingyo,Vancouver,49.29073911099211,-123.13705023185994,4.4,1,Denman Village,13,67.12389420118018
Fanny Bay Oyster Bar & Shellfish Market,Vancouver,49.2787525,-123.1138689,4.4,1,Yaletown,16,58.12782738293309
Phnom Penh,Vancouver,49.278431,-123.098205,4.2,1,Downtown Eastside,5,97.91810475733658
Nemesis Coffee,Vancouver,49.28281595985871,-123.11027107703038,4.4,1,Gastown,20,29.921418284342163
Cactus Club Cafe,Vancouver,49.288953168131265,-123.1170999,4.2,1,Financial District,12,245.2332960520999
Kosoo,Vancouver,49.28494,-123.12592,4.3,1,Davie Village,11,116.00006036151755
The Flying Pig - Yaletown,Vancouver,49.27501,-123.122,4.0,1,Yaletown,19,41.17995688192717
OEB Breakfast Co. - Yaletown,Vancouver,49.273438,-123.119289,4.3,1,Yaletown,11,126.63179826788908
Lunch Lady,Vancouver,49.27497,-123.06915,4.2,1,Little Italy,0,26.65637435986467
Ramen DANBO - Robson,Vancouver,49.2874959131639,-123.128934167326,4.4,1,Lower Robson,12,59.77120741026365
Chinatown BBQ,Vancouver,49.280294,-123.1015,4.5,1,Chinatown,13,61.826644650149575
Guu with Garlic,Vancouver,49.290249,-123.1338142,4.3,1,Lower Robson,13,12.52314887376158
Jam Cafe on Beatty,Vancouver,49.2802586,-123.1096376,4.4,1,Chinatown,19,53.63485047752803
Saku,Vancouver,49.28923400821203,-123.13230361739016,4.5,1,Lower Robson,14,19.06277491233838
Medina Cafe,Vancouver,49.2804429972571,-123.117036269849,4.2,1,Yaletown,19,108.35438108453413
Ask For Luigi,Vancouver,49.2844485,-123.0976786,4.1,1,Japantown,4,140.21573015889925
Manoush'eh,Vancouver,49.276653,-123.125728,4.8,1,Yaletown,24,34.52474980382144
Tendon Kohaku,Vancouver,49.28107123873706,-123.12179426645872,4.3,1,Downtown,20,93.59177718726454
Japadog,Vancouver,49.28023880376068,-123.1183512558197,3.9,0,Yaletown,23,87.23914647799376
AnnaLena,Vancouver,49.2708261,-123.1467714,4.5,1,Kitsilano,4,176.34457498564964
Blue Water Cafe,Vancouver,49.2761945,-123.1209935,4.4,1,Yaletown,25,184.93336476521884
Botanist,Vancouver,49.2882901,-123.116555,4.3,1,Financial District,12,194.193877453685
Cardero's Restaurant & Marine Pub,Vancouver,49.2914561357511,-123.127575841549,3.9,0,Coal Harbour,9,191.1321879242539
Chambar,Vancouver,49.2801460007961,-123.109925328073,4.2,1,Chinatown,19,32.84746246653956
Lupo,Vancouver,49.278222058049096,-123.11735347768747,4.3,1,Yaletown,21,129.7526362494496
Saku,Vancouver,49.2631006,-123.11667523250104,4.3,1,Fairview,8,32.28566411987487
Din Tai Fung 鼎泰豐,Vancouver,49.28562,-123.124798,4.4,1,West End,12,122.14393927162791
Fat Mao Noodles,Vancouver,49.27982129999999,-123.1267997,4.4,1,Yaletown,17,104.52113655183466
Nightingale,Vancouver,49.2874110331456,-123.117770967577,4.2,1,Financial District,15,66.98423544307808
The Fish Counter,Vancouver,49.250774041930285,-123.1012792,4.4,1,Riley Park,4,17.590674624909582
Elisa,Vancouver,49.27597599917006,-123.12142339325408,4.3,1,Yaletown,23,147.1631502791943
La Belle Patate,Vancouver,49.2820547306569,-123.133442922354,4.2,1,Davie Village,4,10.782288245137778
Salmon n' Bannock,Vancouver,49.2631378,-123.1296705,4.5,1,Fairview,1,49.78713961415875
Hello Nori ,Vancouver,49.28559747478766,-123.1261163,4.5,1,Davie Village,10,49.88375925906814
Tokyo In April,Vancouver,49.2806813,-123.1073936,4.4,1,Chinatown,19,24.90959925756874
The Red Accordion,Vancouver,49.29025,-123.131768,4.6,1,Lower Robson,13,83.58864871257039
Kokoro Tokyo Mazesoba,Vancouver,49.2833927,-123.115078,4.1,1,Downtown,21,48.60017658465843
Maruhachi Ra-men,Vancouver,49.2905691,-123.1333951,4.3,1,Lower Robson,13,41.80437283649973
Happy Noodle House,Vancouver,49.27664,-123.12578,4.6,1,Yaletown,24,34.02548772907132
Mazahr Lebanese Kitchen,Vancouver,49.2615511,-123.1383052,4.7,1,South Granville,1,46.51157583870222
Tap & Barrel - Convention Centre,Vancouver,49.289845529586,-123.116857235515,3.8,0,Financial District,10,345.6260323306837
Calabash Bistro,Vancouver,49.281004479966,-123.104228199529,4.0,1,Chinatown,17,64.9020048252157
Sura Korean Cuisine,Vancouver,49.2888601838143,-123.131742169312,4.1,1,Lower Robson,14,43.741747276590154
Dinesty Dumpling House,Vancouver,49.2908176,-123.1343912,3.9,0,Lower Robson,12,84.88591901852101
Encore Suite,Vancouver,49.2776420028873,-123.109174971689,4.3,1,Downtown,7,143.18947504303492
Kishimoto Japanese Kitchen,Vancouver,49.2665099,-123.06935,4.4,1,Grandview-Woodland,1,132.29739302730903
LOCAL Public Eatery Gastown,Vancouver,49.2836468,-123.1039495,4.3,1,Gastown,15,142.87222344169612
Alouette Bistro,Vancouver,49.2853,-123.11829,4.3,1,Financial District,19,85.34953640145096
Tom Sushi,Vancouver,49.2815608,-123.1327476,4.7,1,Davie Village,5,21.16003423208933
Sawasdee Thai Restaurant,Vancouver,49.24703,-123.1008,4.0,1,Riley Park,1,120.09330757117355
Cactus Club Cafe,Vancouver,49.28554081466174,-123.11881637137162,4.1,1,Financial District,19,43.47358892882296
Tavola,Vancouver,49.2918164,-123.1357186,4.4,1,Lower Robson,11,65.83401866539032
Fritz European Fry House,Vancouver,49.2772045,-123.1265253,4.2,1,Yaletown,22,25.865813330267375
The Sandbar Seafood Restaurant,Vancouver,49.271502,-123.134151,3.7,0,South Granville,2,361.01066746939097
ONIGIRI YA,Vancouver,49.26339,-123.11652,4.6,1,Fairview,8,6.678860193750218
Alchemy Bar and Kitchen,Vancouver,49.27422,-123.124,4.2,1,Yaletown,17,128.93725279774492
Linh Cafe,Vancouver,49.2746716,-123.12989802,3.9,0,Granville,10,89.95986943766403
JOEY Burrard,Vancouver,49.282606,-123.1231879,4.1,1,Downtown,21,54.55291244483032
Rodney's Oyster House,Vancouver,49.274326,-123.123131,4.0,1,Yaletown,18,74.32290006895414
Riley's Vancouver,Vancouver,49.287641996861865,-123.1151089,4.3,1,Downtown,14,154.75566780070673
Published on Main,Vancouver,49.25283186017385,-123.10116032897228,4.3,1,Riley Park,3,48.80749788810439
Pourhouse Restaurant,Vancouver,49.2841134475502,-123.10842879595,4.0,1,Gastown,20,94.9623047859062
Hokkaido Ramen Santouka,Vancouver,49.263127,-123.1168917,4.2,1,Fairview,8,40.59180435220434
Social Corner- Coal Harbour,Vancouver,49.28789956950066,-123.11817217614248,4.5,1,Financial District,14,119.03831206827329
ARC Restaurant,Vancouver,49.28733537787621,-123.11385049155078,4.0,1,Financial District,14,62.29366163490229
Breakfast Table,Vancouver,49.25855,-123.13856,4.3,1,Fairview,1,27.90070349350148
Nero Waffles,Vancouver,49.27834403099929,-123.122044653573,4.4,1,Granville,32,64.19859942071194
Angus T,Vancouver,49.2762326068102,-123.119233623147,4.3,1,Yaletown,26,66.5077691612502
Nook,Vancouver,49.2917554,-123.1352974,4.2,1,Lower Robson,11,73.23016013922218
Fresh Donair,Vancouver,49.2792016361722,-123.12335201658,4.7,1,Granville,32,96.84285121907531
Seaport City Seafood Restaurant,Vancouver,49.263921119674905,-123.115152,4.2,1,Fairview,7,63.029969693515326
Le Crocodile Restaurant,Vancouver,49.2825393,-123.1252052,4.3,1,West End,17,57.470293970622656
Jeju,Vancouver,49.26228121460416,-123.0920469229725,4.5,1,Mount Pleasant,1,36.45769331633955
Fable Diner,Vancouver,49.2630749,-123.1019822,3.9,0,Mount Pleasant,4,88.13699893877123
Mount Everest Kitchen & Grill,Vancouver,49.28343057225757,-123.1142148824853,4.6,1,Downtown,22,57.847696312459725
The Magnet,Vancouver,49.28242131064444,-123.11118325952978,4.6,1,Chinatown,18,14.671275283084992
España Restaurant,Vancouver,49.2880552,-123.1404114,4.2,1,Denman Village,3,59.12639236246667
Robba Da Matti,Vancouver,49.283146323514835,-123.10375675641404,4.6,1,Gastown,16,100.90842140528632
Takenaka,Vancouver,49.2783093,-123.0755801,4.3,1,Grandview-Woodland,0,235.49404203295592
Mott 32,Vancouver,49.2868703881444,-123.124537612795,3.9,0,Coal Harbour,13,30.425898250530302
Peaked Pies,Vancouver,49.2896489,-123.1384797,4.4,1,Denman Village,13,51.52549399575768
St Lawrence Restaurant,Vancouver,49.2832584031253,-123.097993419888,4.4,1,Downtown Eastside,10,10.930447176184115
Raisu,Vancouver,49.2679990419609,-123.158381134272,4.3,1,Kitsilano,0,70.3179299979423
Anh and Chi,Vancouver,49.2550314422938,-123.100882202153,4.0,1,Riley Park,4,7.911230767375117
Nuba in Gastown,Vancouver,49.2827625062516,-123.109646101134,4.0,1,Gastown,19,58.25295567289824
Suyo Modern Peruvian,Vancouver,49.2540292,-123.1010659958052,4.5,1,Riley Park,4,35.312608922287225
Kozak Ukrainian Restaurant,Vancouver,49.28266968028282,-123.1045676752585,4.6,1,Gastown,18,25.769941909627654
Twisted Fork,Vancouver,49.283155,-123.104441,4.1,1,Gastown,17,80.50847009876263
Cockney Kings Fish & Chips,Vancouver,49.272672,-123.148627,4.8,1,Kitsilano,3,27.832981356298493
The Dirty Apron Delicatessen,Vancouver,49.2805632,-123.1091772,4.5,1,Chinatown,19,96.99520847529544
John 3:16 Malaysian Delights,Vancouver,49.26371,-123.12812,4.2,1,Fairview,2,48.203133682204864
Marulilu Cafe,Vancouver,49.26338,-123.11415,4.0,1,Mount Pleasant,7,31.853446860580696
Moose's Down Under,Vancouver,49.285638,-123.11634,3.9,0,Financial District,17,65.60564823224279
Tap & Barrel - Bridges,Vancouver,49.2727468,-123.1359964,4.3,1,Fairview,2,377.35230127381806
Hokkaido Ramen Santouka,Vancouver,49.290236,-123.133811,4.2,1,Lower Robson,13,12.129937086738892
Wow Full Noodle House,Vancouver,49.28255,-123.1145,4.7,1,Downtown,23,83.57977716485672
Brunch,Vancouver,49.2778182,-123.1254634,4.5,1,Granville,26,87.20789157676604
Banana Leaf,Vancouver,49.28001,-123.13009,3.6,0,Davie Village,16,64.92180091664216
The Mackenzie Room,Vancouver,49.2832349,-123.0948578,4.5,1,Japantown,3,82.75986997150278
The Mexican Antojitos Y Cantina,Vancouver,49.2787726,-123.1240268,4.3,1,Granville,31,107.3608701761091
Zab Zaab Thai Cuisine,Vancouver,49.27493,-123.12321,4.5,1,Yaletown,19,50.53700969207118
Nero Waffles,Vancouver,49.2907208,-123.1339952,4.3,1,Lower Robson,12,60.22554573243856
Burger Crush,Vancouver,49.27977707759172,-123.12350184856516,4.3,1,Granville,25,69.2665965867354
Okeya Kyujiro,Vancouver,49.27581579131156,-123.1197521,4.8,1,Yaletown,21,97.53086948772436
The Northern Cafe and Grill,Vancouver,49.208549754278906,-123.0724741261907,4.7,1,Victoria-Fraserview,0,269.1526903356999
Superbaba,Vancouver,49.2633297,-123.1012681,4.6,1,Mount Pleasant,4,36.18236811168609
Sooda Korean BBQ,Vancouver,49.28256,-123.10628,4.6,1,Gastown,18,73.97469700318338
Caveman Cafe,Vancouver,49.280802324947445,-123.10703500282293,4.4,1,Chinatown,19,10.85113292041144
Zarak By Afghan Kitchen,Vancouver,49.266224,-123.1006089,4.5,1,Mount Pleasant,4,29.49789035253302
Five Sails Restaurant,Vancouver,49.2880313351364,-123.113292160758,4.4,1,Financial District,11,125.02085569037104
Yolks ,Vancouver,49.278737,-123.128973,4.5,1,Davie Village,15,8.127355921869666
Bahar Cafe,Vancouver,49.28069,-123.11846,4.8,1,Yaletown,22,40.01429986914926
Shizen Ya,Vancouver,49.2808844,-123.1246278,4.3,1,Yaletown,21,132.55770429391694
Jerusalem Shawarma,Vancouver,49.280356,-123.118634,4.7,1,Granville,22,79.17196714434743
Toyokan Bowl,Vancouver,49.27055,-123.14762,4.7,1,Kitsilano,4,203.17053166414897
Elem Vancouver,Vancouver,49.266199,-123.100564,4.3,1,Mount Pleasant,4,31.427079382194197
Song,Vancouver,49.2629749,-123.0986667,4.4,1,Mount Pleasant,5,52.72525838719499
Meat & Bread,Vancouver,49.2826255017147,-123.109336831057,4.2,1,Chinatown,19,56.99281447592099
La Grotta Del Formaggio,Vancouver,49.2688848,-123.0697849,4.3,1,Little Italy,1,95.41351845558349
Pink Peppercorn Seafood House,Vancouver,49.2493583,-123.0739159,4.4,1,Little Saigon,0,90.19437534294748
Earls Kitchen + Bar,Vancouver,49.281536,-123.12368,3.6,0,Downtown,22,94.75953933089058
Yolks,Vancouver,49.2631139,-123.1163529,3.6,0,Fairview,8,27.289613224270283
Maruhachi Ra-Men,Vancouver,49.27854065320407,-123.1157914,4.1,1,Yaletown,18,66.46283794191034
Le Petit Belge,Vancouver,49.278975790117805,-123.116520502828,4.2,1,Yaletown,18,26.71819240997117
Pholicious,Vancouver,49.28297,-123.11279,4.3,1,Chinatown,21,21.585621394134225
Osteria Savio Volpe,Vancouver,49.2574913,-123.0909344,4.2,1,Mount Pleasant,1,72.80815574264885
Minami,Vancouver,49.2752733,-123.1207029,4.1,1,Yaletown,19,118.4290638563887
Oyster Express,Vancouver,49.2792784082144,-123.097397130932,4.5,1,Chinatown,7,22.003842126836325
KINTON RAMEN ROBSON,Vancouver,49.27955,-123.117318,4.4,1,Yaletown,21,89.04726163170261
Mr Shawarma,Vancouver,49.28526,-123.12075,4.4,1,Downtown,19,41.06660257254003
Bodega On Main,Vancouver,49.27548853708847,-123.09968391901442,3.8,0,Strathcona,3,19.200560082215784
New Town Bakery & Restaurant,Vancouver,49.280153,-123.101201,3.8,0,Chinatown,13,50.7245616612047
Maenam,Vancouver,49.26787,-123.1488979,3.9,0,Kitsilano,3,67.60757269014788
iDen & Quan Ju De Beijing Duck House,Vancouver,49.26021,-123.1148451,3.6,0,Fairview,8,24.224472265820076
Gyu-Kaku Japanese BBQ,Vancouver,49.28031,-123.12467,4.0,1,Granville,19,69.91408107937275
Banana Leaf,Vancouver,49.26302,-123.1225,3.7,0,Fairview,5,47.78477201639204
Burgoo Bistros,Vancouver,49.25765498958033,-123.100815,3.9,0,Mount Pleasant,2,59.3212968188686
La Taqueria Pinche Taco Shop,Vancouver,49.263617,-123.112593,4.2,1,Mount Pleasant,7,135.11039422200693
New Fuji,Vancouver,49.27082027992868,-123.14700923860072,4.3,1,Kitsilano,4,173.76365364293565
Alley 16,Vancouver,49.257017,-123.11474,4.6,1,Mount Pleasant,1,19.86118842075381
Vonns,Vancouver,49.28724,-123.14124,4.5,1,Lower Davie,3,21.324130578282823
Fat Mao,Vancouver,49.27881,-123.09893,4.0,1,Chinatown,7,52.158278640314904
Les Faux Bourgeois,Vancouver,49.2572813531481,-123.089767330802,3.9,0,Mount Pleasant,1,43.73532179066232
Kook Korean BBQ,Vancouver,49.26894,-123.04565,4.2,1,Hastings-Sunrise,0,94.1170448428135
Dovetail,Vancouver,49.27599363324675,-123.120331,4.3,1,Yaletown,24,138.4214740908193
Thierry,Vancouver,49.2848818,-123.1228949,4.0,1,Downtown,16,85.16217353199482
Horin Tonkotsu Ramen ,Vancouver,49.28617,-123.12749,4.2,1,Lower Robson,10,13.16158346915599
Score on Davie,Vancouver,49.2823221457395,-123.134614739512,4.3,1,Lower Davie,3,30.701075416589315
Ray's,Vancouver,49.275365,-123.121483,4.5,1,Yaletown,19,93.73612079133004
CHOCHO Hot Pot,Burnaby,49.231234,-123.006943,4.5,1,Metrotown,20,47.48794482029249
John 3:16 Malaysian Delights,Burnaby,49.22494698851795,-122.9900406,4.5,1,Metrotown,6,51.85658073480115
The Meat Up,Burnaby,49.2254546362785,-122.98992646931154,4.1,1,Metrotown,6,27.30642952370444
White Lotus Cafe,Burnaby,49.2656111504516,-122.97883607144,4.5,1,,1,151.5538498826411
Saku,Burnaby,49.26543,-123.005428,4.5,1,Brentwood,14,164.0637985831454
22's Grill,Burnaby,49.2430980643898,-122.969388433881,4.4,1,,1,121.50760738706909
Atlas Steak + Fish,Burnaby,49.256747,-123.006931,4.0,1,Brentwood,1,325.48711452036963
Gokudo Shabu Shabu,Burnaby,49.230168460812294,-123.0038528105504,4.4,1,Metrotown,20,124.93109401135504
Shanghai Dimsum House,Burnaby,49.2294464,-123.0044077,4.0,1,Metrotown,21,84.53596543318454
Living Room Lounge,Burnaby,49.2551,-123.02032,4.5,1,Cascade Heights,4,94.10522432141843
Korea Noodle House,Burnaby,49.229066,-123.004751,4.2,1,Metrotown,21,80.97559136044138
Haidilao Hotpot Brentwood,Burnaby,49.267417,-123.00189,4.6,1,Brentwood,13,82.71339286511865
Wild Flour Pizza,Burnaby,49.2584540319258,-122.955439905848,4.7,1,,0,18.42856685539312
Singapore Hawker,Burnaby,49.218768,-122.96447913871704,4.1,1,Edmonds,6,58.09646082189814
Wild Thyme,Burnaby,49.2092291,-122.932308,4.4,1,Kelvin,9,7.210249857936038
Safari Snack House And Grill,Burnaby,49.239118670642895,-122.96287338465577,3.9,0,Buckingham Heights,3,81.58289124261282
Kokoro Tokyo Mazesoba,Burnaby,49.228287011321385,-123.00315331667662,4.0,1,Metrotown,19,63.18454567877673
STEM Japanese Eatery,Burnaby,49.21497276456137,-122.98816101534425,4.2,1,Royal Oak,3,26.203189289248975
Jovo the Butcher,Burnaby,49.22185,-122.94565,5.0,1,Edmonds,9,15.603469532510848
OEB Breakfast,Burnaby,49.267442,-123.002595,4.1,1,Brentwood,13,37.45148749364946
Siam Le Bien,Burnaby,49.2813,-123.01068,4.3,1,Burnaby Heights,11,104.92701602967324
Takara Sushi,Burnaby,49.2545851,-123.0220016,4.4,1,Cascade Heights,4,41.123497840677615
囍·澳门特色打边炉  Authentic Macau Hot Pot,Burnaby,49.2277884925998,-123.00316795158996,4.3,1,Metrotown,17,77.98842141883762
Burnaby Mountain Clubhouse,Burnaby,49.265138,-122.943048,4.1,1,,0,437.9658066973759
Green & Oak Malaysian Restaurant,Burnaby,49.28081,-123.02185,3.9,0,Burnaby Heights,5,45.81374543729924
Grand Chinese Restaurant,Burnaby,49.266893,-123.004262,4.0,1,Brentwood,13,96.06644588915792
Birdies,Burnaby,49.2655537242762,-123.01959240000002,4.0,1,West Central Valley,1,173.61685169445312
The Viet Noodle Guy,Burnaby,49.26721987665755,-123.00572763320037,4.1,1,Brentwood,14,175.13172001620177
Portobello Restaurant,Burnaby,49.280764,-123.013394,4.7,1,Burnaby Heights,12,21.351661702704902
NamPo,Burnaby,49.22620549734934,-122.9917955,4.4,1,Metrotown,6,20.862207921265018
Little Minh's,Burnaby,49.1990675,-122.9799962,4.3,1,Big Bend,1,102.49342945815351
Masita Korean Cuisine,Burnaby,49.218978345984,-122.969008660356,3.9,0,Edmonds,4,48.83162182960846
Cactus Club Cafe,Burnaby,49.22775581945971,-123.00329214418927,3.9,0,Metrotown,17,73.5643124413995
Sooda Korean BBQ,Burnaby,49.2680924,-123.0003773,4.1,1,Brentwood,13,188.29919185898305
Burnt Orange,Burnaby,49.280836,-123.007658,4.5,1,Burnaby Heights,7,37.320244952539966
Horin Ramen,Burnaby,49.22901506843291,-123.00505047055158,4.5,1,Metrotown,21,59.18017182690141
Blue Coast,Burnaby,49.23466,-123.0246,4.5,1,Renfrew-Collingwood,0,29.45548026621762
Riverway Clubhouse Restaurant,Burnaby,49.200617,-122.990237,3.5,0,Big Bend,0,666.8768350188325
La Forêt,Burnaby,49.2212819390063,-122.995836958493,3.7,0,Royal Oak,0,188.95211046517792
The Keg Steakhouse + Bar,Burnaby,49.2596278,-123.0019108,3.9,0,Brentwood,1,242.1350011051444
Chettinad Dosa Palace,Burnaby,49.23933,-122.96364,3.2,0,Buckingham Heights,3,24.168986470276828
SOCRATES in the Heights,Burnaby,49.2811430405355,-122.998363226652,4.5,1,,3,104.8685680567561
Chad Thai,Burnaby,49.2809351,-123.0160318,4.1,1,Burnaby Heights,12,19.227414688731916
Claudio's,Burnaby,49.265511702879046,-123.00492429325408,3.8,0,Brentwood,14,127.01096010475398
Gaon  Korean Cuisine,Burnaby,49.223246,-122.982823,4.2,1,Royal Oak,4,48.681159544549885
Tendon Kohaku,Burnaby,49.2278910406839,-123.00348046083376,3.7,0,Metrotown,18,53.28932910126633
Trattoria by Italian Kitchen,Burnaby,49.23020501851105,-123.0039327,3.2,0,Metrotown,20,121.88640533800285
Fraser Park Restaurant,Burnaby,49.1941802,-122.9979206,4.2,1,Big Bend,0,223.78084948510548
Chao Shou Wang,Burnaby,49.2290734,-123.0048795,4.1,1,Metrotown,21,71.70231884363928
Sushi Taku,Burnaby,49.23982721439047,-123.03001648836062,4.3,1,Renfrew-Collingwood,0,33.27994742620727
Hiel Cafe,Burnaby,49.2190187,-122.92795,4.3,1,Edmonds,5,34.729896975814555
MYST Asian Fusion,Burnaby,49.21936313246308,-122.9706842,3.6,0,Edmonds,4,66.04681030078137
La Forêt - Royal Oak,Burnaby,49.2203,-122.98637,4.3,1,Royal Oak,1,133.94889141333147
Chào Mámi,Burnaby,49.2808832078838,-123.014717570458,4.0,1,Burnaby Heights,11,37.2978679904511
Argo Greek Cuisine Pizza Pasta,Burnaby,49.2544359,-123.02071005595984,4.2,1,Cascade Heights,4,70.26031146107509
JOEY Burnaby,Burnaby,49.2669122,-123.0066466,3.7,0,West Central Valley,14,124.4337710977032
Taku Japanese Kitchen,Burnaby,49.21462,-122.98827,4.8,1,Royal Oak,3,36.20218975749076
Chen,Burnaby,49.28086095595619,-123.0091730738817,4.1,1,Burnaby Heights,12,30.217364830944643
Wang's Shanghai Cuisine,Burnaby,49.232843,-123.034814,4.3,1,Killarney,1,76.830240166278
Big Way Hot Pot,Burnaby,49.2310987,-123.0083309711633,4.0,1,Metrotown,17,38.16132017237322
Kokoro Tokyo Mazesoba,Burnaby,49.26695219266848,-123.00631798803806,4.3,1,Brentwood,14,147.22052006129732
Adam's Crepes,Burnaby,49.2149649,-122.9880349,4.6,1,Royal Oak,3,33.07828218617082
Tenen,Burnaby,49.21549,-122.98895,4.2,1,Royal Oak,3,55.39353496467237
Kimshaker,Burnaby,49.2332,-123.013747,4.4,1,Metrotown,4,97.68072866858914
B&D Authentic Viet Cuisine,Burnaby,49.21818434432872,-122.9578841,3.8,0,Edmonds,3,39.2927189817689
El Inka Latin Deli,Burnaby,49.24941,-123.01912,4.4,1,Cascade Heights,1,73.93760166366076
Earls Kitchen + Bar,Burnaby,49.2279486,-123.0027748,3.9,0,Metrotown,17,95.04734729991688
Bow & Stern,Burnaby,49.2681023,-123.0000943,3.7,0,Brentwood,13,195.86641049604037
Cockney Kings Fish & Chips,Burnaby,49.28005299920758,-122.96652586933914,4.0,1,,0,98.50507905061608
Saffron Indian Cuisine,Burnaby,49.2311623,-123.0085405,3.8,0,Metrotown,16,40.095965213740776
Time & Place Kitchen | Bar,Burnaby,49.22869,-123.004102,3.7,0,Metrotown,21,52.84570045052068
Aroma Eatery,Burnaby,49.228417734136464,-123.00491628393937,4.4,1,Metrotown,21,68.97533659143839
Viva Sue Pizza,Burnaby,49.2391579,-122.9625575,4.2,1,Buckingham Heights,3,99.8893565523952
Balkan House,Burnaby,49.22219,-122.94393,3.4,0,Eastburn,7,53.82136269354259
The One Restaurant,Burnaby,49.2211721,-122.9774371,3.4,0,Royal Oak,2,135.77589051718357
Soup Meister,Burnaby,49.31028,-123.08191,4.3,1,The Shipyards,0,80.5741142456469
Hart House Restaurant,Burnaby,49.23804,-122.96671,3.7,0,Buckingham Heights,3,201.1590523549599
Pho Hong Vietnamese Restaurant,Burnaby,49.2213203,-122.9769818,2.9,0,Royal Oak,2,110.31028575075308
Big Way Hot Pot,Burnaby,49.23150769999999,-123.0094545,3.6,0,Metrotown,16,18.542283816402364
L'Artista,Burnaby,49.281231129459975,-123.0188885,4.0,1,Burnaby Heights,9,17.0807312911245
Anatolia's Gate Restaurant,Burnaby,49.2183151,-122.9579254,3.8,0,Edmonds,3,24.522354696911258
The Bao Place,Burnaby,49.21942124951652,-122.9500496,4.3,1,Edmonds,4,23.435778095054633
Golden Pita Lebanese Restaurant,Burnaby,49.2531819933441,-122.897602039217,4.2,1,Sullivan Heights,1,55.44299163381336
Sushi U,Burnaby,49.2654624429451,-122.978147623681,4.5,1,,1,105.42015742716022
Agra Tandoori Restaurant,Burnaby,49.25443,-123.02066,3.9,0,Cascade Heights,4,73.67580303984616
Shanghai Fortune Cuisine,Burnaby,49.22954179328731,-123.0046759319506,3.9,0,Metrotown,21,75.49461618849132
Mongo Bongo,Burnaby,49.2135179,-122.9193884,3.9,0,Queens Park,33,31.935530902596696
1003 Brunch & Dessert,Burnaby,49.22447173359129,-122.9899072,4.1,1,Metrotown,6,96.7283960153684
Cayenne Bistro & Grill,Burnaby,49.2213856,-122.9309353,4.8,1,Edmonds,6,23.449188942580275
Zaaki Cuisine,Burnaby,49.2131145,-122.9200483,4.6,1,Queens Park,33,35.224333949416874
Kozak Ukranian Eatery,Burnaby,49.2114757572234,-122.918422905028,4.4,1,Queens Park,33,4.263127399654022
Midam Rice Cake House,Burnaby,49.24411305860233,-122.89468909572412,3.4,0,Lougheed,3,140.32617577617685
Chicko Chicken Korean Style,Burnaby,49.2191861,-122.9505083,4.1,1,Edmonds,3,10.2410759231389
Kimbap Cheonguk,Burnaby,49.2446982,-122.8918313,4.4,1,Cariboo,3,59.7410003891559
H&P Noodle House,Burnaby,49.281271,-123.015823,3.9,0,Burnaby Heights,12,34.123567014124866
Pearl Hot Pot,Burnaby,49.2188387,-122.964481,3.3,0,Edmonds,6,61.37495804899288
Afghan Turkish Cuisine,Burnaby,49.2807738,-123.0028986,4.0,1,Brentwood,4,43.03528267297643
Sushi Bar Kilala,Burnaby,49.2811517065771,-122.995635763696,4.3,1,,2,20.62392417131986
Green Leaf Cafe,Burnaby,49.2533051,-122.8982928,4.1,1,Sullivan Heights,1,10.107785601600993
Nén,Burnaby,49.224096740087546,-122.9416219,4.1,1,Eastburn,8,24.83212547585518
#CHIBOP,Burnaby,49.2677387,-123.0064866,4.5,1,Brentwood,14,196.9007794791919
Katsuya,Burnaby,49.26175,-122.89038,4.4,1,Burquitlam,0,44.220832635783026
Olove Greek Kitchen,Burnaby,49.2804849,-122.9779067,4.0,1,,0,133.96709030175688
CM Chicken,Burnaby,49.22732659553047,-122.99451665152054,4.3,1,Metrotown,5,30.1107818267113
Tap & Barrel - Brentwood,Burnaby,49.26741280132382,-123.00188253558166,4.2,1,Brentwood,13,83.38683332821836
Gyubee Japanese Grill,Burnaby,49.1712466,-123.1351984,4.3,1,Lansdowne Village,0,156.18427664862682
The Gray Olive Cafeteria,Burnaby,49.2807699,-123.01164,4.1,1,Burnaby Heights,11,132.5511231088864
Barcelos Flame Grilled Chicken,Burnaby,49.19813330438935,-122.97878590283268,3.8,0,Big Bend,1,107.366702589156
Simba’s Grill,Burnaby,49.2545127,-123.0231251,4.0,1,Cascade Heights,4,25.3621457535035
Porker Face,Burnaby,49.266783,-123.004713,4.4,1,Brentwood,13,130.68217287710726
No.1 Beef Noodle House,Burnaby,49.2425291,-123.004037333135,3.4,0,Garden Village,0,40.11108531161049
BIN 4 Burger Lounge,Burnaby,49.2641572,-123.022698,4.0,1,West Central Valley,1,62.43334108167189
Butchers Block BBQ,Burnaby,49.28129,-123.01453,3.8,0,Burnaby Heights,11,68.4656790233383
Hooray Cafe & Coffee Lab,Burnaby,49.24362,-122.969446,5.0,1,Metrotown,1,179.67660556729916
Manjal South Indian Kitchen,Burnaby,49.2232674,-122.9428279,4.4,1,Edmonds,8,22.6373349510798
Yasser’s Cafe,Burnaby,49.249928600037144,-123.01896657748732,4.7,1,Cascade Heights,1,55.92158149892166
Indian Bombay Bistro,Burnaby,49.2231570510965,-122.932603361937,3.9,0,Edmonds,5,41.38761230520458
Chongqing,Burnaby,49.22671131459038,-122.99363543518692,3.4,0,Metrotown,6,31.32503834109909
Onggi Korean Cusine,Burnaby,49.24377273960674,-122.8933061286807,4.1,1,Lougheed,3,65.43782906968416
Galbi Korean BBQ Kingsway,Burnaby,49.23111096061143,-123.00824046134947,4.2,1,Metrotown,18,35.19776538423224
Amay’s House,Burnaby,49.23446,-123.036137,4.3,1,Collingwood,1,4.072036613046238
Indian Wok,Burnaby,49.2248408,-122.9884673,4.2,1,Royal Oak,6,15.330352062064131
Patsara Thai Restaurant,Burnaby,49.204305,-122.908055,4.0,1,Downtown,26,67.5763603966249
Taverna Greka Restaurant,Burnaby,49.2049414,-122.9043168,4.1,1,Downtown,14,53.540332482576936
WhataFood Brazilian Street Food,Burnaby,49.2010175,-122.9131833,4.5,1,Downtown,40,6.8001744146766505
El Comal,Burnaby,49.247876818077,-122.940112248954,3.9,0,,0,351.8964206451858
Pizza Garden,Burnaby,49.2252262,-123.0037541,4.0,1,Metrotown,14,57.80952378039513
La Querida,Burnaby,49.22946626623539,-123.0052947,4.5,1,Metrotown,21,32.434141407437174
Hello Nori,Burnaby,49.26780681630291,-123.00235434393312,4.1,1,Brentwood,13,45.60242102592843
Mumbaiyaa Street Foods,Burnaby,49.28087,-123.012439,4.7,1,Burnaby Heights,12,73.62661658991756
Joy Sushi,Burnaby,49.2643086657704,-123.010636587766,3.9,0,West Central Valley,6,218.85821564102
Motonobu Udon,Burnaby,49.2813968,-123.0280718,4.2,1,Hastings-Sunrise,2,69.1878454650198
Sushi Modo,Burnaby,49.225836,-122.937422,4.3,1,Eastburn,4,61.59187603503072
Afghan Kabul Kebab Donair,Burnaby,49.2808,-123.01483,4.8,1,Burnaby Heights,11,40.6972879737401
Cioffi's Meat Market & Deli,Burnaby,49.2809151,-123.0125253,3.7,0,Burnaby Heights,12,66.7023069088609
Kim's Korean Waffles and Pancakes,Burnaby,49.24391068955245,-122.89353297814628,4.6,1,Lougheed,3,68.50254688015328
Fung May,Burnaby,49.2288939318384,-123.004783375498,3.4,0,Metrotown,21,80.04942861832646
Sushi On,Burnaby,49.22336826591775,-122.9432077,4.2,1,Eastburn,7,35.1028410234469
X-Site Grill & Bistro,Burnaby,49.2811349,-122.9993576,3.8,0,,3,100.86306327871196
Pinoy Cravings,Burnaby,49.21947050000001,-122.9499774,4.3,1,Edmonds,4,22.23797168882622
Pho Den,Burnaby,49.21985466539446,-122.970256331213,3.9,0,Edmonds,4,86.89345573828749
Just Waffles,Burnaby,49.28128196346295,-123.02744138985872,4.5,1,Hastings-Sunrise,2,75.43440879827192
Queen's Meat & Deli,New Westminster,49.2135565,-122.9106876,5.0,1,Queens Park,0,31.22705598551098
El Santo,New Westminster,49.2022405,-122.9093807,3.7,0,Downtown,40,114.60716691044524
Taqueria Playa Tropical,New Westminster,49.2097840906051,-122.91639733055,3.7,0,Glenbrooke North,31,11.186274526353683
Han Lin Noodle House,New Westminster,49.210381277082135,-122.91715603819992,3.5,0,Glenbrooke North,31,27.097919847174257
Columbia Street Sandwich,New Westminster,49.2034109,-122.9071758,4.6,1,Downtown,28,5.19795007741031
The Spud Shack Fry,New Westminster,49.20095020309591,-122.91302027887068,4.0,1,Downtown,40,14.05075523991516
Piva Modern Italian,New Westminster,49.201547,-122.911386,4.0,1,Downtown,43,45.168665642264926
The Old Spaghetti Factory,New Westminster,49.201925687134,-122.91260507829,3.5,0,Downtown,43,28.802673925460553
Angelina's,New Westminster,49.200022,-122.91173,3.9,0,Quayside,38,103.91123827365422
Artusi Restaurant,New Westminster,49.2105935011629,-122.917292262862,4.0,1,Glenbrooke North,31,38.978269103126806
Longtail Kitchen,New Westminster,49.1997723,-122.9124427,4.0,1,Quayside,36,114.83345798353098
Sixth Street Grill,New Westminster,49.2108238069653,-122.917073781025,3.7,0,Queens Park,31,45.67750953786394
Cockney Kings Fish & Chips,New Westminster,49.2008661133601,-122.916763893224,4.0,1,Downtown,30,81.51006500789518
The Tannenbaum Restaurant,New Westminster,49.201090932901955,-122.9177160369112,4.0,1,Downtown,28,123.16062884063106
Amelia Restaurant,New Westminster,49.20876,-122.93227,4.3,1,West End,8,15.096433506934758
The Hide Out Cafe,New Westminster,49.2029257,-122.9108691,4.2,1,Downtown,41,175.91424216647627
The Old Bavaria Haus,New Westminster,49.208524,-122.914146,3.2,0,Queens Park,12,28.406884950763263
6th Ave Bread & Deli,New Westminster,49.2120019089755,-122.922128466349,4.4,1,Brow of the Hill,34,115.2138202952034
Jokim Kitchen,New Westminster,49.2123946,-122.92115999999676,4.1,1,Brow of the Hill,34,62.25104422953128
Banette,New Westminster,49.212666374930784,-122.9200253,4.5,1,Queens Park,34,69.50353216315067
Yianni's Greek Taverna,New Westminster,49.2124240808659,-122.919168452339,3.7,0,Queens Park,34,54.94632018136112
Massawa Restaurant,New Westminster,49.21062,-122.91767,3.9,0,Queens Park,31,65.83858807695167
L’Onore Pizza,New Westminster,49.21402,-122.89781,4.6,1,McBride Sapperton,2,134.26409648357887
Anny's Dairy Bar,New Westminster,49.214855,-122.922433,4.3,1,Glenbrook,24,112.96958682518373
Sushi Well,New Westminster,49.2126787,-122.9200936,4.0,1,Queens Park,34,64.42799273522236
Ikoi Sushi,New Westminster,49.23018,-122.89239,4.4,1,Sapperton,5,36.33541325644421
IT Char Burger,New Westminster,49.222413,-122.9122126,4.5,1,Glenbrook,2,70.55956556689729
North Noodle House,New Westminster,49.200992,-122.913094,3.9,0,Downtown,40,7.728358847031394
Burger Heaven,New Westminster,49.20138,-122.91604,3.6,0,Downtown,32,105.11786509315246
Dine Kanadiyan,New Westminster,49.21197868804981,-122.9211672344025,3.7,0,Uptown,34,107.2856563785203
Big Star Sandwiches,New Westminster,49.2021828,-122.9094816,3.9,0,Downtown,40,124.24735072062246
Banh Mi Bar Restaurant,New Westminster,49.20279527932723,-122.91101334289716,4.7,1,Downtown,41,158.02475833481688
Re-Up BBQ,New Westminster,49.2000834965815,-122.911374465514,3.8,0,Quayside,39,115.1586961506152
Jim's Cafe,New Westminster,49.2120564,-122.9192509,3.9,0,Queens Park,34,36.64650885894658
Sushi Yen,New Westminster,49.2038975160565,-122.908591367304,3.8,0,Downtown,35,48.84170443196737
Chaiiwala,New Westminster,49.21238,-122.920151,4.2,1,Queens Park,34,81.36437259206687
Arvind's Curry & Cocktail,New Westminster,49.2107666,-122.917511,3.1,0,Queens Park,31,62.25551944137194
Shawarma Corner,New Westminster,49.2029499,-122.9086533,4.5,1,Downtown,37,22.809003818419907
Thai New West,New Westminster,49.229001,-122.89251,3.8,0,Sapperton,6,155.3501471362809
Kushi Mura Japanese Izakaya,New Westminster,49.2018489,-122.9127047,3.2,0,Downtown,43,18.699237916749755
Epic Grill Silogs + Sans Rival,New Westminster,49.190376,-122.9364904,4.1,1,Queensborough,0,46.668524743397455
Coasters Coffee,New Westminster,49.20435909515937,-122.9090041723834,4.3,1,Downtown,30,11.686404107103089
Tina Vietnamese Cuisine,New Westminster,49.20230997138088,-122.91254500292511,4.5,1,Downtown,43,64.0833767642317
Balai in the Borough,New Westminster,49.19034444678847,-122.949241,3.8,0,Queensborough,0,235.39808314256288
Kioku Kitchen,New Westminster,49.2015316664854,-122.9134644,4.4,1,Downtown,42,5.037436097379291
Sanjo Sushi Asian Cuisine,New Westminster,49.212860664254805,-122.92019516255849,4.4,1,Queens Park,34,51.367230225691905
Donair Star,New Westminster,49.2083493,-122.93167515413184,4.0,1,Kelvin,8,19.906989264829072
Victoria Sushi,New Westminster,49.213378,-122.89888,4.0,1,McBride Sapperton,2,74.72363614511663
Stefanos Restaurant,New Westminster,49.2054199,-122.90424,3.0,0,Downtown,11,97.57695200193736
Shiok,New Westminster,49.208416,-122.931803,4.6,1,Kelvin,8,26.638359207594863
Flavor Balance Espresso Bar,New Westminster,49.21223,-122.9205,4.3,1,Brow of the Hill,34,82.64344125518681
Bubble World,New Westminster,49.2048187,-122.9100876,3.3,0,Downtown,30,16.291687400495046
Sushi Simagoya,New Westminster,49.1849621482515,-122.949424850882,4.6,1,Queensborough,0,71.99292479516438
Pho Chan,New Westminster,49.2228583293267,-122.914227216925,3.8,0,Glenbrook,2,118.54768216059573
Pizzeria Ludica,New Westminster,49.2040696455815,-122.909304314068,3.5,0,Downtown,35,31.194875463249645
Royal Tandoori Indian Restaurant,New Westminster,49.20512,-122.90983,3.7,0,Downtown,28,28.689246605581232
4 Seasons Chaat House,New Westminster,49.210675,-122.917569,3.6,0,Queens Park,31,61.02765482357659
Greens & Beans Deli,New Westminster,49.2229306,-122.8931559,4.3,1,McBride Sapperton,2,59.44178253651432
Sichuan Yummy Food - Wonton House,New Westminster,49.20607,-122.92832,4.7,1,Brow of the Hill,7,22.169687524815203
Moodswing Coffee And Bar,New Westminster,49.2022517,-122.9085935,4.0,1,Downtown,37,87.93006819751204
Vadapav Mirchi By Geeta,New Westminster,49.20864846389665,-122.94274322034968,4.5,1,West End,0,236.91462277921508
Pho Angkor Noodle House,New Westminster,49.2012551,-122.9169549,4.5,1,Downtown,30,126.45529575491987
Desi Turka Indian Cuisine,New Westminster,49.220269,-122.929508,3.9,0,Edmonds,6,15.050497167850285
Woomi Sushi,New Westminster,49.2225852,-122.914627,4.3,1,Glenbrook,2,78.20115604453432
Pizza Pizzeria,New Westminster,49.2308488,-122.9058827,4.2,1,Victory Heights,0,336.0451375952691
FusionCore Japanese Eatery,New Westminster,49.2194467307934,-122.927554920316,3.9,0,Edmonds,5,30.98443043921845
The Taco Factory,New Westminster,49.22904,-122.89241,3.4,0,Sapperton,6,158.65864555678365
Big Way Hot Pot,New Westminster,49.20104990676527,-122.91260437496535,4.7,1,Downtown,43,26.18922360811675
The Chopped Leaf,New Westminster,49.2122867,-122.9190461,3.5,0,Queens Park,34,37.31630830470253
Sushi Heaven,New Westminster,49.2306827,-122.8929216,3.8,0,Sapperton,5,31.69647263728694
Henry's Kitchen Pasta & Grill,New Westminster,49.27694,-122.85777,4.7,1,,0,108.18582094739348
Abyssinia Ethiopian Restaurant,New Westminster,49.2224351,-122.9437792,3.9,0,Eastburn,7,75.45647776421812
gastronomia Italia,New Westminster,49.20325393435578,-122.90812679573745,4.4,1,Downtown,36,30.42443743905889
Hi Dozo Sushi,New Westminster,49.212302836833665,-122.9218728,3.1,0,Brow of the Hill,34,99.30543488465428
Sora Sushi House,New Westminster,49.20252,-122.91375,4.5,1,Downtown,43,99.11414369783078
Tasty Indian Bistro,New Westminster,49.1547435,-122.8905949,4.3,1,Kennedy,2,104.39282974158655
Mean Poutine,New Westminster,49.21308,-122.91995,4.3,1,Queens Park,33,35.16011161453043
Kojima Sushi,New Westminster,49.2106056213379,-122.917495727539,2.8,0,Queens Park,31,53.27672035922984
Pho Ace,New Westminster,49.2131832,-122.9197982,4.0,1,Queens Park,33,21.218496109838068
Ho Fung,New Westminster,49.215071,-122.9227783,3.5,0,Glenbrook,23,78.26936135731981
Royal Crown Pizza,New Westminster,49.2084010373217,-122.920245955181,3.9,0,Brow of the Hill,25,31.534652477111667
Waves Coffee House,New Westminster,49.2131508,-122.9200801,3.4,0,Queens Park,33,33.53205201323637
Serious Coffee,New Westminster,49.20049907250124,-122.91531119692569,4.2,1,Downtown,33,40.54628528930448
Pamola Bakery and Deli,New Westminster,49.2000426090809,-122.911609739566,3.7,0,Quayside,39,107.12041655875616
Chan's Garden,New Westminster,49.2298584,-122.8930588,3.7,0,Sapperton,5,72.89361572416944
New Lakeview Seafood & Wunton,New Westminster,49.2204185639885,-122.930049553083,3.3,0,Edmonds,6,57.443555838094554
Mediterranean Donair House,New Westminster,49.215202,-122.9225917,3.8,0,Glenbrook,23,79.57488481270633
Dutch Anchor Restaurant,New Westminster,49.19446139999999,-122.9279768,3.3,0,Port Royal,0,54.159124524398
The Boathouse Restaurant,New Westminster,49.1995806,-122.9128469,2.4,0,Quayside,35,136.44360072589507
Galbi Korean BBQ,New Westminster,49.20165048669456,-122.91409,5.0,1,Downtown,41,48.75984846328446
Papa Johns Pizza,New Westminster,49.21329659729184,-122.91968736842948,3.1,0,Queens Park,33,10.318821069898595
Saigon Ivy,New Westminster,49.21207002304541,-122.91928025557236,3.4,0,Queens Park,34,38.98241114547762
The Peri Peri Shack,New Westminster,49.20985443619279,-122.91650641534834,4.0,1,Queens Park,31,11.318759702071889
Nashville Hot Chicken,New Westminster,49.20631,-122.92821,1.0,0,Brow of the Hill,7,49.315838431870375
Gong cha,New Westminster,49.2005508,-122.9151912,4.5,1,Downtown,33,30.53653213806163
Caffe Mira,New Westminster,49.21425325526439,-122.89784533568698,4.1,1,McBride Sapperton,3,135.55582207972594
My Greek Taverna,New Westminster,49.23707629280225,-122.86929574290268,4.0,1,Maillardville,0,100.12327045098344
Togo Sushi,New Westminster,49.2010569283793,-122.913864420441,3.5,0,Downtown,38,34.62180415173417
Kurry Wala,New Westminster,49.22184,-122.930963,4.2,1,Edmonds,6,36.15058703554355
Sushi Farm,New Westminster,49.2118195905541,-122.924703396857,4.1,1,Uptown,25,42.79129440125547
Khob Khun Thai Cuisine,New Westminster,49.249218,-122.858859,4.3,1,Austin Heights,0,56.59976549217127
Indian Courtyard Restaurant,New Westminster,49.2081197,-122.93072195981304,3.6,0,Kelvin,8,56.89650592634988
Rong Rong Tea House,New Westminster,49.2025566,-122.913414,3.7,0,Downtown,43,90.83940349365751
Sushi Hinode,New Westminster,49.202381,-122.912609,4.7,1,Downtown,43,69.39952904568574
Peranakan Kitchen,New Westminster,49.206320079356665,-122.92838104069232,5.0,1,Brow of the Hill,7,44.70233300488236
Browns Socialhouse Brewery District,New Westminster,49.2250086337406,-122.892624952746,3.4,0,McBride Sapperton,4,41.31312578008376
White Spot  - New Westminster,New Westminster,49.21307852784236,-122.92103836949718,2.9,0,Glenbrooke North,33,19.80772260393258
50's Burgers,New Westminster,49.22481,-122.94043,3.7,0,Eastburn,7,60.98780764611987
The Flapper Lounge,New Westminster,49.2025634283609,-122.91249129921196,4.7,1,Downtown,43,91.4038162357954
Oh! Zzhu Sam,New Westminster,49.2219905,-122.9446256,4.2,1,Edmonds,9,7.611291369632408
Steve’s Poké Bar,New Westminster,49.22412,-122.89235,3.8,0,McBride Sapperton,2,85.19699089296948
Plato Filipino,New Westminster,49.2005652,-122.9151592,3.0,0,Downtown,33,27.86629754098026
Kamini's Corner Cafe,New Westminster,49.21256260644152,-122.9363049723874,4.4,1,Kelvin,2,28.326621928166347
Delicia Cafe & Bakery,New Westminster,49.20208,-122.90914,3.8,0,Downtown,39,119.57692700568252
Quayside Tiki Bar,New Westminster,49.20015,-122.9117,3.5,0,Quayside,39,93.68902598125771
The Notorious Grey Fox,New Westminster,49.2181945291168,-122.89461974054576,3.5,0,McBride Sapperton,1,130.48659943177617
Gino's Restaurant,New Westminster,49.2296123,-122.8930169,3.5,0,Sapperton,5,97.67947652637596
De Dutch,New Westminster,49.200425,-122.917656,3.1,0,Downtown,28,100.31774586282964
Ole Ole Mexican Deli,New Westminster,49.21157,-122.93511,3.5,0,Kelvin,6,97.54441368414044
Afghan Kitchen South Surrey,Surrey,49.0445839,-122.7766512,4.6,1,Sunnyside,5,134.0138772465535
Ambar Surrey  Restaurant & Dhaba,Surrey,49.1282148,-122.8451664,4.5,1,Newton,0,131.23706822831696
The Carvery Sandwich Shop,Surrey,49.04649,-122.79411,4.5,1,Sunnyside,2,101.61014910922611
Vault Restaurant,Surrey,49.10711,-122.73478,3.9,0,Surrey Centre,7,71.0733066058437
New York New York,Surrey,49.118524,-122.801402,3.8,0,Sullivan,0,18.678664410674273
Old Surrey Restaurant,Surrey,49.13376877137055,-122.84896724397012,4.3,1,Newton,9,141.12580261115647
Yugafu Japanese Bistro,Surrey,49.12598822369157,-122.70117985561906,5.0,1,Clayton Heights,2,78.72544595970862
Afghan Chopan Restaurant,Surrey,49.147471095003574,-122.86530131592922,3.9,0,Strawberry Hill,5,204.2174178411412
Tap Restaurant,Surrey,49.06362140752368,-122.7971484,4.2,1,Morgan Creek,1,291.13119041580427
Sabai Thai Restaurant,Surrey,49.1909867,-122.8065349,4.0,1,Johnston Heights,2,3.4867025411144517
The Wooden Spoon,Surrey,49.0294179487087,-122.801852221983,4.3,1,Uptown,2,85.23034681668656
Seoul Grill House,Surrey,49.18662844935571,-122.80218576441264,3.4,0,Johnston Heights,8,113.001469366801
Maruhachi Ra-men,Surrey,49.167891,-122.800795,4.7,1,Fleetwood,0,54.72041953461875
Dragon Village Restaurant,Surrey,49.10558,-122.73478,4.3,1,Surrey Centre,7,119.36714970590975
Naka Bistro Lao & Thai Cuisine,Surrey,49.10744188764369,-122.66607764287042,4.6,1,,2,53.8790496599254
Ruby Siam Thai Kitchen,Surrey,49.1064009,-122.7352826,4.3,1,Surrey Centre,7,123.16091645412271
Yory Korean Cuisine,Surrey,49.1569241,-122.7809906,4.4,1,Fleetwood,5,147.52529351705658
Dragon Wok,Surrey,49.134925,-122.843366,5.0,1,Newton,12,162.97903306685276
Chuihong,Surrey,49.19184,-122.78787,4.2,1,Fraser Heights,0,93.27859509324622
Ato Sushi Bar Kitchen,Surrey,49.1029789,-122.8008651,4.6,1,Sullivan,5,71.71158433800372
Ruex Cafe & Bar,Surrey,49.1808237,-122.8448423,4.1,1,City Centre,3,43.83693548297802
Katsu San,Surrey,49.19849367001739,-122.77940131605068,4.8,1,Fraser Heights,0,43.81579337944529
Golden Samosa Bakery,Surrey,49.15395,-122.86205,4.3,1,Strawberry Hill,2,391.83799735887754
Chopsticks On Pho,Surrey,49.1044634,-122.7986729,3.8,0,Sullivan,5,88.47096150956462
Taste of Himalayas,Surrey,49.13204,-122.83918,4.4,1,Newton,4,49.73973994454252
Captain's Oven Pizza,Surrey,49.17799334576209,-122.84283366137696,4.7,1,City Centre,3,120.0859533747834
Palmyra Mediterranean Grill,Surrey,49.1860231,-122.800806,4.1,1,Johnston Heights,8,46.074694358319405
Hiroshi Ramen,Surrey,49.11508,-122.68186,4.5,1,Cloverdale,3,79.11736920366988
Bandra Cafe,Surrey,49.13632358752905,-122.8899743625656,4.4,1,Strawberry Hill,4,52.47413385449293
Ken's Cafe,Surrey,49.105785,-122.735295,4.7,1,Surrey Centre,7,137.4041777320446
The Cabin Restaurant,Surrey,49.0528603,-122.8809814,3.4,0,Crescent Beach,1,50.173119053371906
Uli's Restaurant,Surrey,49.0214853492612,-122.806032776245,4.1,1,West Beach,0,111.43148410840276
Hooked Fish Bar,Surrey,49.0523737,-122.8846858,3.1,0,Crescent Beach,1,119.76431389983328
Browns Socialhouse Panorama,Surrey,49.10397,-122.798523,3.3,0,Sullivan,5,103.93007896071292
Chili House Restaurant,Surrey,49.1144981,-122.6806335,4.3,1,Cloverdale,3,35.0233404613781
My Greek Taverna,Surrey,49.12013,-122.89007,3.9,0,Strawberry Hill,1,39.744955079139395
Kids Play Cafe & Cafe Artistico,Surrey,49.111984,-122.810317,3.8,0,Sullivan,0,107.53435498083635
Green Lettuce Indian Style Chinese Restaurant,Surrey,49.1179419178998,-122.890040874481,3.6,0,Strawberry Hill,1,55.73721687016903
Prabu Sweets,Surrey,49.13036,-122.86825,3.9,0,Strawberry Hill,1,82.19838773560855
Rosie's Country Cafe,Surrey,49.056674380316,-122.80853109372926,3.9,0,South Surrey,2,168.94118787972917
Clove,Surrey,49.1189018,-122.8257539,4.1,1,Sullivan,1,143.5104976945095
Cactus Club Cafe,Surrey,49.0604907475,-122.804682831,4.0,1,South Surrey,3,210.8669680134464
Chacha's Tandoor & Grill,Surrey,49.14829,-122.86628,4.5,1,Strawberry Hill,5,117.15899240839416
Lahori Sweets & Restaurant,Surrey,49.1484413,-122.8649063,4.0,1,Strawberry Hill,5,213.79057899616296
Salsa & Guacamole,Surrey,49.133821637841805,-122.84886589325409,3.8,0,Newton,9,134.49373516350562
Sal y Limon,Surrey,49.0469347453396,-122.77867790858,3.8,0,Sunnyside,4,104.33948874815448
Texx Big Burger,Surrey,49.189932,-122.841323,4.1,1,City Centre,4,172.4801404852652
Umami Sushi,Surrey,49.1191614520774,-122.73165560105,3.9,0,Cloverdale,0,40.17398064414783
Showshaa - The Modern Taproom,Surrey,49.05722,-122.80085,4.1,1,Sunnyside,4,63.79396846418886
Main Choice Chinese Restaurant,Surrey,49.1338858,-122.8518572,3.8,0,Newton,4,23.407284644178567
Diamond Buffet,Surrey,49.11172,-122.72963,2.4,0,Cloverdale,0,103.7449841323248
An Indian Affair,Surrey,49.1156853530903,-122.679180051868,4.3,1,,3,158.55996295049735
Cabizerra Bistro,Surrey,49.1987463,-122.8134292,4.8,1,Johnston Heights,3,26.01090412680602
One More Thai,Surrey,49.1333200177501,-122.88981649088,3.6,0,Strawberry Hill,4,61.26937746195896
Dragon Wok,Surrey,49.150437,-122.865346,4.0,1,Strawberry Hill,6,195.02470417922825
Sapporo Kitchen,Surrey,49.03159912001535,-122.80144046744888,3.9,0,Semiahmoo Town Centre,2,35.85461605959343
GNJ Vegetarian Bistro,Surrey,49.1363708,-122.8922328,4.4,1,North Delta,4,142.9411268165994
A&W,Surrey,49.1343815,-122.88677929,4.6,1,Strawberry Hill,4,198.7370781646578
Ladybird's Trattoria,Surrey,49.0525910210857,-122.69256623466444,4.9,1,Hazelmere,0,70.79958938306733
Fast Fired,Surrey,49.14821,-122.889696,4.0,1,Strawberry Hill,1,89.62898586968079
Ay Chihuahua,Surrey,49.0332999,-122.80094,4.1,1,Semiahmoo Town Centre,3,8.203063549272558
Malaysian Hut,Surrey,49.1989290068985,-122.814328819513,4.0,1,Johnston Heights,3,91.11520133606184
The Greek Corner,Surrey,49.1343307,-122.8452682,3.6,0,Newton,11,10.920962155200266
Liberty Kitchen,Surrey,49.0452889438938,-122.778361737728,3.9,0,Sunnyside,5,18.54921797210629
U R Restaurant,Surrey,49.1994551,-122.8137501,4.4,1,Johnston Heights,3,85.94935627285066
Utopia Noodles,Surrey,49.158580176583506,-122.7811632,4.8,1,Fleetwood,5,47.94675262583633
Jerusalem Grill & Shawarma,Surrey,49.15907004962188,-122.78113721962818,3.5,0,Fleetwood,5,75.60247970005709
Kin Thai Kitchen & Bar,Surrey,49.0466759494366,-122.77521704598,3.5,0,Grandview,4,121.1263774755503
Archie's BBQ,Surrey,49.18755,-122.79773,4.1,1,Johnston Heights,7,226.78352811879503
Skye Avenue Kitchen & Lounge,Surrey,49.1876994453086,-122.84848282640564,4.1,1,City Centre,4,127.92063079851188
bb.q Chicken & Pub,Surrey,49.18383422068441,-122.8023930853906,4.3,1,Johnston Heights,5,98.32375610630298
Guacamole Mexican Grill,Surrey,49.196753526063695,-122.84564846554132,4.4,1,City Centre,2,193.82830900983407
The Samosa House,Surrey,49.162746,-122.866827,4.4,1,Whalley,0,53.67536229357059
Grandt Kitchen,Surrey,49.189707024899,-122.846393287182,3.9,0,City Centre,7,84.68094748486277
Ek Chai Kahani,Surrey,49.11885835789898,-122.8240515212801,5.0,1,Sullivan,1,42.04859716889362
The Waffle Co.,Surrey,49.135660700709366,-122.84347474404068,4.4,1,Newton,11,204.0880330647796
Dublin Crossing Irish Pub,Surrey,49.12426199999999,-122.702092,3.4,0,Clayton Heights,2,52.32226981996882
Eggcetra Breakfast Cafe,Surrey,49.0555806,-122.8054598,4.1,1,South Surrey,3,74.48602423419
Hansel Deli,Surrey,49.10792,-122.73477,4.4,1,Surrey Centre,7,28.590393011138215
Bon Ga Korean Restaurant,Surrey,49.1906849563647,-122.8413259238,3.5,0,City Centre,5,89.64822111591069
Katana,Surrey,49.1171545941153,-122.669773906498,3.4,0,,1,107.0266341026228
Steve's Poké Bar,Surrey,49.18376,-122.80127,4.5,1,Johnston Heights,6,25.68900302697269
Kiki's Restaurant,Surrey,49.03728,-122.80147,3.8,0,Semiahmoo Town Centre,1,59.00322663261534
Pho Hillton Restaurant,Surrey,49.1253645,-122.7059121,4.0,1,Clayton Heights,2,12.238261822145162
Pho Tau Bay,Surrey,49.135731,-122.844616,3.5,0,Newton,11,146.30756159550725
Curry Lounge,Surrey,49.0453451,-122.7783363,3.8,0,Sunnyside,5,12.064365393516113
The Jin sushi,Surrey,49.1364,-122.84264,4.6,1,Newton,8,233.8552146093891
Indigo Cafe,Surrey,49.0635291,-122.7979894,5.0,1,Morgan Creek,1,234.57709191897231
The Taste of Africa,Surrey,49.196348,-122.845649,4.4,1,City Centre,2,185.61909069440645
Thai By Thai,Surrey,49.1698001,-122.8900551,4.1,1,Brownsville,1,25.189241732287854
Dawood's Pizza,Surrey,49.11893,-122.8171,5.0,1,Sullivan,0,16.706836608687443
Bacayon's Chibugan,Surrey,49.19166,-122.83465,4.5,1,Whalley,1,10.909414665060796
The Back Room,Surrey,49.042265589442,-122.77957271282486,4.4,1,Sunnyside,3,177.66844347248093
Panorama Indian Lounge,Surrey,49.10478,-122.80338,4.9,1,Sullivan,5,191.69891200480723
Estrella's Montreal Deli & Cafe,Surrey,49.110315,-122.6686151,4.4,1,,2,171.75076834079243
Pho Tau Bay,Surrey,49.19805,-122.81226,4.2,1,Johnston Heights,3,104.14714146091552
Combine Cafe & Bar,Surrey,49.18170954562757,-122.8457860865099,3.7,0,City Centre,3,74.25259321030205
ChongQing Restaurant,Surrey,49.15272034339086,-122.88974194707586,3.1,0,Strawberry Hill,1,37.11506452338074
Michael's Artisan Bakery & Cafe,Surrey,49.045213,-122.790789,4.1,1,Sunnyside,2,51.63346871858141
Budapest Lángos,Surrey,49.138596606108216,-122.7340017,5.0,1,Cloverdale,0,185.91290615040052
Shannon Donair,Surrey,49.1060982,-122.7353592,4.1,1,Surrey Centre,7,130.81335770163506
Crispy Falafel,Surrey,49.04591481291062,-122.79334246655924,3.8,0,Sunnyside,2,81.82157169607915
Sushi on Surrey,Surrey,49.15725,-122.77954,4.3,1,Fleetwood,5,74.52518409638432
Mek's Delight,Surrey,49.1912982626951,-122.808646894991,3.9,0,Johnston Heights,1,17.19629891125081
Spice of Nepal,Surrey,49.13339,-122.84879,4.2,1,Newton,9,130.84560722283436
Yoko Sushi & Noodle House,Surrey,49.15737,-122.77828,3.9,0,Fleetwood,6,88.98818792371395
Zapoteca,Surrey,49.0177,-122.79314,4.2,1,East Beach,0,81.19301742163925
Sri Periyava Dosa Bhavan,Surrey,49.1586589,-122.8902128,4.5,1,Newton,2,66.30953742861517
Viet Houng Asian Flavor Deli,Surrey,49.1887226115802,-122.860729718055,4.6,1,Whalley,0,328.11145142971276
YL's Curry Bowl,Surrey,49.18444,-122.79879,4.0,1,Johnston Heights,7,142.9571716193311
Pak Punjab Sweet & Samosas House,Surrey,49.17733,-122.86766,4.0,1,Whalley,0,19.82868645920072
Hawthorne Beer Market & Bistro,Surrey,49.10484,-122.7352,3.4,0,Surrey Centre,7,202.00725421095336
OEB Breakfast - Langley,Surrey,49.114475,-122.675162,4.4,1,,4,170.57574904398774
Dragon's Chop Suey House,Surrey,49.15719,-122.77781,3.5,0,Fleetwood,6,55.13337813458365
Akari Japanese Restaurant,Surrey,49.1348829570242,-122.891920108212,4.0,1,North Delta,4,98.99805444634823
Shawarma Palace,Surrey,49.134277,-122.844497,4.0,1,Newton,11,67.33731751980183
Roadhouse Grille,Surrey,49.03426,-122.78006,3.4,0,Sunnyside,0,151.88364471282816
Tokyo Mithaiwala,Surrey,49.147777821579545,-122.8639529,4.4,1,Strawberry Hill,5,295.5413918351682
Waffle House Diner,Surrey,49.18125961964888,-122.84355514110403,4.0,1,City Centre,3,105.09497580583351
Navraj Sweets & Restaurant,Surrey,49.1501801430419,-122.866437749758,4.4,1,Strawberry Hill,5,129.69955355588093
Emilio Finatti Pizzeria - Langley,Surrey,49.1073311,-122.6649517,4.4,1,,2,10.64562658306066
Sushi King George,Surrey,49.19047078350401,-122.84500166127094,3.7,0,City Centre,7,131.168390109421
Trees Cheesecake and Organic Coffee,Surrey,49.189991644148385,-122.850168,4.1,1,City Centre,4,67.8166146978616
Tommies Jerk,Surrey,49.10037,-122.72386,4.7,1,Cloverdale,0,279.9415799645721
Planet India,Surrey,49.13379,-122.83907,3.8,0,Newton,8,16.67935440668351
Tap & Barrel,Surrey,49.05963809908623,-122.8018875,3.4,0,Sunnyside,3,169.8301635767134
Coast & Country Diner,Surrey,49.103936,-122.734543,3.7,0,Surrey Centre,7,252.8239016831945
Pho Newton,Surrey,49.1392040260342,-122.843214712932,3.6,0,Newton,5,159.0498812630946
Pho Hong,Surrey,49.190289,-122.841347,3.4,0,City Centre,4,133.29691746257984
Kai Japanese Restaurant,Surrey,49.155174243061545,-122.66664268415136,4.4,1,Walnut Grove,0,121.61831387444528
Tasty Donair,Surrey,49.133938,-122.842573,4.3,1,Newton,11,59.6569772786451
Chefs Kebab,Surrey,49.1551446,-122.7729754,4.2,1,Fleetwood,2,76.54040551747883
Cactus Club Cafe,Surrey,49.14695039868115,-122.89109409939302,3.9,0,Kennedy,1,99.93442186801776
Sushi California - Surrey,Surrey,49.1893963,-122.7993351,4.0,1,Johnston Heights,5,112.07740224101984
Red Robin Gourmet Burgers and Brews,Surrey,49.18838300274452,-122.80139260276438,3.6,0,Johnston Heights,7,23.050767764459728
Barcelos Flame Grilled Chicken,Surrey,49.14042,-122.84594,4.4,1,Newton,1,38.95887902735732
Sushi Shogun,Surrey,49.19947,-122.8455,4.5,1,City Centre,2,72.03079856841826
Jagga Sweet & Cuisine,Surrey,49.1718,-122.89043,4.6,1,Kennedy,1,49.29844408821165
Satya Asha,Surrey,49.13371,-122.86738,4.4,1,Strawberry Hill,1,56.06434701420066
Nando's Peri-Peri,Surrey,49.18567392600471,-122.80140250244676,3.9,0,Johnston Heights,8,26.647138617000213
West Village Cafe,Surrey,49.1047524116854,-122.799629199329,3.6,0,Sullivan,5,53.48249021069513
Delta Pizza,Surrey,49.15558,-122.86452,3.9,0,Newton,1,242.87724617850785
Neptune Wonton Noodle,Surrey,49.1865774185184,-122.84743837116434,3.3,0,City Centre,4,244.15276172171184
Isshin Sushi,Surrey,49.10468,-122.79806,3.8,0,Sullivan,5,137.8857152193985
Nagoya Sushi,Surrey,49.16978,-122.81251,4.0,1,Fleetwood,0,24.087389463215423
Banana Leaf,Surrey,49.0597947797082,-122.8040599822998,4.1,1,South Surrey,5,245.7972864702748
Nordel Sushi,Surrey,49.1609149,-122.8885017,3.3,0,Newton,1,128.00459680704714
