store_name,city,latitude,longitude,target_rating,target_is_successful,neighbourhood_name,dissemination_area_id,population,pop_density_sqkm,age_demographic,median_income
Miku,Vancouver,49.28691298612272,-123.11304877258942,4.4,1,Downtown,59153466,693.0,1992.5,32.8,38800.0
Kingyo,Vancouver,49.29073911099211,-123.13705023185994,4.4,1,Denman Village,59153589,905.0,27591.5,45.6,48400.0
Fanny Bay Oyster Bar & Shellfish Market,Vancouver,49.2787525,-123.1138689,4.4,1,Yaletown,59154027,1577.0,18596.7,35.2,55600.0
Phnom Penh,Vancouver,49.278431,-123.098205,4.2,1,Downtown Eastside,59150757,1054.0,13375.6,40.0,37600.0
Nemesis Coffee,Vancouver,49.28281595985871,-123.11027107703038,4.4,1,Gastown,59154181,686.0,14503.2,56.4,25600.0
Cactus Club Cafe,Vancouver,49.288953168131265,-123.1170999,4.2,1,Financial District,59153997,1173.0,7400.6,52.0,53600.0
Kosoo,Vancouver,49.28494,-123.12592,4.3,1,Davie Village,59153682,683.0,12984.8,33.2,44800.0
The Flying Pig - Yaletown,Vancouver,49.27501,-123.122,4.0,1,Yaletown,59153470,853.0,11542.6,46.8,57600.0
OEB Breakfast Co. - Yaletown,Vancouver,49.273438,-123.119289,4.3,1,Yaletown,59153471,1359.0,43006.3,46.4,62000.0
Lunch Lady,Vancouver,49.27497,-123.06915,4.2,1,Little Italy,59153231,477.0,8457.4,38.0,56000.0
Ramen DANBO - Robson,Vancouver,49.2874959131639,-123.128934167326,4.4,1,Lower Robson,59153479,1126.0,33313.6,37.2,42000.0
Chinatown BBQ,Vancouver,49.280294,-123.1015,4.5,1,Chinatown,59153585,1256.0,9827.9,37.6,34400.0
Guu with Garlic,Vancouver,49.290249,-123.1338142,4.3,1,Lower Robson,59150840,419.0,23942.9,37.2,39200.0
Jam Cafe on Beatty,Vancouver,49.2802586,-123.1096376,4.4,1,Chinatown,59154185,1303.0,33324.8,36.8,53600.0
Saku,Vancouver,49.28923400821203,-123.13230361739016,4.5,1,Lower Robson,59153839,1379.0,15742.0,49.2,31200.0
Medina Cafe,Vancouver,49.2804429972571,-123.117036269849,4.2,1,Yaletown,59154145,890.0,26176.5,35.6,60000.0
Ask For Luigi,Vancouver,49.2844485,-123.0976786,4.1,1,Japantown,59150762,435.0,5520.3,52.4,31200.0
Manoush'eh,Vancouver,49.276653,-123.125728,4.8,1,Yaletown,59154147,655.0,38988.1,38.4,36000.0
Tendon Kohaku,Vancouver,49.28107123873706,-123.12179426645872,4.3,1,Downtown,59154143,844.0,6111.5,34.0,49600.0
Japadog,Vancouver,49.28023880376068,-123.1183512558197,3.9,0,Yaletown,59154144,1309.0,40153.4,32.8,51200.0
AnnaLena,Vancouver,49.2708261,-123.1467714,4.5,1,Kitsilano,59150627,524.0,5658.7,41.6,61200.0
Blue Water Cafe,Vancouver,49.2761945,-123.1209935,4.4,1,Yaletown,59153470,853.0,11542.6,46.8,57600.0
Botanist,Vancouver,49.2882901,-123.116555,4.3,1,Financial District,59153997,1173.0,7400.6,52.0,53600.0
Cardero's Restaurant & Marine Pub,Vancouver,49.2914561357511,-123.127575841549,3.9,0,Coal Harbour,59153987,1500.0,20862.3,49.6,44000.0
Chambar,Vancouver,49.2801460007961,-123.109925328073,4.2,1,Chinatown,59154185,1303.0,33324.8,36.8,53600.0
Lupo,Vancouver,49.278222058049096,-123.11735347768747,4.3,1,Yaletown,59153843,2188.0,44112.9,34.0,58800.0
Saku,Vancouver,49.2631006,-123.11667523250104,4.3,1,Fairview,59153152,939.0,7060.2,50.0,54000.0
Din Tai Fung 鼎泰豐,Vancouver,49.28562,-123.124798,4.4,1,West End,59153483,869.0,11449.3,41.2,43200.0
Fat Mao Noodles,Vancouver,49.27982129999999,-123.1267997,4.4,1,Yaletown,59153849,1052.0,30317.0,38.8,38800.0
Nightingale,Vancouver,49.2874110331456,-123.117770967577,4.2,1,Financial District,59153995,196.0,2737.4,39.2,
The Fish Counter,Vancouver,49.250774041930285,-123.1012792,4.4,1,Riley Park,59150685,839.0,7606.5,38.8,44800.0
Elisa,Vancouver,49.27597599917006,-123.12142339325408,4.3,1,Yaletown,59153470,853.0,11542.6,46.8,57600.0
La Belle Patate,Vancouver,49.2820547306569,-123.133442922354,4.2,1,Davie Village,59153678,603.0,34655.2,38.0,36000.0
Salmon n' Bannock,Vancouver,49.2631378,-123.1296705,4.5,1,Fairview,59153135,855.0,15745.9,35.2,45600.0
Hello Nori ,Vancouver,49.28559747478766,-123.1261163,4.5,1,Davie Village,59153483,869.0,11449.3,41.2,43200.0
Tokyo In April,Vancouver,49.2806813,-123.1073936,4.4,1,Chinatown,59154187,1027.0,8800.3,34.8,48000.0
The Red Accordion,Vancouver,49.29025,-123.131768,4.6,1,Lower Robson,59150841,430.0,23888.9,32.4,36400.0
Kokoro Tokyo Mazesoba,Vancouver,49.2833927,-123.115078,4.1,1,Downtown,59154146,1156.0,5606.2,37.6,47200.0
Maruhachi Ra-men,Vancouver,49.2905691,-123.1333951,4.3,1,Lower Robson,59150841,430.0,23888.9,32.4,36400.0
Happy Noodle House,Vancouver,49.27664,-123.12578,4.6,1,Yaletown,59154147,655.0,38988.1,38.4,36000.0
Mazahr Lebanese Kitchen,Vancouver,49.2615511,-123.1383052,4.7,1,South Granville,59153139,486.0,13500.0,37.6,45600.0
Tap & Barrel - Convention Centre,Vancouver,49.289845529586,-123.116857235515,3.8,0,Financial District,59153997,1173.0,7400.6,52.0,53600.0
Calabash Bistro,Vancouver,49.281004479966,-123.104228199529,4.0,1,Chinatown,59153585,1256.0,9827.9,37.6,34400.0
Sura Korean Cuisine,Vancouver,49.2888601838143,-123.131742169312,4.1,1,Lower Robson,59153839,1379.0,15742.0,49.2,31200.0
Dinesty Dumpling House,Vancouver,49.2908176,-123.1343912,3.9,0,Lower Robson,59153836,291.0,16166.7,40.0,42400.0
Encore Suite,Vancouver,49.2776420028873,-123.109174971689,4.3,1,Downtown,59154186,586.0,20854.1,31.4,64000.0
Kishimoto Japanese Kitchen,Vancouver,49.2665099,-123.06935,4.4,1,Grandview-Woodland,59150356,473.0,5551.6,40.0,50000.0
LOCAL Public Eatery Gastown,Vancouver,49.2836468,-123.1039495,4.3,1,Gastown,59153578,630.0,1635.5,43.2,45600.0
Alouette Bistro,Vancouver,49.2853,-123.11829,4.3,1,Financial District,59154146,1156.0,5606.2,37.6,47200.0
Tom Sushi,Vancouver,49.2815608,-123.1327476,4.7,1,Davie Village,59153679,967.0,13411.9,36.4,40000.0
Sawasdee Thai Restaurant,Vancouver,49.24703,-123.1008,4.0,1,Riley Park,59150688,528.0,6866.1,41.2,50400.0
Cactus Club Cafe,Vancouver,49.28554081466174,-123.11881637137162,4.1,1,Financial District,59154146,1156.0,5606.2,37.6,47200.0
Tavola,Vancouver,49.2918164,-123.1357186,4.4,1,Lower Robson,59153586,1105.0,281.8,46.8,47600.0
Fritz European Fry House,Vancouver,49.2772045,-123.1265253,4.2,1,Yaletown,59150784,631.0,37117.6,36.4,31400.0
The Sandbar Seafood Restaurant,Vancouver,49.271502,-123.134151,3.7,0,South Granville,59153689,775.0,2581.6,51.2,49200.0
ONIGIRI YA,Vancouver,49.26339,-123.11652,4.6,1,Fairview,59154172,1672.0,13626.7,37.2,64500.0
Alchemy Bar and Kitchen,Vancouver,49.27422,-123.124,4.2,1,Yaletown,59150788,719.0,29346.9,45.6,44000.0
Linh Cafe,Vancouver,49.2746716,-123.12989802,3.9,0,Granville,59154140,1451.0,20552.4,46.0,52800.0
JOEY Burrard,Vancouver,49.282606,-123.1231879,4.1,1,Downtown,59154143,844.0,6111.5,34.0,49600.0
Rodney's Oyster House,Vancouver,49.274326,-123.123131,4.0,1,Yaletown,59150788,719.0,29346.9,45.6,44000.0
Riley's Vancouver,Vancouver,49.287641996861865,-123.1151089,4.3,1,Downtown,59153466,693.0,1992.5,32.8,38800.0
Published on Main,Vancouver,49.25283186017385,-123.10116032897228,4.3,1,Riley Park,59150684,741.0,7833.0,37.2,55200.0
Pourhouse Restaurant,Vancouver,49.2841134475502,-123.10842879595,4.0,1,Gastown,59153578,630.0,1635.5,43.2,45600.0
Hokkaido Ramen Santouka,Vancouver,49.263127,-123.1168917,4.2,1,Fairview,59153152,939.0,7060.2,50.0,54000.0
Social Corner- Coal Harbour,Vancouver,49.28789956950066,-123.11817217614248,4.5,1,Financial District,59153995,196.0,2737.4,39.2,
ARC Restaurant,Vancouver,49.28733537787621,-123.11385049155078,4.0,1,Financial District,59153466,693.0,1992.5,32.8,38800.0
Breakfast Table,Vancouver,49.25855,-123.13856,4.3,1,Fairview,59150639,517.0,18937.7,50.8,58800.0
Nero Waffles,Vancouver,49.27834403099929,-123.122044653573,4.4,1,Granville,59154134,1483.0,29719.4,39.6,37600.0
Angus T,Vancouver,49.2762326068102,-123.119233623147,4.3,1,Yaletown,59153470,853.0,11542.6,46.8,57600.0
Nook,Vancouver,49.2917554,-123.1352974,4.2,1,Lower Robson,59153586,1105.0,281.8,46.8,47600.0
Fresh Donair,Vancouver,49.2792016361722,-123.12335201658,4.7,1,Granville,59154134,1483.0,29719.4,39.6,37600.0
Seaport City Seafood Restaurant,Vancouver,49.263921119674905,-123.115152,4.2,1,Fairview,59154172,1672.0,13626.7,37.2,64500.0
Le Crocodile Restaurant,Vancouver,49.2825393,-123.1252052,4.3,1,West End,59153683,1302.0,32796.0,36.8,50400.0
Jeju,Vancouver,49.26228121460416,-123.0920469229725,4.5,1,Mount Pleasant,59150710,635.0,9379.6,34.8,50000.0
Fable Diner,Vancouver,49.2630749,-123.1019822,3.9,0,Mount Pleasant,59153163,396.0,4835.2,34.8,44800.0
Mount Everest Kitchen & Grill,Vancouver,49.28343057225757,-123.1142148824853,4.6,1,Downtown,59154146,1156.0,5606.2,37.6,47200.0
The Magnet,Vancouver,49.28242131064444,-123.11118325952978,4.6,1,Chinatown,59154181,686.0,14503.2,56.4,25600.0
España Restaurant,Vancouver,49.2880552,-123.1404114,4.2,1,Denman Village,59150865,638.0,17771.6,49.6,47600.0
Robba Da Matti,Vancouver,49.283146323514835,-123.10375675641404,4.6,1,Gastown,59153580,835.0,20617.3,44.8,41200.0
Takenaka,Vancouver,49.2783093,-123.0755801,4.3,1,Grandview-Woodland,59153190,657.0,3268.7,36.8,46800.0
Mott 32,Vancouver,49.2868703881444,-123.124537612795,3.9,0,Coal Harbour,59150850,2626.0,18325.2,37.2,43600.0
Peaked Pies,Vancouver,49.2896489,-123.1384797,4.4,1,Denman Village,59153590,430.0,24431.8,41.2,51600.0
St Lawrence Restaurant,Vancouver,49.2832584031253,-123.097993419888,4.4,1,Downtown Eastside,59150762,435.0,5520.3,52.4,31200.0
Raisu,Vancouver,49.2679990419609,-123.158381134272,4.3,1,Kitsilano,59150616,588.0,12024.5,34.8,46800.0
Anh and Chi,Vancouver,49.2550314422938,-123.100882202153,4.0,1,Riley Park,59150704,583.0,6655.3,36.4,48000.0
Nuba in Gastown,Vancouver,49.2827625062516,-123.109646101134,4.0,1,Gastown,59154182,1139.0,23679.8,34.0,56800.0
Suyo Modern Peruvian,Vancouver,49.2540292,-123.1010659958052,4.5,1,Riley Park,59150684,741.0,7833.0,37.2,55200.0
Kozak Ukrainian Restaurant,Vancouver,49.28266968028282,-123.1045676752585,4.6,1,Gastown,59153580,835.0,20617.3,44.8,41200.0
Twisted Fork,Vancouver,49.283155,-123.104441,4.1,1,Gastown,59153580,835.0,20617.3,44.8,41200.0
Cockney Kings Fish & Chips,Vancouver,49.272672,-123.148627,4.8,1,Kitsilano,59150627,524.0,5658.7,41.6,61200.0
The Dirty Apron Delicatessen,Vancouver,49.2805632,-123.1091772,4.5,1,Chinatown,59154185,1303.0,33324.8,36.8,53600.0
John 3:16 Malaysian Delights,Vancouver,49.26371,-123.12812,4.2,1,Fairview,59153133,666.0,9680.2,41.6,58400.0
Marulilu Cafe,Vancouver,49.26338,-123.11415,4.0,1,Mount Pleasant,59154173,895.0,1590.5,38.8,66000.0
Moose's Down Under,Vancouver,49.285638,-123.11634,3.9,0,Financial District,59153466,693.0,1992.5,32.8,38800.0
Tap & Barrel - Bridges,Vancouver,49.2727468,-123.1359964,4.3,1,Fairview,59153686,886.0,3634.1,53.2,53600.0
Hokkaido Ramen Santouka,Vancouver,49.290236,-123.133811,4.2,1,Lower Robson,59150840,419.0,23942.9,37.2,39200.0
Wow Full Noodle House,Vancouver,49.28255,-123.1145,4.7,1,Downtown,59154146,1156.0,5606.2,37.6,47200.0
Brunch,Vancouver,49.2778182,-123.1254634,4.5,1,Granville,59153847,1609.0,32636.9,36.0,40400.0
Banana Leaf,Vancouver,49.28001,-123.13009,3.6,0,Davie Village,59153684,779.0,11455.9,35.6,46400.0
The Mackenzie Room,Vancouver,49.2832349,-123.0948578,4.5,1,Japantown,59150762,435.0,5520.3,52.4,31200.0
The Mexican Antojitos Y Cantina,Vancouver,49.2787726,-123.1240268,4.3,1,Granville,59154134,1483.0,29719.4,39.6,37600.0
Zab Zaab Thai Cuisine,Vancouver,49.27493,-123.12321,4.5,1,Yaletown,59150788,719.0,29346.9,45.6,44000.0
Nero Waffles,Vancouver,49.2907208,-123.1339952,4.3,1,Lower Robson,59153836,291.0,16166.7,40.0,42400.0
Burger Crush,Vancouver,49.27977707759172,-123.12350184856516,4.3,1,Granville,59153464,1622.0,24317.8,34.4,62400.0
Okeya Kyujiro,Vancouver,49.27581579131156,-123.1197521,4.8,1,Yaletown,59153470,853.0,11542.6,46.8,57600.0
The Northern Cafe and Grill,Vancouver,49.208549754278906,-123.0724741261907,4.7,1,Victoria-Fraserview,59151208,814.0,2434.9,34.8,31800.0
Superbaba,Vancouver,49.2633297,-123.1012681,4.6,1,Mount Pleasant,59153163,396.0,4835.2,34.8,44800.0
Sooda Korean BBQ,Vancouver,49.28256,-123.10628,4.6,1,Gastown,59153582,1396.0,37628.0,39.2,35600.0
Caveman Cafe,Vancouver,49.280802324947445,-123.10703500282293,4.4,1,Chinatown,59154187,1027.0,8800.3,34.8,48000.0
Zarak By Afghan Kitchen,Vancouver,49.266224,-123.1006089,4.5,1,Mount Pleasant,59153164,2058.0,20746.0,35.6,67500.0
Five Sails Restaurant,Vancouver,49.2880313351364,-123.113292160758,4.4,1,Financial District,59153466,693.0,1992.5,32.8,38800.0
Yolks ,Vancouver,49.278737,-123.128973,4.5,1,Davie Village,59153852,1658.0,33494.9,33.6,46400.0
Bahar Cafe,Vancouver,49.28069,-123.11846,4.8,1,Yaletown,59154144,1309.0,40153.4,32.8,51200.0
Shizen Ya,Vancouver,49.2808844,-123.1246278,4.3,1,Yaletown,59153246,1082.0,62183.9,32.8,46000.0
Jerusalem Shawarma,Vancouver,49.280356,-123.118634,4.7,1,Granville,59154144,1309.0,40153.4,32.8,51200.0
Toyokan Bowl,Vancouver,49.27055,-123.14762,4.7,1,Kitsilano,59150628,770.0,11509.7,38.4,56800.0
Elem Vancouver,Vancouver,49.266199,-123.100564,4.3,1,Mount Pleasant,59153164,2058.0,20746.0,35.6,67500.0
Song,Vancouver,49.2629749,-123.0986667,4.4,1,Mount Pleasant,59150711,1102.0,15971.0,35.2,56000.0
Meat & Bread,Vancouver,49.2826255017147,-123.109336831057,4.2,1,Chinatown,59154182,1139.0,23679.8,34.0,56800.0
La Grotta Del Formaggio,Vancouver,49.2688848,-123.0697849,4.3,1,Little Italy,59150353,495.0,11899.0,38.8,49600.0
Pink Peppercorn Seafood House,Vancouver,49.2493583,-123.0739159,4.4,1,Little Saigon,59154157,407.0,6280.9,42.4,34400.0
Earls Kitchen + Bar,Vancouver,49.281536,-123.12368,3.6,0,Downtown,59153246,1082.0,62183.9,32.8,46000.0
Yolks,Vancouver,49.2631139,-123.1163529,3.6,0,Fairview,59153152,939.0,7060.2,50.0,54000.0
Maruhachi Ra-Men,Vancouver,49.27854065320407,-123.1157914,4.1,1,Yaletown,59154027,1577.0,18596.7,35.2,55600.0
Le Petit Belge,Vancouver,49.278975790117805,-123.116520502828,4.2,1,Yaletown,59153843,2188.0,44112.9,34.0,58800.0
Pholicious,Vancouver,49.28297,-123.11279,4.3,1,Chinatown,59154146,1156.0,5606.2,37.6,47200.0
Osteria Savio Volpe,Vancouver,49.2574913,-123.0909344,4.2,1,Mount Pleasant,59150727,477.0,6092.0,35.6,36000.0
Minami,Vancouver,49.2752733,-123.1207029,4.1,1,Yaletown,59153470,853.0,11542.6,46.8,57600.0
Oyster Express,Vancouver,49.2792784082144,-123.097397130932,4.5,1,Chinatown,59150757,1054.0,13375.6,40.0,37600.0
KINTON RAMEN ROBSON,Vancouver,49.27955,-123.117318,4.4,1,Yaletown,59154145,890.0,26176.5,35.6,60000.0
Mr Shawarma,Vancouver,49.28526,-123.12075,4.4,1,Downtown,59150850,2626.0,18325.2,37.2,43600.0
Bodega On Main,Vancouver,49.27548853708847,-123.09968391901442,3.8,0,Strathcona,59150751,708.0,810.9,44.8,33200.0
New Town Bakery & Restaurant,Vancouver,49.280153,-123.101201,3.8,0,Chinatown,59153585,1256.0,9827.9,37.6,34400.0
Maenam,Vancouver,49.26787,-123.1488979,3.9,0,Kitsilano,59150629,605.0,11702.1,36.0,50400.0
iDen & Quan Ju De Beijing Duck House,Vancouver,49.26021,-123.1148451,3.6,0,Fairview,59153155,763.0,9646.0,34.0,54400.0
Gyu-Kaku Japanese BBQ,Vancouver,49.28031,-123.12467,4.0,1,Granville,59150782,480.0,29447.9,37.2,52400.0
Banana Leaf,Vancouver,49.26302,-123.1225,3.7,0,Fairview,59150649,663.0,3553.1,37.6,63200.0
Burgoo Bistros,Vancouver,49.25765498958033,-123.100815,3.9,0,Mount Pleasant,59150705,624.0,11202.9,35.2,60000.0
La Taqueria Pinche Taco Shop,Vancouver,49.263617,-123.112593,4.2,1,Mount Pleasant,59154173,895.0,1590.5,38.8,66000.0
New Fuji,Vancouver,49.27082027992868,-123.14700923860072,4.3,1,Kitsilano,59150627,524.0,5658.7,41.6,61200.0
Alley 16,Vancouver,49.257017,-123.11474,4.6,1,Mount Pleasant,59150680,712.0,5963.1,39.2,67000.0
Vonns,Vancouver,49.28724,-123.14124,4.5,1,Lower Davie,59153955,1326.0,37247.2,34.0,48800.0
Fat Mao,Vancouver,49.27881,-123.09893,4.0,1,Chinatown,59150757,1054.0,13375.6,40.0,37600.0
Les Faux Bourgeois,Vancouver,49.2572813531481,-123.089767330802,3.9,0,Mount Pleasant,59150727,477.0,6092.0,35.6,36000.0
Kook Korean BBQ,Vancouver,49.26894,-123.04565,4.2,1,Hastings-Sunrise,59151415,647.0,5163.6,44.0,36800.0
Dovetail,Vancouver,49.27599363324675,-123.120331,4.3,1,Yaletown,59153470,853.0,11542.6,46.8,57600.0
Thierry,Vancouver,49.2848818,-123.1228949,4.0,1,Downtown,59153483,869.0,11449.3,41.2,43200.0
Horin Tonkotsu Ramen ,Vancouver,49.28617,-123.12749,4.2,1,Lower Robson,59153669,347.0,20292.4,39.2,39200.0
Score on Davie,Vancouver,49.2823221457395,-123.134614739512,4.3,1,Lower Davie,59150823,441.0,24230.8,34.0,44400.0
Ray's,Vancouver,49.275365,-123.121483,4.5,1,Yaletown,59153470,853.0,11542.6,46.8,57600.0
CHOCHO Hot Pot,Burnaby,49.231234,-123.006943,4.5,1,Metrotown,59151294,517.0,7625.4,37.2,39600.0
John 3:16 Malaysian Delights,Burnaby,49.22494698851795,-122.9900406,4.5,1,Metrotown,59151326,521.0,25048.1,39.6,33600.0
The Meat Up,Burnaby,49.2254546362785,-122.98992646931154,4.1,1,Metrotown,59151327,394.0,12274.1,42.4,33600.0
White Lotus Cafe,Burnaby,49.2656111504516,-122.97883607144,4.5,1,,59150286,718.0,3013.0,42.4,36400.0
Saku,Burnaby,49.26543,-123.005428,4.5,1,Brentwood,59151406,8800.0,6591.3,35.6,51600.0
22's Grill,Burnaby,49.2430980643898,-122.969388433881,4.4,1,,59152909,560.0,252.0,41.6,35200.0
Atlas Steak + Fish,Burnaby,49.256747,-123.006931,4.0,1,Brentwood,59151445,461.0,316.9,44.0,34000.0
Gokudo Shabu Shabu,Burnaby,49.230168460812294,-123.0038528105504,4.4,1,Metrotown,59153494,634.0,20584.4,38.4,28200.0
Shanghai Dimsum House,Burnaby,49.2294464,-123.0044077,4.0,1,Metrotown,59153493,428.0,6948.1,43.2,25600.0
Living Room Lounge,Burnaby,49.2551,-123.02032,4.5,1,Cascade Heights,59151374,722.0,5404.2,38.8,40800.0
Korea Noodle House,Burnaby,49.229066,-123.004751,4.2,1,Metrotown,59153493,428.0,6948.1,43.2,25600.0
Haidilao Hotpot Brentwood,Burnaby,49.267417,-123.00189,4.6,1,Brentwood,59154031,3843.0,21080.6,32.4,46400.0
Wild Flour Pizza,Burnaby,49.2584540319258,-122.955439905848,4.7,1,,59151494,421.0,1263.5,50.0,46400.0
Singapore Hawker,Burnaby,49.218768,-122.96447913871704,4.1,1,Edmonds,59153651,528.0,9795.9,33.2,36000.0
Wild Thyme,Burnaby,49.2092291,-122.932308,4.4,1,Kelvin,59152948,585.0,2867.6,40.0,42800.0
Safari Snack House And Grill,Burnaby,49.239118670642895,-122.96287338465577,3.9,0,Buckingham Heights,59152908,986.0,3197.1,34.8,41200.0
Kokoro Tokyo Mazesoba,Burnaby,49.228287011321385,-123.00315331667662,4.0,1,Metrotown,59151302,2761.0,9121.2,33.6,30400.0
STEM Japanese Eatery,Burnaby,49.21497276456137,-122.98816101534425,4.2,1,Royal Oak,59153643,932.0,5344.0,43.6,38800.0
Jovo the Butcher,Burnaby,49.22185,-122.94565,5.0,1,Edmonds,59151273,721.0,5332.8,41.6,39600.0
OEB Breakfast,Burnaby,49.267442,-123.002595,4.1,1,Brentwood,59154031,3843.0,21080.6,32.4,46400.0
Siam Le Bien,Burnaby,49.2813,-123.01068,4.3,1,Burnaby Heights,59150299,746.0,6145.0,41.2,48000.0
Takara Sushi,Burnaby,49.2545851,-123.0220016,4.4,1,Cascade Heights,59151374,722.0,5404.2,38.8,40800.0
囍·澳门特色打边炉  Authentic Macau Hot Pot,Burnaby,49.2277884925998,-123.00316795158996,4.3,1,Metrotown,59151302,2761.0,9121.2,33.6,30400.0
Burnaby Mountain Clubhouse,Burnaby,49.265138,-122.943048,4.1,1,,59153070,429.0,447.8,42.4,38800.0
Green & Oak Malaysian Restaurant,Burnaby,49.28081,-123.02185,3.9,0,Burnaby Heights,59153309,767.0,11164.5,40.4,47200.0
Grand Chinese Restaurant,Burnaby,49.266893,-123.004262,4.0,1,Brentwood,59151406,8800.0,6591.3,35.6,51600.0
Birdies,Burnaby,49.2655537242762,-123.01959240000002,4.0,1,West Central Valley,59151406,8800.0,6591.3,35.6,51600.0
The Viet Noodle Guy,Burnaby,49.26721987665755,-123.00572763320037,4.1,1,Brentwood,59151406,8800.0,6591.3,35.6,51600.0
Portobello Restaurant,Burnaby,49.280764,-123.013394,4.7,1,Burnaby Heights,59150318,580.0,6086.0,43.6,40000.0
NamPo,Burnaby,49.22620549734934,-122.9917955,4.4,1,Metrotown,59151328,907.0,15425.2,35.6,37600.0
Little Minh's,Burnaby,49.1990675,-122.9799962,4.3,1,Big Bend,59153633,803.0,97.3,39.6,46000.0
Masita Korean Cuisine,Burnaby,49.218978345984,-122.969008660356,3.9,0,Edmonds,59153649,734.0,4810.0,49.2,41200.0
Cactus Club Cafe,Burnaby,49.22775581945971,-123.00329214418927,3.9,0,Metrotown,59151302,2761.0,9121.2,33.6,30400.0
Sooda Korean BBQ,Burnaby,49.2680924,-123.0003773,4.1,1,Brentwood,59154031,3843.0,21080.6,32.4,46400.0
Burnt Orange,Burnaby,49.280836,-123.007658,4.5,1,Burnaby Heights,59150320,704.0,5799.0,42.8,39200.0
Horin Ramen,Burnaby,49.22901506843291,-123.00505047055158,4.5,1,Metrotown,59153493,428.0,6948.1,43.2,25600.0
Blue Coast,Burnaby,49.23466,-123.0246,4.5,1,Renfrew-Collingwood,59154139,1703.0,65000.0,32.0,43200.0
Riverway Clubhouse Restaurant,Burnaby,49.200617,-122.990237,3.5,0,Big Bend,59153633,803.0,97.3,39.6,46000.0
La Forêt,Burnaby,49.2212819390063,-122.995836958493,3.7,0,Royal Oak,59151322,929.0,4801.0,40.4,31200.0
The Keg Steakhouse + Bar,Burnaby,49.2596278,-123.0019108,3.9,0,Brentwood,59151397,675.0,645.1,38.0,36800.0
Chettinad Dosa Palace,Burnaby,49.23933,-122.96364,3.2,0,Buckingham Heights,59152908,986.0,3197.1,34.8,41200.0
SOCRATES in the Heights,Burnaby,49.2811430405355,-122.998363226652,4.5,1,,59150296,610.0,1707.2,39.6,36800.0
Chad Thai,Burnaby,49.2809351,-123.0160318,4.1,1,Burnaby Heights,59150318,580.0,6086.0,43.6,40000.0
Claudio's,Burnaby,49.265511702879046,-123.00492429325408,3.8,0,Brentwood,59151406,8800.0,6591.3,35.6,51600.0
Gaon  Korean Cuisine,Burnaby,49.223246,-122.982823,4.2,1,Royal Oak,59153645,3526.0,3964.0,35.6,38000.0
Tendon Kohaku,Burnaby,49.2278910406839,-123.00348046083376,3.7,0,Metrotown,59151302,2761.0,9121.2,33.6,30400.0
Trattoria by Italian Kitchen,Burnaby,49.23020501851105,-123.0039327,3.2,0,Metrotown,59153494,634.0,20584.4,38.4,28200.0
Fraser Park Restaurant,Burnaby,49.1941802,-122.9979206,4.2,1,Big Bend,59153633,803.0,97.3,39.6,46000.0
Chao Shou Wang,Burnaby,49.2290734,-123.0048795,4.1,1,Metrotown,59153493,428.0,6948.1,43.2,25600.0
Sushi Taku,Burnaby,49.23982721439047,-123.03001648836062,4.3,1,Renfrew-Collingwood,59151354,483.0,7944.1,37.6,36400.0
Hiel Cafe,Burnaby,49.2190187,-122.92795,4.3,1,Edmonds,59152919,738.0,4755.2,42.0,33600.0
MYST Asian Fusion,Burnaby,49.21936313246308,-122.9706842,3.6,0,Edmonds,59153649,734.0,4810.0,49.2,41200.0
La Forêt - Royal Oak,Burnaby,49.2203,-122.98637,4.3,1,Royal Oak,59153645,3526.0,3964.0,35.6,38000.0
Chào Mámi,Burnaby,49.2808832078838,-123.014717570458,4.0,1,Burnaby Heights,59150318,580.0,6086.0,43.6,40000.0
Argo Greek Cuisine Pizza Pasta,Burnaby,49.2544359,-123.02071005595984,4.2,1,Cascade Heights,59151374,722.0,5404.2,38.8,40800.0
JOEY Burnaby,Burnaby,49.2669122,-123.0066466,3.7,0,West Central Valley,59151406,8800.0,6591.3,35.6,51600.0
Taku Japanese Kitchen,Burnaby,49.21462,-122.98827,4.8,1,Royal Oak,59153642,605.0,6098.8,41.6,36800.0
Chen,Burnaby,49.28086095595619,-123.0091730738817,4.1,1,Burnaby Heights,59150320,704.0,5799.0,42.8,39200.0
Wang's Shanghai Cuisine,Burnaby,49.232843,-123.034814,4.3,1,Killarney,59151472,603.0,7490.7,41.2,30000.0
Big Way Hot Pot,Burnaby,49.2310987,-123.0083309711633,4.0,1,Metrotown,59151299,668.0,13604.9,39.2,34800.0
Kokoro Tokyo Mazesoba,Burnaby,49.26695219266848,-123.00631798803806,4.3,1,Brentwood,59151406,8800.0,6591.3,35.6,51600.0
Adam's Crepes,Burnaby,49.2149649,-122.9880349,4.6,1,Royal Oak,59153643,932.0,5344.0,43.6,38800.0
Tenen,Burnaby,49.21549,-122.98895,4.2,1,Royal Oak,59151332,733.0,6227.7,39.6,31000.0
Kimshaker,Burnaby,49.2332,-123.013747,4.4,1,Metrotown,59151346,508.0,6997.2,59.6,31000.0
B&D Authentic Viet Cuisine,Burnaby,49.21818434432872,-122.9578841,3.8,0,Edmonds,59153385,1361.0,13074.0,40.8,40000.0
El Inka Latin Deli,Burnaby,49.24941,-123.01912,4.4,1,Cascade Heights,59151381,702.0,6020.6,44.0,40000.0
Earls Kitchen + Bar,Burnaby,49.2279486,-123.0027748,3.9,0,Metrotown,59151302,2761.0,9121.2,33.6,30400.0
Bow & Stern,Burnaby,49.2681023,-123.0000943,3.7,0,Brentwood,59154031,3843.0,21080.6,32.4,46400.0
Cockney Kings Fish & Chips,Burnaby,49.28005299920758,-122.96652586933914,4.0,1,,59150277,498.0,3165.9,43.2,34000.0
Saffron Indian Cuisine,Burnaby,49.2311623,-123.0085405,3.8,0,Metrotown,59151299,668.0,13604.9,39.2,34800.0
Time & Place Kitchen | Bar,Burnaby,49.22869,-123.004102,3.7,0,Metrotown,59153493,428.0,6948.1,43.2,25600.0
Aroma Eatery,Burnaby,49.228417734136464,-123.00491628393937,4.4,1,Metrotown,59153493,428.0,6948.1,43.2,25600.0
Viva Sue Pizza,Burnaby,49.2391579,-122.9625575,4.2,1,Buckingham Heights,59152908,986.0,3197.1,34.8,41200.0
Balkan House,Burnaby,49.22219,-122.94393,3.4,0,Eastburn,59151261,603.0,4493.3,41.2,35600.0
The One Restaurant,Burnaby,49.2211721,-122.9774371,3.4,0,Royal Oak,59153645,3526.0,3964.0,35.6,38000.0
Soup Meister,Burnaby,49.31028,-123.08191,4.3,1,The Shipyards,59153970,2195.0,10828.8,47.6,58000.0
Hart House Restaurant,Burnaby,49.23804,-122.96671,3.7,0,Buckingham Heights,59152907,487.0,973.8,46.0,49600.0
Pho Hong Vietnamese Restaurant,Burnaby,49.2213203,-122.9769818,2.9,0,Royal Oak,59153645,3526.0,3964.0,35.6,38000.0
Big Way Hot Pot,Burnaby,49.23150769999999,-123.0094545,3.6,0,Metrotown,59151299,668.0,13604.9,39.2,34800.0
L'Artista,Burnaby,49.281231129459975,-123.0188885,4.0,1,Burnaby Heights,59153311,600.0,5736.1,41.2,41600.0
Anatolia's Gate Restaurant,Burnaby,49.2183151,-122.9579254,3.8,0,Edmonds,59153385,1361.0,13074.0,40.8,40000.0
The Bao Place,Burnaby,49.21942124951652,-122.9500496,4.3,1,Edmonds,59151341,797.0,7597.7,36.0,31600.0
Golden Pita Lebanese Restaurant,Burnaby,49.2531819933441,-122.897602039217,4.2,1,Sullivan Heights,59153381,4022.0,9362.2,40.8,34000.0
Sushi U,Burnaby,49.2654624429451,-122.978147623681,4.5,1,,59150286,718.0,3013.0,42.4,36400.0
Agra Tandoori Restaurant,Burnaby,49.25443,-123.02066,3.9,0,Cascade Heights,59151374,722.0,5404.2,38.8,40800.0
Shanghai Fortune Cuisine,Burnaby,49.22954179328731,-123.0046759319506,3.9,0,Metrotown,59153493,428.0,6948.1,43.2,25600.0
Mongo Bongo,Burnaby,49.2135179,-122.9193884,3.9,0,Queens Park,59152860,1004.0,7943.0,53.2,40000.0
1003 Brunch & Dessert,Burnaby,49.22447173359129,-122.9899072,4.1,1,Metrotown,59151326,521.0,25048.1,39.6,33600.0
Cayenne Bistro & Grill,Burnaby,49.2213856,-122.9309353,4.8,1,Edmonds,59152919,738.0,4755.2,42.0,33600.0
Zaaki Cuisine,Burnaby,49.2131145,-122.9200483,4.6,1,Queens Park,59152860,1004.0,7943.0,53.2,40000.0
Kozak Ukranian Eatery,Burnaby,49.2114757572234,-122.918422905028,4.4,1,Queens Park,59152859,720.0,4774.5,47.6,45600.0
Midam Rice Cake House,Burnaby,49.24411305860233,-122.89468909572412,3.4,0,Lougheed,59153353,2110.0,3000.1,38.0,39600.0
Chicko Chicken Korean Style,Burnaby,49.2191861,-122.9505083,4.1,1,Edmonds,59151340,1302.0,11552.8,36.0,36000.0
Kimbap Cheonguk,Burnaby,49.2446982,-122.8918313,4.4,1,Cariboo,59151566,1417.0,2108.9,37.6,40000.0
H&P Noodle House,Burnaby,49.281271,-123.015823,3.9,0,Burnaby Heights,59153313,671.0,7730.4,49.6,38800.0
Pearl Hot Pot,Burnaby,49.2188387,-122.964481,3.3,0,Edmonds,59153651,528.0,9795.9,33.2,36000.0
Afghan Turkish Cuisine,Burnaby,49.2807738,-123.0028986,4.0,1,Brentwood,59150295,523.0,6233.6,42.4,34400.0
Sushi Bar Kilala,Burnaby,49.2811517065771,-122.995635763696,4.3,1,,59150296,610.0,1707.2,39.6,36800.0
Green Leaf Cafe,Burnaby,49.2533051,-122.8982928,4.1,1,Sullivan Heights,59153381,4022.0,9362.2,40.8,34000.0
Nén,Burnaby,49.224096740087546,-122.9416219,4.1,1,Eastburn,59151272,1050.0,10606.1,75.5,23800.0
#CHIBOP,Burnaby,49.2677387,-123.0064866,4.5,1,Brentwood,59151406,8800.0,6591.3,35.6,51600.0
Katsuya,Burnaby,49.26175,-122.89038,4.4,1,Burquitlam,59154366,950.0,13418.1,34.8,38800.0
Olove Greek Kitchen,Burnaby,49.2804849,-122.9779067,4.0,1,,59153320,501.0,5812.1,47.2,29200.0
CM Chicken,Burnaby,49.22732659553047,-122.99451665152054,4.3,1,Metrotown,59153495,954.0,14498.5,39.2,30800.0
Tap & Barrel - Brentwood,Burnaby,49.26741280132382,-123.00188253558166,4.2,1,Brentwood,59154031,3843.0,21080.6,32.4,46400.0
Gyubee Japanese Grill,Burnaby,49.1712466,-123.1351984,4.3,1,Lansdowne Village,59153408,1777.0,12039.3,36.8,27600.0
The Gray Olive Cafeteria,Burnaby,49.2807699,-123.01164,4.1,1,Burnaby Heights,59150318,580.0,6086.0,43.6,40000.0
Barcelos Flame Grilled Chicken,Burnaby,49.19813330438935,-122.97878590283268,3.8,0,Big Bend,59153633,803.0,97.3,39.6,46000.0
Simba’s Grill,Burnaby,49.2545127,-123.0231251,4.0,1,Cascade Heights,59151374,722.0,5404.2,38.8,40800.0
Porker Face,Burnaby,49.266783,-123.004713,4.4,1,Brentwood,59151406,8800.0,6591.3,35.6,51600.0
No.1 Beef Noodle House,Burnaby,49.2425291,-123.004037333135,3.4,0,Garden Village,59151387,809.0,2779.1,40.0,35600.0
BIN 4 Burger Lounge,Burnaby,49.2641572,-123.022698,4.0,1,West Central Valley,59151406,8800.0,6591.3,35.6,51600.0
Butchers Block BBQ,Burnaby,49.28129,-123.01453,3.8,0,Burnaby Heights,59153313,671.0,7730.4,49.6,38800.0
Hooray Cafe & Coffee Lab,Burnaby,49.24362,-122.969446,5.0,1,Metrotown,59152909,560.0,252.0,41.6,35200.0
Manjal South Indian Kitchen,Burnaby,49.2232674,-122.9428279,4.4,1,Edmonds,59151272,1050.0,10606.1,75.5,23800.0
Yasser’s Cafe,Burnaby,49.249928600037144,-123.01896657748732,4.7,1,Cascade Heights,59151380,647.0,6476.5,38.0,40000.0
Indian Bombay Bistro,Burnaby,49.2231570510965,-122.932603361937,3.9,0,Edmonds,59151265,563.0,5076.6,39.2,37200.0
Chongqing,Burnaby,49.22671131459038,-122.99363543518692,3.4,0,Metrotown,59151328,907.0,15425.2,35.6,37600.0
Onggi Korean Cusine,Burnaby,49.24377273960674,-122.8933061286807,4.1,1,Lougheed,59153353,2110.0,3000.1,38.0,39600.0
Galbi Korean BBQ Kingsway,Burnaby,49.23111096061143,-123.00824046134947,4.2,1,Metrotown,59151299,668.0,13604.9,39.2,34800.0
Amay’s House,Burnaby,49.23446,-123.036137,4.3,1,Collingwood,59153498,728.0,8584.9,50.4,34400.0
Indian Wok,Burnaby,49.2248408,-122.9884673,4.2,1,Royal Oak,59153645,3526.0,3964.0,35.6,38000.0
Patsara Thai Restaurant,Burnaby,49.204305,-122.908055,4.0,1,Downtown,59152832,1973.0,7844.9,38.0,51200.0
Taverna Greka Restaurant,Burnaby,49.2049414,-122.9043168,4.1,1,Downtown,59152837,852.0,5768.4,38.0,49600.0
WhataFood Brazilian Street Food,Burnaby,49.2010175,-122.9131833,4.5,1,Downtown,59153662,3194.0,24142.1,33.2,42800.0
El Comal,Burnaby,49.247876818077,-122.940112248954,3.9,0,,59151497,573.0,225.7,42.4,40800.0
Pizza Garden,Burnaby,49.2252262,-123.0037541,4.0,1,Metrotown,59153555,1282.0,21914.5,33.2,34800.0
La Querida,Burnaby,49.22946626623539,-123.0052947,4.5,1,Metrotown,59153493,428.0,6948.1,43.2,25600.0
Hello Nori,Burnaby,49.26780681630291,-123.00235434393312,4.1,1,Brentwood,59154031,3843.0,21080.6,32.4,46400.0
Mumbaiyaa Street Foods,Burnaby,49.28087,-123.012439,4.7,1,Burnaby Heights,59150318,580.0,6086.0,43.6,40000.0
Joy Sushi,Burnaby,49.2643086657704,-123.010636587766,3.9,0,West Central Valley,59151406,8800.0,6591.3,35.6,51600.0
Motonobu Udon,Burnaby,49.2813968,-123.0280718,4.2,1,Hastings-Sunrise,59150310,748.0,6837.3,33.2,40000.0
Sushi Modo,Burnaby,49.225836,-122.937422,4.3,1,Eastburn,59151264,617.0,5163.2,39.6,34400.0
Afghan Kabul Kebab Donair,Burnaby,49.2808,-123.01483,4.8,1,Burnaby Heights,59150318,580.0,6086.0,43.6,40000.0
Cioffi's Meat Market & Deli,Burnaby,49.2809151,-123.0125253,3.7,0,Burnaby Heights,59150318,580.0,6086.0,43.6,40000.0
Kim's Korean Waffles and Pancakes,Burnaby,49.24391068955245,-122.89353297814628,4.6,1,Lougheed,59153353,2110.0,3000.1,38.0,39600.0
Fung May,Burnaby,49.2288939318384,-123.004783375498,3.4,0,Metrotown,59153493,428.0,6948.1,43.2,25600.0
Sushi On,Burnaby,49.22336826591775,-122.9432077,4.2,1,Eastburn,59151272,1050.0,10606.1,75.5,23800.0
X-Site Grill & Bistro,Burnaby,49.2811349,-122.9993576,3.8,0,,59150296,610.0,1707.2,39.6,36800.0
Pinoy Cravings,Burnaby,49.21947050000001,-122.9499774,4.3,1,Edmonds,59151341,797.0,7597.7,36.0,31600.0
Pho Den,Burnaby,49.21985466539446,-122.970256331213,3.9,0,Edmonds,59153647,481.0,4441.4,34.0,34000.0
Just Waffles,Burnaby,49.28128196346295,-123.02744138985872,4.5,1,Hastings-Sunrise,59150310,748.0,6837.3,33.2,40000.0
Queen's Meat & Deli,New Westminster,49.2135565,-122.9106876,5.0,1,Queens Park,59152862,472.0,3821.9,49.2,58400.0
El Santo,New Westminster,49.2022405,-122.9093807,3.7,0,Downtown,59152832,1973.0,7844.9,38.0,51200.0
Taqueria Playa Tropical,New Westminster,49.2097840906051,-122.91639733055,3.7,0,Glenbrooke North,59152859,720.0,4774.5,47.6,45600.0
Han Lin Noodle House,New Westminster,49.210381277082135,-122.91715603819992,3.5,0,Glenbrooke North,59152859,720.0,4774.5,47.6,45600.0
Columbia Street Sandwich,New Westminster,49.2034109,-122.9071758,4.6,1,Downtown,59152832,1973.0,7844.9,38.0,51200.0
The Spud Shack Fry,New Westminster,49.20095020309591,-122.91302027887068,4.0,1,Downtown,59153662,3194.0,24142.1,33.2,42800.0
Piva Modern Italian,New Westminster,49.201547,-122.911386,4.0,1,Downtown,59152832,1973.0,7844.9,38.0,51200.0
The Old Spaghetti Factory,New Westminster,49.201925687134,-122.91260507829,3.5,0,Downtown,59153662,3194.0,24142.1,33.2,42800.0
Angelina's,New Westminster,49.200022,-122.91173,3.9,0,Quayside,59153657,3289.0,18312.9,48.8,55600.0
Artusi Restaurant,New Westminster,49.2105935011629,-122.917292262862,4.0,1,Glenbrooke North,59152859,720.0,4774.5,47.6,45600.0
Longtail Kitchen,New Westminster,49.1997723,-122.9124427,4.0,1,Quayside,59153657,3289.0,18312.9,48.8,55600.0
Sixth Street Grill,New Westminster,49.2108238069653,-122.917073781025,3.7,0,Queens Park,59152859,720.0,4774.5,47.6,45600.0
Cockney Kings Fish & Chips,New Westminster,49.2008661133601,-122.916763893224,4.0,1,Downtown,59153662,3194.0,24142.1,33.2,42800.0
The Tannenbaum Restaurant,New Westminster,49.201090932901955,-122.9177160369112,4.0,1,Downtown,59153662,3194.0,24142.1,33.2,42800.0
Amelia Restaurant,New Westminster,49.20876,-122.93227,4.3,1,West End,59152947,692.0,5054.8,36.8,38800.0
The Hide Out Cafe,New Westminster,49.2029257,-122.9108691,4.2,1,Downtown,59152832,1973.0,7844.9,38.0,51200.0
The Old Bavaria Haus,New Westminster,49.208524,-122.914146,3.2,0,Queens Park,59152841,600.0,8968.6,40.4,46800.0
6th Ave Bread & Deli,New Westminster,49.2120019089755,-122.922128466349,4.4,1,Brow of the Hill,59152854,840.0,20289.9,41.2,30800.0
Jokim Kitchen,New Westminster,49.2123946,-122.92115999999676,4.1,1,Brow of the Hill,59152860,1004.0,7943.0,53.2,40000.0
Banette,New Westminster,49.212666374930784,-122.9200253,4.5,1,Queens Park,59152860,1004.0,7943.0,53.2,40000.0
Yianni's Greek Taverna,New Westminster,49.2124240808659,-122.919168452339,3.7,0,Queens Park,59152860,1004.0,7943.0,53.2,40000.0
Massawa Restaurant,New Westminster,49.21062,-122.91767,3.9,0,Queens Park,59152859,720.0,4774.5,47.6,45600.0
L’Onore Pizza,New Westminster,49.21402,-122.89781,4.6,1,McBride Sapperton,59154069,5467.0,8800.7,42.8,53600.0
Anny's Dairy Bar,New Westminster,49.214855,-122.922433,4.3,1,Glenbrook,59152955,977.0,3969.9,57.2,46000.0
Sushi Well,New Westminster,49.2126787,-122.9200936,4.0,1,Queens Park,59152860,1004.0,7943.0,53.2,40000.0
Ikoi Sushi,New Westminster,49.23018,-122.89239,4.4,1,Sapperton,59152877,438.0,4371.3,40.4,39200.0
IT Char Burger,New Westminster,49.222413,-122.9122126,4.5,1,Glenbrook,59152887,1037.0,7808.7,56.4,28600.0
North Noodle House,New Westminster,49.200992,-122.913094,3.9,0,Downtown,59153662,3194.0,24142.1,33.2,42800.0
Burger Heaven,New Westminster,49.20138,-122.91604,3.6,0,Downtown,59153662,3194.0,24142.1,33.2,42800.0
Dine Kanadiyan,New Westminster,49.21197868804981,-122.9211672344025,3.7,0,Uptown,59152860,1004.0,7943.0,53.2,40000.0
Big Star Sandwiches,New Westminster,49.2021828,-122.9094816,3.9,0,Downtown,59152832,1973.0,7844.9,38.0,51200.0
Banh Mi Bar Restaurant,New Westminster,49.20279527932723,-122.91101334289716,4.7,1,Downtown,59152832,1973.0,7844.9,38.0,51200.0
Re-Up BBQ,New Westminster,49.2000834965815,-122.911374465514,3.8,0,Quayside,59153657,3289.0,18312.9,48.8,55600.0
Jim's Cafe,New Westminster,49.2120564,-122.9192509,3.9,0,Queens Park,59152860,1004.0,7943.0,53.2,40000.0
Sushi Yen,New Westminster,49.2038975160565,-122.908591367304,3.8,0,Downtown,59152832,1973.0,7844.9,38.0,51200.0
Chaiiwala,New Westminster,49.21238,-122.920151,4.2,1,Queens Park,59152860,1004.0,7943.0,53.2,40000.0
Arvind's Curry & Cocktail,New Westminster,49.2107666,-122.917511,3.1,0,Queens Park,59152859,720.0,4774.5,47.6,45600.0
Shawarma Corner,New Westminster,49.2029499,-122.9086533,4.5,1,Downtown,59152832,1973.0,7844.9,38.0,51200.0
Thai New West,New Westminster,49.229001,-122.89251,3.8,0,Sapperton,59152876,1089.0,5163.6,37.2,45600.0
Kushi Mura Japanese Izakaya,New Westminster,49.2018489,-122.9127047,3.2,0,Downtown,59153662,3194.0,24142.1,33.2,42800.0
Epic Grill Silogs + Sans Rival,New Westminster,49.190376,-122.9364904,4.1,1,Queensborough,59152821,518.0,3903.5,36.8,37600.0
Coasters Coffee,New Westminster,49.20435909515937,-122.9090041723834,4.3,1,Downtown,59152833,1178.0,43468.6,33.2,46000.0
Tina Vietnamese Cuisine,New Westminster,49.20230997138088,-122.91254500292511,4.5,1,Downtown,59152832,1973.0,7844.9,38.0,51200.0
Balai in the Borough,New Westminster,49.19034444678847,-122.949241,3.8,0,Queensborough,59152819,2249.0,1821.2,36.4,42400.0
Kioku Kitchen,New Westminster,49.2015316664854,-122.9134644,4.4,1,Downtown,59153662,3194.0,24142.1,33.2,42800.0
Sanjo Sushi Asian Cuisine,New Westminster,49.212860664254805,-122.92019516255849,4.4,1,Queens Park,59152860,1004.0,7943.0,53.2,40000.0
Donair Star,New Westminster,49.2083493,-122.93167515413184,4.0,1,Kelvin,59152947,692.0,5054.8,36.8,38800.0
Victoria Sushi,New Westminster,49.213378,-122.89888,4.0,1,McBride Sapperton,59154069,5467.0,8800.7,42.8,53600.0
Stefanos Restaurant,New Westminster,49.2054199,-122.90424,3.0,0,Downtown,59152837,852.0,5768.4,38.0,49600.0
Shiok,New Westminster,49.208416,-122.931803,4.6,1,Kelvin,59152947,692.0,5054.8,36.8,38800.0
Flavor Balance Espresso Bar,New Westminster,49.21223,-122.9205,4.3,1,Brow of the Hill,59152860,1004.0,7943.0,53.2,40000.0
Bubble World,New Westminster,49.2048187,-122.9100876,3.3,0,Downtown,59152832,1973.0,7844.9,38.0,51200.0
Sushi Simagoya,New Westminster,49.1849621482515,-122.949424850882,4.6,1,Queensborough,59153524,1956.0,4457.6,38.0,43600.0
Pho Chan,New Westminster,49.2228583293267,-122.914227216925,3.8,0,Glenbrook,59152887,1037.0,7808.7,56.4,28600.0
Pizzeria Ludica,New Westminster,49.2040696455815,-122.909304314068,3.5,0,Downtown,59152832,1973.0,7844.9,38.0,51200.0
Royal Tandoori Indian Restaurant,New Westminster,49.20512,-122.90983,3.7,0,Downtown,59152834,608.0,20132.5,38.0,51200.0
4 Seasons Chaat House,New Westminster,49.210675,-122.917569,3.6,0,Queens Park,59152859,720.0,4774.5,47.6,45600.0
Greens & Beans Deli,New Westminster,49.2229306,-122.8931559,4.3,1,McBride Sapperton,59152878,1649.0,1446.2,32.8,50400.0
Sichuan Yummy Food - Wonton House,New Westminster,49.20607,-122.92832,4.7,1,Brow of the Hill,59152951,323.0,11453.9,40.4,38000.0
Moodswing Coffee And Bar,New Westminster,49.2022517,-122.9085935,4.0,1,Downtown,59152832,1973.0,7844.9,38.0,51200.0
Vadapav Mirchi By Geeta,New Westminster,49.20864846389665,-122.94274322034968,4.5,1,West End,59152929,630.0,4061.9,40.8,50800.0
Pho Angkor Noodle House,New Westminster,49.2012551,-122.9169549,4.5,1,Downtown,59153662,3194.0,24142.1,33.2,42800.0
Desi Turka Indian Cuisine,New Westminster,49.220269,-122.929508,3.9,0,Edmonds,59152919,738.0,4755.2,42.0,33600.0
Woomi Sushi,New Westminster,49.2225852,-122.914627,4.3,1,Glenbrook,59152887,1037.0,7808.7,56.4,28600.0
Pizza Pizzeria,New Westminster,49.2308488,-122.9058827,4.2,1,Victory Heights,59152884,711.0,3137.7,41.6,44400.0
FusionCore Japanese Eatery,New Westminster,49.2194467307934,-122.927554920316,3.9,0,Edmonds,59152918,1046.0,9339.3,80.0,35200.0
The Taco Factory,New Westminster,49.22904,-122.89241,3.4,0,Sapperton,59152876,1089.0,5163.6,37.2,45600.0
Big Way Hot Pot,New Westminster,49.20104990676527,-122.91260437496535,4.7,1,Downtown,59153662,3194.0,24142.1,33.2,42800.0
The Chopped Leaf,New Westminster,49.2122867,-122.9190461,3.5,0,Queens Park,59152860,1004.0,7943.0,53.2,40000.0
Sushi Heaven,New Westminster,49.2306827,-122.8929216,3.8,0,Sapperton,59152873,585.0,9982.9,42.0,42400.0
Henry's Kitchen Pasta & Grill,New Westminster,49.27694,-122.85777,4.7,1,,59153958,467.0,428.3,35.6,44800.0
Abyssinia Ethiopian Restaurant,New Westminster,49.2224351,-122.9437792,3.9,0,Eastburn,59151261,603.0,4493.3,41.2,35600.0
gastronomia Italia,New Westminster,49.20325393435578,-122.90812679573745,4.4,1,Downtown,59152832,1973.0,7844.9,38.0,51200.0
Hi Dozo Sushi,New Westminster,49.212302836833665,-122.9218728,3.1,0,Brow of the Hill,59152854,840.0,20289.9,41.2,30800.0
Sora Sushi House,New Westminster,49.20252,-122.91375,4.5,1,Downtown,59153662,3194.0,24142.1,33.2,42800.0
Tasty Indian Bistro,New Westminster,49.1547435,-122.8905949,4.3,1,Kennedy,59152108,800.0,4571.4,34.8,35600.0
Mean Poutine,New Westminster,49.21308,-122.91995,4.3,1,Queens Park,59152860,1004.0,7943.0,53.2,40000.0
Kojima Sushi,New Westminster,49.2106056213379,-122.917495727539,2.8,0,Queens Park,59152859,720.0,4774.5,47.6,45600.0
Pho Ace,New Westminster,49.2131832,-122.9197982,4.0,1,Queens Park,59152860,1004.0,7943.0,53.2,40000.0
Ho Fung,New Westminster,49.215071,-122.9227783,3.5,0,Glenbrook,59152954,1340.0,35170.6,44.8,37200.0
Royal Crown Pizza,New Westminster,49.2084010373217,-122.920245955181,3.9,0,Brow of the Hill,59152855,473.0,20300.4,36.0,38400.0
Waves Coffee House,New Westminster,49.2131508,-122.9200801,3.4,0,Queens Park,59152860,1004.0,7943.0,53.2,40000.0
Serious Coffee,New Westminster,49.20049907250124,-122.91531119692569,4.2,1,Downtown,59153662,3194.0,24142.1,33.2,42800.0
Pamola Bakery and Deli,New Westminster,49.2000426090809,-122.911609739566,3.7,0,Quayside,59153657,3289.0,18312.9,48.8,55600.0
Chan's Garden,New Westminster,49.2298584,-122.8930588,3.7,0,Sapperton,59152873,585.0,9982.9,42.0,42400.0
New Lakeview Seafood & Wunton,New Westminster,49.2204185639885,-122.930049553083,3.3,0,Edmonds,59152919,738.0,4755.2,42.0,33600.0
Mediterranean Donair House,New Westminster,49.215202,-122.9225917,3.8,0,Glenbrook,59152955,977.0,3969.9,57.2,46000.0
Dutch Anchor Restaurant,New Westminster,49.19446139999999,-122.9279768,3.3,0,Port Royal,59154066,2839.0,3013.5,38.8,61200.0
The Boathouse Restaurant,New Westminster,49.1995806,-122.9128469,2.4,0,Quayside,59153657,3289.0,18312.9,48.8,55600.0
Galbi Korean BBQ,New Westminster,49.20165048669456,-122.91409,5.0,1,Downtown,59153662,3194.0,24142.1,33.2,42800.0
Papa Johns Pizza,New Westminster,49.21329659729184,-122.91968736842948,3.1,0,Queens Park,59152860,1004.0,7943.0,53.2,40000.0
Saigon Ivy,New Westminster,49.21207002304541,-122.91928025557236,3.4,0,Queens Park,59152860,1004.0,7943.0,53.2,40000.0
The Peri Peri Shack,New Westminster,49.20985443619279,-122.91650641534834,4.0,1,Queens Park,59152859,720.0,4774.5,47.6,45600.0
Nashville Hot Chicken,New Westminster,49.20631,-122.92821,1.0,0,Brow of the Hill,59152951,323.0,11453.9,40.4,38000.0
Gong cha,New Westminster,49.2005508,-122.9151912,4.5,1,Downtown,59153662,3194.0,24142.1,33.2,42800.0
Caffe Mira,New Westminster,49.21425325526439,-122.89784533568698,4.1,1,McBride Sapperton,59154069,5467.0,8800.7,42.8,53600.0
My Greek Taverna,New Westminster,49.23707629280225,-122.86929574290268,4.0,1,Maillardville,59151571,647.0,1185.9,43.6,43200.0
Togo Sushi,New Westminster,49.2010569283793,-122.913864420441,3.5,0,Downtown,59153662,3194.0,24142.1,33.2,42800.0
Kurry Wala,New Westminster,49.22184,-122.930963,4.2,1,Edmonds,59152918,1046.0,9339.3,80.0,35200.0
Sushi Farm,New Westminster,49.2118195905541,-122.924703396857,4.1,1,Uptown,59152953,1230.0,18693.0,62.4,41600.0
Khob Khun Thai Cuisine,New Westminster,49.249218,-122.858859,4.3,1,Austin Heights,59151544,473.0,9131.3,40.8,37600.0
Indian Courtyard Restaurant,New Westminster,49.2081197,-122.93072195981304,3.6,0,Kelvin,59152949,988.0,13034.3,43.6,40000.0
Rong Rong Tea House,New Westminster,49.2025566,-122.913414,3.7,0,Downtown,59153662,3194.0,24142.1,33.2,42800.0
Sushi Hinode,New Westminster,49.202381,-122.912609,4.7,1,Downtown,59152832,1973.0,7844.9,38.0,51200.0
Peranakan Kitchen,New Westminster,49.206320079356665,-122.92838104069232,5.0,1,Brow of the Hill,59152951,323.0,11453.9,40.4,38000.0
Browns Socialhouse Brewery District,New Westminster,49.2250086337406,-122.892624952746,3.4,0,McBride Sapperton,59152878,1649.0,1446.2,32.8,50400.0
White Spot  - New Westminster,New Westminster,49.21307852784236,-122.92103836949718,2.9,0,Glenbrooke North,59152953,1230.0,18693.0,62.4,41600.0
50's Burgers,New Westminster,49.22481,-122.94043,3.7,0,Eastburn,59151268,591.0,3893.3,39.2,36000.0
The Flapper Lounge,New Westminster,49.2025634283609,-122.91249129921196,4.7,1,Downtown,59152832,1973.0,7844.9,38.0,51200.0
Oh! Zzhu Sam,New Westminster,49.2219905,-122.9446256,4.2,1,Edmonds,59151261,603.0,4493.3,41.2,35600.0
Steve’s Poké Bar,New Westminster,49.22412,-122.89235,3.8,0,McBride Sapperton,59152878,1649.0,1446.2,32.8,50400.0
Plato Filipino,New Westminster,49.2005652,-122.9151592,3.0,0,Downtown,59153662,3194.0,24142.1,33.2,42800.0
Kamini's Corner Cafe,New Westminster,49.21256260644152,-122.9363049723874,4.4,1,Kelvin,59152922,351.0,4667.6,39.6,40800.0
Delicia Cafe & Bakery,New Westminster,49.20208,-122.90914,3.8,0,Downtown,59152832,1973.0,7844.9,38.0,51200.0
Quayside Tiki Bar,New Westminster,49.20015,-122.9117,3.5,0,Quayside,59153657,3289.0,18312.9,48.8,55600.0
The Notorious Grey Fox,New Westminster,49.2181945291168,-122.89461974054576,3.5,0,McBride Sapperton,59152963,588.0,2094.8,65.0,46400.0
Gino's Restaurant,New Westminster,49.2296123,-122.8930169,3.5,0,Sapperton,59152873,585.0,9982.9,42.0,42400.0
De Dutch,New Westminster,49.200425,-122.917656,3.1,0,Downtown,59153662,3194.0,24142.1,33.2,42800.0
Ole Ole Mexican Deli,New Westminster,49.21157,-122.93511,3.5,0,Kelvin,59152923,444.0,4868.4,40.8,46400.0
Afghan Kitchen South Surrey,Surrey,49.0445839,-122.7766512,4.6,1,Sunnyside,59154025,3066.0,1773.6,34.4,44000.0
Ambar Surrey  Restaurant & Dhaba,Surrey,49.1282148,-122.8451664,4.5,1,Newton,59152251,1194.0,2220.2,66.5,37200.0
The Carvery Sandwich Shop,Surrey,49.04649,-122.79411,4.5,1,Sunnyside,59152653,745.0,2980.0,44.8,38800.0
Vault Restaurant,Surrey,49.10711,-122.73478,3.9,0,Surrey Centre,59152319,641.0,1558.5,50.8,45200.0
New York New York,Surrey,49.118524,-122.801402,3.8,0,Sullivan,59153901,1342.0,8445.6,36.4,50800.0
Old Surrey Restaurant,Surrey,49.13376877137055,-122.84896724397012,4.3,1,Newton,59152245,626.0,565.2,31.4,31400.0
Yugafu Japanese Bistro,Surrey,49.12598822369157,-122.70117985561906,5.0,1,Clayton Heights,59154230,514.0,7031.5,35.2,47600.0
Afghan Chopan Restaurant,Surrey,49.147471095003574,-122.86530131592922,3.9,0,Strawberry Hill,59152240,909.0,962.4,34.8,28800.0
Tap Restaurant,Surrey,49.06362140752368,-122.7971484,4.2,1,Morgan Creek,59153931,1424.0,5869.7,42.8,46800.0
Sabai Thai Restaurant,Surrey,49.1909867,-122.8065349,4.0,1,Johnston Heights,59151866,760.0,7378.6,39.2,31000.0
The Wooden Spoon,Surrey,49.0294179487087,-122.801852221983,4.3,1,Uptown,59152592,1165.0,9448.5,64.5,43600.0
Seoul Grill House,Surrey,49.18662844935571,-122.80218576441264,3.4,0,Johnston Heights,59151862,611.0,1822.8,64.5,31800.0
Maruhachi Ra-men,Surrey,49.167891,-122.800795,4.7,1,Fleetwood,59151850,553.0,2208.5,60.8,36400.0
Dragon Village Restaurant,Surrey,49.10558,-122.73478,4.3,1,Surrey Centre,59152319,641.0,1558.5,50.8,45200.0
Naka Bistro Lao & Thai Cuisine,Surrey,49.10744188764369,-122.66607764287042,4.6,1,,59152392,2126.0,2414.5,37.2,42800.0
Ruby Siam Thai Kitchen,Surrey,49.1064009,-122.7352826,4.3,1,Surrey Centre,59152321,1394.0,2077.8,34.4,44000.0
Yory Korean Cuisine,Surrey,49.1569241,-122.7809906,4.4,1,Fleetwood,59152032,495.0,3490.8,46.8,38800.0
Dragon Wok,Surrey,49.134925,-122.843366,5.0,1,Newton,59152254,719.0,3602.2,52.0,33200.0
Chuihong,Surrey,49.19184,-122.78787,4.2,1,Fraser Heights,59153715,1584.0,2601.4,36.8,38000.0
Ato Sushi Bar Kitchen,Surrey,49.1029789,-122.8008651,4.6,1,Sullivan,59152291,826.0,44.0,46.4,38400.0
Ruex Cafe & Bar,Surrey,49.1808237,-122.8448423,4.1,1,City Centre,59151950,1081.0,5543.6,34.4,36400.0
Katsu San,Surrey,49.19849367001739,-122.77940131605068,4.8,1,Fraser Heights,59153714,730.0,2676.9,38.0,31800.0
Golden Samosa Bakery,Surrey,49.15395,-122.86205,4.3,1,Strawberry Hill,59152239,598.0,452.6,34.0,30000.0
Chopsticks On Pho,Surrey,49.1044634,-122.7986729,3.8,0,Sullivan,59152291,826.0,44.0,46.4,38400.0
Taste of Himalayas,Surrey,49.13204,-122.83918,4.4,1,Newton,59152251,1194.0,2220.2,66.5,37200.0
Captain's Oven Pizza,Surrey,49.17799334576209,-122.84283366137696,4.7,1,City Centre,59151952,518.0,3280.6,80.0,
Palmyra Mediterranean Grill,Surrey,49.1860231,-122.800806,4.1,1,Johnston Heights,59154353,829.0,9718.6,38.8,36400.0
Hiroshi Ramen,Surrey,49.11508,-122.68186,4.5,1,Cloverdale,59152334,696.0,2873.7,37.6,41600.0
Bandra Cafe,Surrey,49.13632358752905,-122.8899743625656,4.4,1,Strawberry Hill,59154304,571.0,2271.3,38.4,38400.0
Ken's Cafe,Surrey,49.105785,-122.735295,4.7,1,Surrey Centre,59152321,1394.0,2077.8,34.4,44000.0
The Cabin Restaurant,Surrey,49.0528603,-122.8809814,3.4,0,Crescent Beach,59153401,1284.0,748.2,54.8,58800.0
Uli's Restaurant,Surrey,49.0214853492612,-122.806032776245,4.1,1,West Beach,59152627,450.0,4249.3,62.4,47600.0
Hooked Fish Bar,Surrey,49.0523737,-122.8846858,3.1,0,Crescent Beach,59153401,1284.0,748.2,54.8,58800.0
Browns Socialhouse Panorama,Surrey,49.10397,-122.798523,3.3,0,Sullivan,59152291,826.0,44.0,46.4,38400.0
Chili House Restaurant,Surrey,49.1144981,-122.6806335,4.3,1,Cloverdale,59152334,696.0,2873.7,37.6,41600.0
My Greek Taverna,Surrey,49.12013,-122.89007,3.9,0,Strawberry Hill,59152276,1641.0,9681.4,38.0,38800.0
Kids Play Cafe & Cafe Artistico,Surrey,49.111984,-122.810317,3.8,0,Sullivan,59154268,1108.0,6430.6,35.2,50800.0
Green Lettuce Indian Style Chinese Restaurant,Surrey,49.1179419178998,-122.890040874481,3.6,0,Strawberry Hill,59152280,431.0,3851.7,38.8,44800.0
Prabu Sweets,Surrey,49.13036,-122.86825,3.9,0,Strawberry Hill,59152075,859.0,3741.3,33.6,28800.0
Rosie's Country Cafe,Surrey,49.056674380316,-122.80853109372926,3.9,0,South Surrey,59154342,759.0,1209.6,44.0,44000.0
Clove,Surrey,49.1189018,-122.8257539,4.1,1,Sullivan,59154257,1272.0,10063.3,34.8,45600.0
Cactus Club Cafe,Surrey,49.0604907475,-122.804682831,4.0,1,South Surrey,59152650,2083.0,2763.3,46.4,44800.0
Chacha's Tandoor & Grill,Surrey,49.14829,-122.86628,4.5,1,Strawberry Hill,59152239,598.0,452.6,34.0,30000.0
Lahori Sweets & Restaurant,Surrey,49.1484413,-122.8649063,4.0,1,Strawberry Hill,59152239,598.0,452.6,34.0,30000.0
Salsa & Guacamole,Surrey,49.133821637841805,-122.84886589325409,3.8,0,Newton,59152245,626.0,565.2,31.4,31400.0
Sal y Limon,Surrey,49.0469347453396,-122.77867790858,3.8,0,Sunnyside,59154246,1236.0,3581.6,41.2,39600.0
Texx Big Burger,Surrey,49.189932,-122.841323,4.1,1,City Centre,59152204,865.0,2549.4,47.2,35200.0
Umami Sushi,Surrey,49.1191614520774,-122.73165560105,3.9,0,Cloverdale,59153511,524.0,770.4,40.4,42400.0
Showshaa - The Modern Taproom,Surrey,49.05722,-122.80085,4.1,1,Sunnyside,59152650,2083.0,2763.3,46.4,44800.0
Main Choice Chinese Restaurant,Surrey,49.1338858,-122.8518572,3.8,0,Newton,59152245,626.0,565.2,31.4,31400.0
Diamond Buffet,Surrey,49.11172,-122.72963,2.4,0,Cloverdale,59152313,504.0,632.8,38.4,45600.0
An Indian Affair,Surrey,49.1156853530903,-122.679180051868,4.3,1,,59152395,1503.0,2263.6,40.0,44800.0
Cabizerra Bistro,Surrey,49.1987463,-122.8134292,4.8,1,Johnston Heights,59151903,745.0,3345.3,34.4,34800.0
One More Thai,Surrey,49.1333200177501,-122.88981649088,3.6,0,Strawberry Hill,59152082,1840.0,5686.0,42.4,36800.0
Dragon Wok,Surrey,49.150437,-122.865346,4.0,1,Strawberry Hill,59152239,598.0,452.6,34.0,30000.0
Sapporo Kitchen,Surrey,49.03159912001535,-122.80144046744888,3.9,0,Semiahmoo Town Centre,59152661,969.0,3837.6,61.6,37600.0
GNJ Vegetarian Bistro,Surrey,49.1363708,-122.8922328,4.4,1,North Delta,59152091,1449.0,4312.5,36.4,35200.0
A&W,Surrey,49.1343815,-122.88677929,4.6,1,Strawberry Hill,59154304,571.0,2271.3,38.4,38400.0
Ladybird's Trattoria,Surrey,49.0525910210857,-122.69256623466444,4.9,1,Hazelmere,59152572,246.0,24.2,50.0,
Fast Fired,Surrey,49.14821,-122.889696,4.0,1,Strawberry Hill,59152119,596.0,4881.2,32.0,33200.0
Ay Chihuahua,Surrey,49.0332999,-122.80094,4.1,1,Semiahmoo Town Centre,59152662,1027.0,8594.1,74.5,44400.0
Malaysian Hut,Surrey,49.1989290068985,-122.814328819513,4.0,1,Johnston Heights,59151903,745.0,3345.3,34.4,34800.0
The Greek Corner,Surrey,49.1343307,-122.8452682,3.6,0,Newton,59152254,719.0,3602.2,52.0,33200.0
Liberty Kitchen,Surrey,49.0452889438938,-122.778361737728,3.9,0,Sunnyside,59154025,3066.0,1773.6,34.4,44000.0
U R Restaurant,Surrey,49.1994551,-122.8137501,4.4,1,Johnston Heights,59151903,745.0,3345.3,34.4,34800.0
Utopia Noodles,Surrey,49.158580176583506,-122.7811632,4.8,1,Fleetwood,59153916,1258.0,10379.5,36.8,43200.0
Jerusalem Grill & Shawarma,Surrey,49.15907004962188,-122.78113721962818,3.5,0,Fleetwood,59153916,1258.0,10379.5,36.8,43200.0
Kin Thai Kitchen & Bar,Surrey,49.0466759494366,-122.77521704598,3.5,0,Grandview,59154246,1236.0,3581.6,41.2,39600.0
Archie's BBQ,Surrey,49.18755,-122.79773,4.1,1,Johnston Heights,59154352,980.0,4083.3,38.0,38000.0
Skye Avenue Kitchen & Lounge,Surrey,49.1876994453086,-122.84848282640564,4.1,1,City Centre,59152203,967.0,2727.0,33.6,38000.0
bb.q Chicken & Pub,Surrey,49.18383422068441,-122.8023930853906,4.3,1,Johnston Heights,59151858,909.0,9701.2,43.6,34800.0
Guacamole Mexican Grill,Surrey,49.196753526063695,-122.84564846554132,4.4,1,City Centre,59151931,1821.0,3904.4,34.4,40000.0
The Samosa House,Surrey,49.162746,-122.866827,4.4,1,Whalley,59152237,890.0,3151.6,31.4,32400.0
Grandt Kitchen,Surrey,49.189707024899,-122.846393287182,3.9,0,City Centre,59152203,967.0,2727.0,33.6,38000.0
Ek Chai Kahani,Surrey,49.11885835789898,-122.8240515212801,5.0,1,Sullivan,59154257,1272.0,10063.3,34.8,45600.0
The Waffle Co.,Surrey,49.135660700709366,-122.84347474404068,4.4,1,Newton,59152254,719.0,3602.2,52.0,33200.0
Dublin Crossing Irish Pub,Surrey,49.12426199999999,-122.702092,3.4,0,Clayton Heights,59154221,1766.0,2036.0,35.6,48000.0
Eggcetra Breakfast Cafe,Surrey,49.0555806,-122.8054598,4.1,1,South Surrey,59152650,2083.0,2763.3,46.4,44800.0
Hansel Deli,Surrey,49.10792,-122.73477,4.4,1,Surrey Centre,59152319,641.0,1558.5,50.8,45200.0
Bon Ga Korean Restaurant,Surrey,49.1906849563647,-122.8413259238,3.5,0,City Centre,59152204,865.0,2549.4,47.2,35200.0
Katana,Surrey,49.1171545941153,-122.669773906498,3.4,0,,59152395,1503.0,2263.6,40.0,44800.0
Steve's Poké Bar,Surrey,49.18376,-122.80127,4.5,1,Johnston Heights,59151858,909.0,9701.2,43.6,34800.0
Kiki's Restaurant,Surrey,49.03728,-122.80147,3.8,0,Semiahmoo Town Centre,59152657,689.0,5727.3,52.0,42000.0
Pho Hillton Restaurant,Surrey,49.1253645,-122.7059121,4.0,1,Clayton Heights,59153518,1485.0,5485.8,38.0,49200.0
Pho Tau Bay,Surrey,49.135731,-122.844616,3.5,0,Newton,59152254,719.0,3602.2,52.0,33200.0
Curry Lounge,Surrey,49.0453451,-122.7783363,3.8,0,Sunnyside,59154025,3066.0,1773.6,34.4,44000.0
The Jin sushi,Surrey,49.1364,-122.84264,4.6,1,Newton,59152254,719.0,3602.2,52.0,33200.0
Indigo Cafe,Surrey,49.0635291,-122.7979894,5.0,1,Morgan Creek,59153931,1424.0,5869.7,42.8,46800.0
The Taste of Africa,Surrey,49.196348,-122.845649,4.4,1,City Centre,59151931,1821.0,3904.4,34.4,40000.0
Thai By Thai,Surrey,49.1698001,-122.8900551,4.1,1,Brownsville,59152174,1267.0,4352.5,36.4,30000.0
Dawood's Pizza,Surrey,49.11893,-122.8171,5.0,1,Sullivan,59154260,1013.0,2711.5,35.6,34800.0
Bacayon's Chibugan,Surrey,49.19166,-122.83465,4.5,1,Whalley,59151934,1531.0,4946.7,32.4,42400.0
The Back Room,Surrey,49.042265589442,-122.77957271282486,4.4,1,Sunnyside,59154025,3066.0,1773.6,34.4,44000.0
Panorama Indian Lounge,Surrey,49.10478,-122.80338,4.9,1,Sullivan,59153507,1461.0,5395.1,35.6,49200.0
Estrella's Montreal Deli & Cafe,Surrey,49.110315,-122.6686151,4.4,1,,59152394,1089.0,1096.0,34.0,44000.0
Pho Tau Bay,Surrey,49.19805,-122.81226,4.2,1,Johnston Heights,59151871,677.0,14781.7,28.0,31400.0
Combine Cafe & Bar,Surrey,49.18170954562757,-122.8457860865099,3.7,0,City Centre,59152205,863.0,8544.6,36.0,36400.0
ChongQing Restaurant,Surrey,49.15272034339086,-122.88974194707586,3.1,0,Strawberry Hill,59152107,1147.0,4969.7,39.6,35600.0
Michael's Artisan Bakery & Cafe,Surrey,49.045213,-122.790789,4.1,1,Sunnyside,59152654,587.0,1771.8,39.6,38400.0
Budapest Lángos,Surrey,49.138596606108216,-122.7340017,5.0,1,Cloverdale,59152793,1818.0,235.4,40.4,40800.0
Shannon Donair,Surrey,49.1060982,-122.7353592,4.1,1,Surrey Centre,59152321,1394.0,2077.8,34.4,44000.0
Crispy Falafel,Surrey,49.04591481291062,-122.79334246655924,3.8,0,Sunnyside,59152653,745.0,2980.0,44.8,38800.0
Sushi on Surrey,Surrey,49.15725,-122.77954,4.3,1,Fleetwood,59152032,495.0,3490.8,46.8,38800.0
Mek's Delight,Surrey,49.1912982626951,-122.808646894991,3.9,0,Johnston Heights,59151866,760.0,7378.6,39.2,31000.0
Spice of Nepal,Surrey,49.13339,-122.84879,4.2,1,Newton,59152248,542.0,3846.7,37.6,31400.0
Yoko Sushi & Noodle House,Surrey,49.15737,-122.77828,3.9,0,Fleetwood,59153918,453.0,2909.4,51.6,32400.0
Zapoteca,Surrey,49.0177,-122.79314,4.2,1,East Beach,59152630,541.0,3102.1,53.6,45600.0
Sri Periyava Dosa Bhavan,Surrey,49.1586589,-122.8902128,4.5,1,Newton,59152172,662.0,3165.9,36.4,32400.0
Viet Houng Asian Flavor Deli,Surrey,49.1887226115802,-122.860729718055,4.6,1,Whalley,59152199,685.0,3379.4,35.6,32800.0
YL's Curry Bowl,Surrey,49.18444,-122.79879,4.0,1,Johnston Heights,59154353,829.0,9718.6,38.8,36400.0
Pak Punjab Sweet & Samosas House,Surrey,49.17733,-122.86766,4.0,1,Whalley,59152228,663.0,4045.1,38.4,33600.0
Hawthorne Beer Market & Bistro,Surrey,49.10484,-122.7352,3.4,0,Surrey Centre,59152321,1394.0,2077.8,34.4,44000.0
OEB Breakfast - Langley,Surrey,49.114475,-122.675162,4.4,1,,59152395,1503.0,2263.6,40.0,44800.0
Dragon's Chop Suey House,Surrey,49.15719,-122.77781,3.5,0,Fleetwood,59153918,453.0,2909.4,51.6,32400.0
Akari Japanese Restaurant,Surrey,49.1348829570242,-122.891920108212,4.0,1,North Delta,59152091,1449.0,4312.5,36.4,35200.0
Shawarma Palace,Surrey,49.134277,-122.844497,4.0,1,Newton,59152254,719.0,3602.2,52.0,33200.0
Roadhouse Grille,Surrey,49.03426,-122.78006,3.4,0,Sunnyside,59152668,578.0,3310.4,41.2,41200.0
Tokyo Mithaiwala,Surrey,49.147777821579545,-122.8639529,4.4,1,Strawberry Hill,59152240,909.0,962.4,34.8,28800.0
Waffle House Diner,Surrey,49.18125961964888,-122.84355514110403,4.0,1,City Centre,59151950,1081.0,5543.6,34.4,36400.0
Navraj Sweets & Restaurant,Surrey,49.1501801430419,-122.866437749758,4.4,1,Strawberry Hill,59152239,598.0,452.6,34.0,30000.0
Emilio Finatti Pizzeria - Langley,Surrey,49.1073311,-122.6649517,4.4,1,,59152392,2126.0,2414.5,37.2,42800.0
Sushi King George,Surrey,49.19047078350401,-122.84500166127094,3.7,0,City Centre,59152204,865.0,2549.4,47.2,35200.0
Trees Cheesecake and Organic Coffee,Surrey,49.189991644148385,-122.850168,4.1,1,City Centre,59154349,1204.0,24876.0,29.8,32800.0
Tommies Jerk,Surrey,49.10037,-122.72386,4.7,1,Cloverdale,59152323,897.0,327.7,45.6,43200.0
Planet India,Surrey,49.13379,-122.83907,3.8,0,Newton,59152254,719.0,3602.2,52.0,33200.0
Tap & Barrel,Surrey,49.05963809908623,-122.8018875,3.4,0,Sunnyside,59154249,1438.0,4655.2,37.2,58000.0
Coast & Country Diner,Surrey,49.103936,-122.734543,3.7,0,Surrey Centre,59152319,641.0,1558.5,50.8,45200.0
Pho Newton,Surrey,49.1392040260342,-122.843214712932,3.6,0,Newton,59151975,919.0,5174.5,42.0,38000.0
Pho Hong,Surrey,49.190289,-122.841347,3.4,0,City Centre,59152204,865.0,2549.4,47.2,35200.0
Kai Japanese Restaurant,Surrey,49.155174243061545,-122.66664268415136,4.4,1,Walnut Grove,59153857,7753.0,3273.8,36.8,47200.0
Tasty Donair,Surrey,49.133938,-122.842573,4.3,1,Newton,59152254,719.0,3602.2,52.0,33200.0
Chefs Kebab,Surrey,49.1551446,-122.7729754,4.2,1,Fleetwood,59152025,1867.0,3337.5,35.6,40400.0
Cactus Club Cafe,Surrey,49.14695039868115,-122.89109409939302,3.9,0,Kennedy,59152118,820.0,5394.7,46.4,36400.0
Sushi California - Surrey,Surrey,49.1893963,-122.7993351,4.0,1,Johnston Heights,59154352,980.0,4083.3,38.0,38000.0
Red Robin Gourmet Burgers and Brews,Surrey,49.18838300274452,-122.80139260276438,3.6,0,Johnston Heights,59151862,611.0,1822.8,64.5,31800.0
Barcelos Flame Grilled Chicken,Surrey,49.14042,-122.84594,4.4,1,Newton,59152245,626.0,565.2,31.4,31400.0
Sushi Shogun,Surrey,49.19947,-122.8455,4.5,1,City Centre,59151918,607.0,2509.3,37.2,34000.0
Jagga Sweet & Cuisine,Surrey,49.1718,-122.89043,4.6,1,Kennedy,59152155,818.0,2953.1,35.2,32400.0
Satya Asha,Surrey,49.13371,-122.86738,4.4,1,Strawberry Hill,59152074,977.0,3431.7,34.8,29200.0
Nando's Peri-Peri,Surrey,49.18567392600471,-122.80140250244676,3.9,0,Johnston Heights,59151862,611.0,1822.8,64.5,31800.0
West Village Cafe,Surrey,49.1047524116854,-122.799629199329,3.6,0,Sullivan,59152299,920.0,1849.2,45.2,42800.0
Delta Pizza,Surrey,49.15558,-122.86452,3.9,0,Newton,59152239,598.0,452.6,34.0,30000.0
Neptune Wonton Noodle,Surrey,49.1865774185184,-122.84743837116434,3.3,0,City Centre,59152203,967.0,2727.0,33.6,38000.0
Isshin Sushi,Surrey,49.10468,-122.79806,3.8,0,Sullivan,59152299,920.0,1849.2,45.2,42800.0
Nagoya Sushi,Surrey,49.16978,-122.81251,4.0,1,Fleetwood,59152000,830.0,4160.4,36.8,33200.0
Banana Leaf,Surrey,49.0597947797082,-122.8040599822998,4.1,1,South Surrey,59152650,2083.0,2763.3,46.4,44800.0
Nordel Sushi,Surrey,49.1609149,-122.8885017,3.3,0,Newton,59152171,605.0,317.4,36.0,30000.0
