store_name,city,latitude,longitude,target_rating,target_is_successful
Miku,Vancouver,49.28691298612272,-123.11304877258942,4.4,1
Kingyo,Vancouver,49.29073911099211,-123.13705023185994,4.4,1
Fanny Bay Oyster Bar & Shellfish Market,Vancouver,49.2787525,-123.1138689,4.4,1
Cactus Club Cafe,Vancouver,49.288953168131265,-123.1170999,4.2,1
Phnom Penh,Vancouver,49.278431,-123.098205,4.2,1
Guu with Garlic,Vancouver,49.290249,-123.1338142,4.3,1
The Flying Pig - Yaletown,Vancouver,49.27501,-123.122,4.0,1
Kosoo,Vancouver,49.28494,-123.12592,4.3,1
Ramen DANBO - Robson,Vancouver,49.2874959131639,-123.128934167326,4.4,1
Lunch Lady,Vancouver,49.27497,-123.06915,4.2,1
Saku,Vancouver,49.28923400821203,-123.13230361739015,4.5,1
Nemesis Coffee,Vancouver,49.28281595985871,-123.11027107703038,4.4,1
Japadog,Vancouver,49.28023880376068,-123.1183512558197,3.9,0
Chinatown BBQ,Vancouver,49.280294,-123.1015,4.4,1
OEB Breakfast Co. - Yaletown,Vancouver,49.273438,-123.119289,4.3,1
Ask For Luigi,Vancouver,49.2844485,-123.0976786,4.1,1
AnnaLena,Vancouver,49.2708261,-123.1467714,4.5,1
Jam Cafe on Beatty,Vancouver,49.2802586,-123.1096376,4.4,1
Cardero's Restaurant & Marine Pub,Vancouver,49.2914561357511,-123.127575841549,3.9,0
Manoush'eh,Vancouver,49.276653,-123.125728,4.8,1
Tendon Kohaku,Vancouver,49.28107123873706,-123.12179426645872,4.3,1
Din Tai Fung 鼎泰豐,Vancouver,49.28562,-123.124798,4.4,1
Chambar,Vancouver,49.2801460007961,-123.109925328073,4.2,1
Blue Water Cafe,Vancouver,49.2761945,-123.1209935,4.4,1
Medina Cafe,Vancouver,49.2804429972571,-123.117036269849,4.2,1
Tom Sushi,Vancouver,49.2815608,-123.1327476,4.7,1
Hello Nori ,Vancouver,49.28559747478766,-123.1261163,4.5,1
Lupo,Vancouver,49.278222058049096,-123.11735347768747,4.3,1
The Red Accordion,Vancouver,49.29025,-123.131768,4.6,1
Botanist,Vancouver,49.2882901,-123.116555,4.3,1
Fat Mao Noodles,Vancouver,49.27982129999999,-123.1267997,4.4,1
JOEY Burrard,Vancouver,49.282606,-123.1231879,4.1,1
Nightingale,Vancouver,49.2874110331456,-123.117770967577,4.2,1
Riley's Vancouver,Vancouver,49.287641996861865,-123.1151089,4.3,1
The Fish Counter,Vancouver,49.250774041930285,-123.1012792,4.4,1
Kokoro Tokyo Mazesoba,Vancouver,49.2833927,-123.115078,4.1,1
Saku,Vancouver,49.2631006,-123.11667523250104,4.3,1
La Belle Patate,Vancouver,49.2820547306569,-123.133442922354,4.2,1
Fritz European Fry House,Vancouver,49.2772045,-123.1265253,4.2,1
Salmon n' Bannock,Vancouver,49.2631378,-123.1296705,4.5,1
Kishimoto Japanese Kitchen,Vancouver,49.2665099,-123.06935,4.4,1
Sura Korean Cuisine,Vancouver,49.2888601838143,-123.131742169312,4.1,1
Elisa,Vancouver,49.27597599917006,-123.12142339325409,4.3,1
Maruhachi Ra-men,Vancouver,49.2905691,-123.1333951,4.3,1
Tokyo In April,Vancouver,49.2806813,-123.1073936,4.4,1
Hokkaido Ramen Santouka,Vancouver,49.263127,-123.1168917,4.2,1
Shizen Ya,Vancouver,49.2808844,-123.1246278,4.3,1
Cactus Club Cafe,Vancouver,49.28554081466174,-123.11881637137162,4.1,1
Sawasdee Thai Restaurant,Vancouver,49.24703,-123.1008,4.0,1
Calabash Bistro,Vancouver,49.281004479966,-123.104228199529,4.0,1
Mazahr Lebanese Kitchen,Vancouver,49.2615511,-123.1383052,4.7,1
Happy Noodle House,Vancouver,49.27664,-123.12578,4.6,1
LOCAL Public Eatery Gastown,Vancouver,49.2836468,-123.1039495,4.3,1
Tap & Barrel - Convention Centre,Vancouver,49.289845529586,-123.116857235515,3.8,0
Social Corner- Coal Harbour,Vancouver,49.28789956950066,-123.11817217614248,4.5,1
Kozak Ukrainian Restaurant,Vancouver,49.28266968028282,-123.1045676752585,4.6,1
Encore Suite,Vancouver,49.2776420028873,-123.109174971689,4.3,1
Nook,Vancouver,49.2917554,-123.1352974,4.2,1
Alouette Bistro,Vancouver,49.2853,-123.11829,4.3,1
Alchemy Bar and Kitchen,Vancouver,49.27422,-123.124,4.3,1
Okeya Kyujiro,Vancouver,49.27581579131156,-123.1197521,4.8,1
Suyo Modern Peruvian,Vancouver,49.2540292,-123.10106599580521,4.5,1
Le Crocodile Restaurant,Vancouver,49.2825393,-123.1252052,4.3,1
Pink Peppercorn Seafood House,Vancouver,49.2493583,-123.0739159,4.4,1
Pourhouse Restaurant,Vancouver,49.2841134475502,-123.10842879595,4.0,1
Linh Cafe,Vancouver,49.2746716,-123.12989802,3.9,0
The Northern Cafe and Grill,Vancouver,49.208549754278906,-123.0724741261907,4.7,1
Hokkaido Ramen Santouka,Vancouver,49.290236,-123.133811,4.2,1
ARC Restaurant,Vancouver,49.28733537787621,-123.11385049155078,4.0,1
iDen & Quan Ju De Beijing Duck House,Vancouver,49.26021,-123.1148451,3.6,0
The Sandbar Seafood Restaurant,Vancouver,49.271502,-123.134151,3.7,0
Five Sails Restaurant,Vancouver,49.2880313351364,-123.113292160758,4.4,1
Dinesty Dumpling House,Vancouver,49.2908176,-123.1343912,3.9,0
St Lawrence Restaurant,Vancouver,49.2832584031253,-123.097993419888,4.4,1
Rodney's Oyster House,Vancouver,49.274326,-123.123131,4.0,1
Twisted Fork,Vancouver,49.283155,-123.104441,4.1,1
Dosanko,Vancouver,49.28278,-123.09194,4.0,1
España Restaurant,Vancouver,49.2880552,-123.1404114,4.2,1
Nero Waffles,Vancouver,49.27834403099929,-123.12204465357301,4.4,1
Peaked Pies,Vancouver,49.2896489,-123.1384797,4.4,1
John 3:16 Malaysian Delights,Vancouver,49.26371,-123.12812,4.2,1
Cockney Kings Fish & Chips,Vancouver,49.272672,-123.148627,4.8,1
ONIGIRI YA,Vancouver,49.26339,-123.11652,4.6,1
Nuba in Gastown,Vancouver,49.2827625062516,-123.109646101134,4.0,1
The Magnet,Vancouver,49.28242131064444,-123.11118325952978,4.6,1
Sooda Korean BBQ,Vancouver,49.28256,-123.10628,4.6,1
Anh and Chi,Vancouver,49.2550314422938,-123.100882202153,4.0,1
Jeju,Vancouver,49.26228121460416,-123.0920469229725,4.5,1
Robba Da Matti,Vancouver,49.283146323514835,-123.10375675641403,4.6,1
The Mexican Antojitos Y Cantina,Vancouver,49.2787726,-123.1240268,4.3,1
Zarak By Afghan Kitchen,Vancouver,49.266224,-123.1006089,4.5,1
The Mackenzie Room,Vancouver,49.2832349,-123.0948578,4.5,1
Published on Main,Vancouver,49.25283186017385,-123.10116032897228,4.3,1
Marulilu Cafe,Vancouver,49.26338,-123.11415,4.0,1
Bodega On Main,Vancouver,49.27548853708847,-123.09968391901442,3.8,0
Burger Crush,Vancouver,49.27977707759172,-123.12350184856517,4.3,1
Maruhachi Ra-Men,Vancouver,49.27854065320407,-123.1157914,4.1,1
Dovetail,Vancouver,49.275993633246756,-123.120331,4.3,1
Takenaka,Vancouver,49.2783093,-123.0755801,4.3,1
Angus T,Vancouver,49.2762326068102,-123.119233623147,4.3,1
Minami,Vancouver,49.2752733,-123.1207029,4.1,1
Tap & Barrel - Bridges,Vancouver,49.2727468,-123.1359964,4.3,1
La Grotta Del Formaggio,Vancouver,49.2688848,-123.0697849,4.3,1
The Patty Shop,Vancouver,49.250721434013,-123.167994263811,4.4,1
Zab Zaab Thai Cuisine,Vancouver,49.27493,-123.12321,4.5,1
Fresh Donair,Vancouver,49.2792016361722,-123.12335201658,4.7,1
Homura Yakiniku,Vancouver,49.263136,-123.125637,4.4,1
Banana Leaf,Vancouver,49.28001,-123.13009,3.6,0
Seaport City Seafood Restaurant,Vancouver,49.263921119674905,-123.115152,4.2,1
Superbaba,Vancouver,49.2633297,-123.1012681,4.6,1
Earls Kitchen + Bar,Vancouver,49.281536,-123.12368,3.7,0
Oku Izakaya Bar,Vancouver,49.283441,-123.1044594,4.7,1
Mount Everest Kitchen & Grill,Vancouver,49.28343057225757,-123.1142148824853,4.6,1
Les Faux Bourgeois,Vancouver,49.2572813531481,-123.089767330802,3.9,0
Elem Vancouver,Vancouver,49.266199,-123.100564,4.3,1
Toyokan Bowl,Vancouver,49.27055,-123.14762,4.7,1
Banana Leaf,Vancouver,49.26302,-123.1225,3.7,0
Gyu-Kaku Japanese BBQ,Vancouver,49.28031,-123.12467,4.0,1
Caveman Cafe,Vancouver,49.280802324947445,-123.10703500282291,4.4,1
Oyster Express,Vancouver,49.2792784082144,-123.097397130932,4.5,1
Sushi Jin,Vancouver,49.2795794102629,-123.123817518353,4.6,1
Kook Korean BBQ,Vancouver,49.26894,-123.04565,4.2,1
Score on Davie,Vancouver,49.2823221457395,-123.134614739512,4.3,1
Pholicious,Vancouver,49.28297,-123.11279,4.3,1
Wow Full Noodle House,Vancouver,49.28255,-123.1145,4.7,1
Meat & Bread,Vancouver,49.2826255017147,-123.109336831057,4.2,1
Brunch,Vancouver,49.2778182,-123.1254634,4.5,1
Zakkushi on Denman,Vancouver,49.291208,-123.136248,4.2,1
Fat Mao,Vancouver,49.27881,-123.09893,4.0,1
Skewers Souvlaki Pita Bar,Vancouver,49.28317,-123.10286,4.6,1
Ray's,Vancouver,49.275365,-123.121483,4.4,1
The Greek By Anatoli,Vancouver,49.276285,-123.1197178,3.8,0
Song,Vancouver,49.2629749,-123.0986667,4.4,1
Vij's Restaurant,Vancouver,49.25754,-123.11479,4.0,1
Maenam,Vancouver,49.26787,-123.1488979,3.9,0
Zoomak Korean Tavern,Vancouver,49.28343,-123.10292,4.2,1
Osteria Savio Volpe,Vancouver,49.2574913,-123.0909344,4.2,1
Mr Shawarma,Vancouver,49.28526,-123.12075,4.4,1
Yolks ,Vancouver,49.278737,-123.128973,4.5,1
New Fuji,Vancouver,49.27082027992868,-123.14700923860073,4.3,1
Jinmi,Vancouver,49.27852246473989,-123.1143514,4.6,1
Fable Diner,Vancouver,49.2630749,-123.1019822,3.9,0
Le Petit Belge,Vancouver,49.278975790117805,-123.11652050282801,4.2,1
Alley 16,Vancouver,49.257017,-123.11474,4.6,1
Teahouse in Stanley Park,Vancouver,49.3012529987012,-123.157079257071,4.1,1
New Town Bakery & Restaurant,Vancouver,49.280153,-123.101201,3.8,0
La Taqueria Pinche Taco Shop,Vancouver,49.263617,-123.112593,4.2,1
Horin Tonkotsu Ramen ,Vancouver,49.28617,-123.12749,4.2,1
Dynasty Seafood Restaurant,Vancouver,49.2635999,-123.12138,3.6,0
Earls Kitchen + Bar,Vancouver,49.285968141691775,-123.12656576441812,3.8,0
International Food Fair,Vancouver,49.28533,-123.11718,3.8,0
TAKO,Vancouver,49.278816,-123.1078822,4.0,1
Vonns,Vancouver,49.28724,-123.14124,4.5,1
Jerusalem Shawarma,Vancouver,49.280356,-123.118634,4.6,1
Bahar Cafe,Vancouver,49.28069,-123.11846,4.8,1
Maxine's Cafe & Bar,Vancouver,49.27807,-123.13131,4.3,1
Big Way Hot Pot,Vancouver,49.281753,-123.120701,4.1,1
Burgoo Bistros,Vancouver,49.25765498958033,-123.100815,3.9,0
Axum Restaurant,Vancouver,49.2814936637038,-123.07779582314,4.4,1
Sushi Hil,Vancouver,49.2554661,-123.1011451,4.6,1
Meat & Bread,Vancouver,49.2872146,-123.1188744,4.0,1
Indian Roti Kitchen,Vancouver,49.25901,-123.11538,4.5,1
Market Grill,Vancouver,49.2726237,-123.1356235,4.0,1
Emeri Matcha Bar,Vancouver,49.25985515950016,-123.10136160271885,4.6,1
Mean Poutine,Vancouver,49.2794438014385,-123.123368918896,3.9,0
Tre Viet,Vancouver,49.28812950568292,-123.1403068,4.7,1
Toshi Sushi,Vancouver,49.256699,-123.101936,4.3,1
Ramen DANBO - Kitsilano,Vancouver,49.26828,-123.146431,4.3,1
Haliná,Vancouver,49.281312044621686,-123.0557762,4.6,1
Gotham Steakhouse & Bar,Vancouver,49.28290359590047,-123.115883832301,4.1,1
Steamworks,Vancouver,49.28498,-123.11084,3.6,0
Thierry,Vancouver,49.2848818,-123.1228949,4.0,1
Seasons In the Park,Vancouver,49.2416705486198,-123.112535476685,4.0,1
Ignite Pizzeria,Vancouver,49.27724,-123.11858,4.6,1
Dante Italian Sandwich,Vancouver,49.279199,-123.116803,4.3,1
Los Elotes,Vancouver,49.26332,-123.11646,5.0,1
Caffe La Tana,Vancouver,49.2788597356837,-123.070581380828,4.5,1
Japadog,Vancouver,49.285942555161974,-123.1123797035985,4.1,1
Wang's Shanghai Cuisine,Vancouver,49.232843,-123.034814,4.3,1
Cuchillo,Vancouver,49.283262611469,-123.098110155039,4.2,1
Takenaka Uni Bar,Vancouver,49.283034,-123.1030239,4.5,1
Pho 37,Vancouver,49.28909,-123.13232,4.6,1
Granville Kebab & Poutine,Vancouver,49.279271,-123.123571,4.7,1
Perfecto Cafe,Vancouver,49.276804,-123.125213,4.1,1
Yasma,Vancouver,49.293372954206546,-123.1321844713631,4.4,1
Portuguese Club of Vancouver,Vancouver,49.2744271,-123.0693279,3.6,0
Batard Boulangerie & Cafe Moderne,Vancouver,49.2495337429805,-123.089919893626,4.4,1
Captain's Oven Pizza,Vancouver,49.287574432889535,-123.121025,4.5,1
The Morrissey Pub,Vancouver,49.2769058,-123.1268211,3.7,0
Green Leaf Sushi,Vancouver,49.2642679,-123.1801,3.9,0
KINTON RAMEN ROBSON,Vancouver,49.27955,-123.117318,4.4,1
Torafuku,Vancouver,49.27589499983855,-123.09961118220762,3.8,0
Chili Pepper House,Vancouver,49.236254639793266,-123.04171146419897,3.8,0
Saba Foods,Vancouver,49.260076553366275,-123.13904964662748,4.4,1
Palate Kitchen,Vancouver,49.286282,-123.115634,4.1,1
Straight Outta Brooklyn NYC Pizzeria,Vancouver,49.2791165,-123.1166227,4.1,1
The 515 bar,Vancouver,49.283842,-123.1144244,4.7,1
Social Corner,Vancouver,49.2785831916346,-123.118480343303,3.6,0
Browns Socialhouse QE Theatre,Vancouver,49.279919,-123.112788,4.3,1
Oceans 999,Vancouver,49.2881297,-123.1148699,3.5,0
Marugame Udon,Vancouver,49.2801931,-123.11028743227573,4.0,1
Van Tea Cafe,Vancouver,49.233265,-123.1013951,3.8,0
The Farmhouse,Vancouver,49.26185879464837,-123.09710762514682,4.0,1
Yama Cafe,Vancouver,49.2813049,-123.0632877,4.4,1
Ukrainian Village,Vancouver,49.2914123,-123.1358196,4.1,1
Nero Waffles,Vancouver,49.2907208,-123.1339952,4.3,1
The Dirty Apron Delicatessen,Vancouver,49.2805632,-123.1091772,4.5,1
Moltaqa Moroccan Restaurant,Vancouver,49.27642,-123.11897,3.8,0
Siegel's Bagels,Vancouver,49.2726237,-123.1356235,3.9,0
Kulinarya,Vancouver,49.2744901,-123.0693269,4.0,1
Giardino,Vancouver,49.276991,-123.1301021,3.9,0
Pho Khanh Express,Vancouver,49.2763,-123.11561,4.4,1
European Breads,Vancouver,49.2463202,-123.0899976,3.7,0
AJ's Brooklyn Pizza Joint,Vancouver,49.2629437687572,-123.098307028413,4.2,1
Oddfish,Vancouver,49.2708136,-123.1475237,4.1,1
Moose's Down Under,Vancouver,49.285638,-123.11634,3.9,0
Acquafarina,Vancouver,49.281192528357174,-123.11539859159646,4.1,1
Western Lake Chinese Seafood Restaurant,Vancouver,49.23933628972885,-123.06556878851819,4.0,1
Breakfast Table,Vancouver,49.25855,-123.13856,4.3,1
MamaLee,Vancouver,49.27961961550342,-123.108583,4.3,1
Osaka Teppanyaki Steak & Seafood House,Vancouver,49.263417,-123.1453266,3.9,0
Le Parfait,Vancouver,49.27914137816261,-123.1171837,4.6,1
Shiok Singapore Cuisine,Vancouver,49.2469321,-123.0693059,3.8,0
Bam Bam,Vancouver,49.27884508068396,-123.11286394504681,4.4,1
Pizza Rubato Napoletana,Vancouver,49.2635503,-123.1170685,4.3,1
Shiro,Vancouver,49.25796735722776,-123.11460624110458,4.1,1
Fuwa Fuwa,Vancouver,49.28874,-123.13151,4.0,1
Homer St. Cafe and Bar,Vancouver,49.27842589023651,-123.11812388962129,3.8,0
Paul's Omelettery Restaurant,Vancouver,49.26597,-123.1389,3.9,0
Unchai Thai Restaurant,Vancouver,49.265112,-123.145913,4.4,1
Vancouver European Deli,Vancouver,49.2820012,-123.1339713,4.2,1
Ash Street Bistro,Vancouver,49.233925,-123.118871,4.2,1
Nana's Green Tea,Vancouver,49.267587,-123.1086543,4.2,1
The Keg Steakhouse + Bar,Vancouver,49.28602851408301,-123.12446573128035,4.1,1
Xin Chào,Vancouver,49.2626123961945,-123.11515357347383,4.1,1
Landmark Hotpot House,Vancouver,49.2498660758194,-123.11556053834,3.9,0
Pizzeria Ludica,Vancouver,49.2800427277576,-123.108486811639,4.0,1
A.Bento,Vancouver,49.263164,-123.118857,3.9,0
Italian Kitchen,Vancouver,49.2825685,-123.1236112,3.8,0
Whole Food Market,Vancouver,49.2640495,-123.1150513,3.9,0
Le Marché St. George,Vancouver,49.2456344,-123.0941734,4.1,1
Cafe & Life Co.,Vancouver,49.265218,-123.116184,4.5,1
Perfecto Cafe,Vancouver,49.28871769896423,-123.1314811,4.9,1
New Amsterdam Café,Vancouver,49.283004,-123.110008,3.9,0
Breka Bakery & Cafe,Vancouver,49.2857242811844,-123.1271553452,3.9,0
Trafiq Cafe & Bakery,Vancouver,49.2474862,-123.1011218,4.4,1
Caffe Di Beppe,Vancouver,49.28235624721356,-123.1045101,4.3,1
Bread x Butter Cafe,Vancouver,49.2841611,-123.1199654,4.0,1
Terra Breads,Vancouver,49.27144458615277,-123.1067987907931,3.9,0
Mercato Di Luigi,Vancouver,49.259654006064046,-123.0913247,4.5,1
The Flying Whale Waterfront Cafe,Vancouver,49.2892871686,-123.110275449,4.4,1
Crackle Creme,Vancouver,49.27776,-123.0981399,4.3,1
Broye Cafe & Bakery,Vancouver,49.285311,-123.117205,4.3,1
Their There,Vancouver,49.2679649501648,-123.151158941154,4.2,1
Aiyaohno Cafe,Vancouver,49.28108,-123.1049,4.6,1
Cafe Kitsune,Vancouver,49.2843189,-123.10811606730482,4.1,1
Nonna's Cucina,Vancouver,49.280915,-123.060235,4.5,1
Hunnybee,Vancouver,49.2778557236571,-123.097276474569,4.0,1
Café Portrait,Vancouver,49.2881056129168,-123.140413686633,4.3,1
Marché Mon Pitou,Vancouver,49.2654349,-123.1357134,4.2,1
The Golden Horn Turkish Bakery & Cafe,Vancouver,49.25981092848732,-123.11540668,4.7,1
Cowdog Coffee,Vancouver,49.2682421476335,-123.1486199,4.1,1
Honeybrew,Vancouver,49.27770339765184,-123.1269430835161,4.1,1
7 Days Coffee,Vancouver,49.2762673787726,-123.11571355470014,4.6,1
To Live For Bakery,Vancouver,49.27121199258215,-123.0565958,4.6,1
Dutch Wooden Shoe Cafe,Vancouver,49.2560017,-123.114899418709,3.8,0
Convivial Cafe and Bakery,Vancouver,49.2675426,-123.1196639,4.7,1
Truck Stop Cafe,Vancouver,49.2754522,-123.0771151,4.3,1
Saunter Coffee,Vancouver,49.2825165,-123.1112558,4.5,1
Sio Bread,Vancouver,49.2788451,-123.09957643313523,4.4,1
Caffe Mira,Vancouver,49.2787456,-123.129878,4.3,1
Mishmish,Vancouver,49.25398,-123.09019,4.5,1
JJ Bean Coffee Roasters,Vancouver,49.287471,-123.116865,3.8,0
Greenhorn Cafe,Vancouver,49.2866689,-123.1341521,4.1,1
Annabelle's,Vancouver,49.279081592822564,-123.10187134891748,4.8,1
Caffe Mira,Vancouver,49.2568399,-123.10088,4.2,1
Halfday Tea + Flower,Vancouver,49.2635709085802,-123.124036450926,4.1,1
Catfe,Vancouver,49.28029,-123.10675,3.5,0
Chez Nous,Vancouver,49.27446660098396,-123.12415938465577,4.2,1
Nīzu Cafe,Vancouver,49.28529078349641,-123.11634502209047,4.1,1
Wren Cafe,Vancouver,49.2763871,-123.1188171,4.3,1
Propaganda Coffee,Vancouver,49.2804927884879,-123.09908829727,4.0,1
Mah Milk Bar,Vancouver,49.271091,-123.065523,4.4,1
C Market Coffee,Vancouver,49.23830235993891,-123.1019412,3.7,0
Artigiano- Cambie,Vancouver,49.26423028055726,-123.11449449509382,4.3,1
Waffleland Cafe,Vancouver,49.2834917,-123.1050237,4.1,1
Thierry - Mount Pleasant,Vancouver,49.262040137647766,-123.09941897473132,4.0,1
JJ's Fine Dining,Vancouver,49.2813,-123.11124,4.5,1
LOT185 Cafe + Wine Bar,Vancouver,49.28971,-123.11607,4.5,1
Sneaky Pete's Pool Cafe,Vancouver,49.280892171875216,-123.07399213314056,4.5,1
93 Coffee,Vancouver,49.28853156299956,-123.1392191,4.2,1
Hello Kitty Cafe,Vancouver,49.28660343734038,-123.12819655984639,3.8,0
Legato Tea and Coffee,Vancouver,49.234794,-123.1595431,4.3,1
The Belgian Chocolate Cafe,Vancouver,49.27486,-123.112955,3.8,0
Matchstick Coffee,Vancouver,49.257302653286,-123.090361582581,3.9,0
Prado Cafe,Vancouver,49.2818961,-123.1074141,3.9,0
Rocanini Coffee Roasters,Vancouver,49.27719779103568,-123.11522535767266,4.2,1
Ele Cafe,Vancouver,49.263563,-123.124043,4.3,1
Lumine Coffee,Vancouver,49.26821520893845,-123.1496446218722,4.3,1
C41 Coffee,Vancouver,49.2682375,-123.1708713,4.7,1
Knight Street Cafe,Vancouver,49.2496779,-123.07631192270182,4.3,1
Social Crust,Vancouver,49.2826504,-123.1114627,4.6,1
Breka Bakery and Cafe,Vancouver,49.2914,-123.13592,3.9,0
Elysian Coffee Broadway,Vancouver,49.263083,-123.117317,4.0,1
Cafe Lokal,Vancouver,49.2683300473659,-123.16486839205,4.4,1
Continental Coffee House,Vancouver,49.2472882191904,-123.101281828922,4.0,1
Honolulu Coffee,Vancouver,49.2344233,-123.154854,3.9,0
Cafe Algarve,Vancouver,49.2597049,-123.0700568,3.8,0
JOY Cafe,Vancouver,49.2098293,-123.1182943,3.5,0
Ellipsis,Vancouver,49.269369644600665,-123.1401449,3.5,0
Pallet Coffee Roasters,Vancouver,49.28691488337768,-123.1223509,5.0,1
Wicked Cafe,Vancouver,49.26544874408263,-123.135842,3.8,0
Mink - A Chocolate Café,Vancouver,49.2864696,-123.1156543,3.6,0
Cafe Algan,Vancouver,49.21776115384755,-123.1184714888478,4.7,1
Charisma Cafe & Dessert House,Vancouver,49.27998259460614,-123.1087145,3.9,0
Livni Café & Bakery,Vancouver,49.2640185,-123.1557477,4.8,1
Breka Bakery & Café,Vancouver,49.24383730986246,-123.10114614665508,3.9,0
Peaked Pies,Vancouver,49.263195928516275,-123.12079366441709,4.0,1
Mitchie Matcha,Vancouver,49.2462951,-123.1015338,3.9,0
Chau Cafe,Vancouver,49.2385534,-123.0652551,4.4,1
Matcha Corner,Vancouver,49.25241038000087,-123.08104379663045,3.7,0
Yaletown Gelato,Vancouver,49.27492,-123.12321,4.1,1
The Lion's Den Cafe,Vancouver,49.257273,-123.089984,3.8,0
Feast & Fallow,Vancouver,49.233715,-123.112521,4.2,1
Railtown Cafe,Vancouver,49.2850022,-123.0955516,4.1,1
AM Cafe,Vancouver,49.26214,-123.09476,4.6,1
Deville Coffee,Vancouver,49.2853546768392,-123.11246584304324,3.9,0
Foglifter Coffee Roasters,Vancouver,49.2531365,-123.1007951,3.8,0
Cloud & Shine Cafe,Vancouver,49.2637371,-123.1574019,4.8,1
Amberdo Cafe,Vancouver,49.26815163219932,-123.16559608218213,4.4,1
Aidan’s Coffee And Food,Vancouver,49.26384116132019,-123.1222828,4.0,1
Comma Cafe,Vancouver,49.256915,-123.126921,4.4,1
Stega Eatery,Vancouver,49.28369,-123.10914,4.5,1
Aidan's,Vancouver,49.28776,-123.11833,4.1,1
Sula Cafe,Vancouver,49.26617077297887,-123.0992835,4.4,1
Japanese Bistro Kamome,Vancouver,49.2371553,-123.0327306,3.9,0
Aphrodite's Organic  Pie Shop,Vancouver,49.2684732,-123.1834864,3.3,0
The Garden Strathcona,Vancouver,49.28076,-123.08563,4.7,1
CHAU Veggie Express,Vancouver,49.2726237,-123.1356235,4.2,1
Off the Tracks Espresso Bar and Bistro,Vancouver,49.2704079,-123.1340809,3.7,0
Creme de la Crumb Bakeshop & Catering,Vancouver,49.2738565,-123.0775108,3.3,0
The Narcissus,Vancouver,49.28423,-123.06998,4.3,1
La La Island,Vancouver,49.26435443750349,-123.171443449561,4.6,1
Sciué Italian Bakery Caffé,Vancouver,49.28691,-123.1224397,3.1,0
49th Parallel Coffee,Vancouver,49.2591330651218,-123.10088478104,4.1,1
Elaichi Chai,Vancouver,49.22763434326447,-123.0909828,4.6,1
Provisions Kitsilano,Vancouver,49.268062,-123.157371,4.0,1
Gigi Blin,Vancouver,49.20844,-123.13811,4.4,1
Amberdo Cafe,Vancouver,49.28265,-123.13193,4.8,1
Cafe Marie,Vancouver,49.282039,-123.113726,4.6,1
Flamingo Cafe,Vancouver,49.279491,-123.123094,4.9,1
Wicked Cafe & Bakery,Vancouver,49.258148357899415,-123.18436469882728,4.3,1
Giovane Caffè,Vancouver,49.28072628962966,-123.1156954,3.8,0
D'oro Gelato e Caffè,Vancouver,49.2861418,-123.1274473,4.1,1
East Cafe,Vancouver,49.2812767,-123.0563278,4.3,1
Prospect Point,Vancouver,49.3128081868922,-123.142869863626,3.5,0
Guffo Cafe,Vancouver,49.27807236813407,-123.1144042533513,4.3,1
My Island Café,Vancouver,49.27031,-123.13626,4.7,1
Commercial Street Cafe,Vancouver,49.2526261,-123.0681265,3.5,0
Finch's Market,Vancouver,49.2785699636665,-123.093410391164,4.0,1
Harvest Community Foods,Vancouver,49.277781,-123.0980624,3.6,0
TV Dinner Market & Café,Vancouver,49.2687123,-123.1451282,4.8,1
Holts Café - Vancouver,Vancouver,49.2839108,-123.1165955,3.6,0
Tastes On Tenth,Vancouver,49.2618164,-123.1180584,4.0,1
Élysées,Vancouver,49.22885,-123.116879,4.1,1
Ciclo Espresso & Cocteles,Vancouver,49.2809421846657,-123.11498706471673,4.5,1
Faubourg,Vancouver,49.2830902204043,-123.121585475241,3.4,0
TurF,Vancouver,49.2682200041763,-123.151621297002,3.8,0
Loafe Cafe,Vancouver,49.2660042,-123.2492292,3.7,0
Trees Organic Coffee,Vancouver,49.2848880197924,-123.114343569975,3.6,0
Broyé Cafe & Bakery,Vancouver,49.22632,-123.09036,4.0,1
Oidé Coffee,Vancouver,49.2695665,-123.14023192883664,4.2,1
Railtown Cafe,Vancouver,49.2800358888925,-123.123520255129,3.0,0
Forecast Coffee,Vancouver,49.25859804273446,-123.10083769261838,3.4,0
Railtown Cafe,Vancouver,49.2852667967034,-123.114296054582,3.6,0
The Paper Crane,Vancouver,49.2626112,-123.0922038,4.0,1
Market Veranda,Vancouver,49.28939289664475,-123.13270285767328,4.0,1
Hiel Cafe,Burnaby,49.2190187,-122.92795,4.3,1
S2 Cafe House,Vancouver,49.2807503,-123.0853195,3.8,0
Olivier’s Cafe,Vancouver,49.282016354956944,-123.12312188381297,3.8,0
Eden Cafe,Vancouver,49.2812949,-123.0904826,4.3,1
Oriole Cafe,Vancouver,49.2040408407995,-123.13420927686,4.4,1
Matchstick Café,Vancouver,49.28318,-123.13494,3.7,0
Great Dane Coffee,Vancouver,49.2700488028238,-123.250755445288,4.2,1
The Corner Store Cafe,Vancouver,49.26953,-123.13896,4.0,1
Faubourg,Vancouver,49.2344771,-123.1574179,3.5,0
Agora Cafe,Vancouver,49.28573972263773,-123.12224768834332,4.2,1
Il Mondo Caffe,Vancouver,49.26798192279789,-123.0693353,3.9,0
Faubourg,Vancouver,49.27454566704508,-123.12247809022664,3.4,0
Sooyo Cafe,Vancouver,49.2755254,-123.03652636706828,4.4,1
Be Fresh Local Market,Vancouver,49.2706288656713,-123.1479684636,3.5,0
Toña Bakery & Café,Vancouver,49.24785726737812,-123.18550822883617,4.8,1
Cafe Ami,Vancouver,49.260803,-123.123994,3.6,0
Tru Cafe,Vancouver,49.26950704325791,-123.13869,3.8,0
El Cafecito,Vancouver,49.271632,-123.134929,4.0,1
KITS Eyecare,Vancouver,49.27241,-123.15464,3.7,0
Taf's Café,Vancouver,49.2810768,-123.1202897,2.4,0
Wick's Café,Vancouver,49.20407,-123.13521,4.0,1
Waves Coffee House,Vancouver,49.263615784527,-123.128756644037,3.3,0
AT Cafe,Vancouver,49.20790022032179,-123.14030170440672,4.9,1
Yar Cafe,Vancouver,49.26333512440653,-123.129898,4.6,1
B&K Bakery & Cafe,Vancouver,49.263643,-123.118152,0.0,0
Cathy's Cafe,Vancouver,49.235056444677504,-123.1615736517406,4.5,1
Aperture Coffee Bar,Vancouver,49.248561,-123.1008891,3.3,0
Butter Baked Goods & Cafe,Vancouver,49.24213957138887,-123.1704097,3.4,0
Cafe Eggstatic,Vancouver,49.242612,-123.059285,4.7,1
Homeslice Cafe & Bakery,Vancouver,49.23799,-123.155624,4.5,1
Day Plus Cafe & Bistro,Vancouver,49.2908403,-123.13416895950718,4.7,1
Velo Star Cafe,Vancouver,49.2571627,-123.1202562,3.5,0
Ciclo Espresso- Coal Harbour,Vancouver,49.287774688966984,-123.117245,4.7,1
Doughgirls,Vancouver,49.254644,-123.235875,4.2,1
Swiss Coffee Cup Cafe,Vancouver,49.2853124,-123.1120535,4.5,1
Jack’s Spot,Vancouver,49.230027988596106,-123.0257748648885,4.1,1
The Little Coffee House,Vancouver,49.20993,-123.10956,5.0,1
Garden Cafe at VanDusen Garden,Vancouver,49.2383826,-123.1281484,3.1,0
Laughing Bean Coffee Company,Vancouver,49.281419607212,-123.049625348003,3.5,0
Yuki Cafe Sushi & More,Vancouver,49.232021,-123.026155,4.8,1
Crossroads Cafe,Vancouver,49.28288,-123.12191,4.5,1
Second Cup,Vancouver,49.2450981314324,-123.12436663912466,3.0,0
Unscripted Coffee,Vancouver,49.285041,-123.114865,5.0,1
Angus T Bakery,Vancouver,49.20539421938929,-123.03085358154756,4.2,1
La Cuisson Cafe,Vancouver,49.2344325,-123.1535583,3.4,0
The Bee’s Knees,Vancouver,49.2880706676331,-123.12142680015013,4.0,1
Art Bite Cafe,Vancouver,49.28996,-123.12805,5.0,1
Aquarium Cafe,Vancouver,49.3012428,-123.1294403,3.9,0
Cafe Episode,Vancouver,49.25860001208422,-123.04467625916004,4.1,1
Roundel Cafe,Vancouver,49.28129402513607,-123.055357,3.5,0
Octave Cafe,Vancouver,49.2743472,-123.1262105,4.0,1
Milk & Sugar BBQ Bar,Vancouver,49.2382463072985,-123.032146990299,3.2,0
Liquids And Solids,Vancouver,49.28135,-123.08461,3.6,0
Pampanga's Best Cafeteria,Vancouver,49.2468726732466,-123.090463243425,3.4,0
Deville Coffee,Vancouver,49.2853396,-123.1242487,3.4,0
Cafe Ami,Vancouver,49.2836799,-123.11965,4.0,1
Just Another,Vancouver,49.26664,-123.10773,4.0,1
Grandmama's Cafe,Vancouver,49.23504,-123.16162,3.1,0
Bistro Olé,Vancouver,49.28835,-123.12217,5.0,1
Honey Cafe,Vancouver,49.256019758392426,-123.08784984856638,4.0,1
Mon Paris Patisserie,Vancouver,49.269995,-123.106861,3.3,0
Sprouts,Vancouver,49.267585874444904,-123.25039128042667,4.4,1
River Road Cafe,Richmond,49.1967308,-123.0942652,3.8,0
JJ Bean Coffee Roasters,Vancouver,49.2463493555895,-123.089983463287,3.7,0
Little Umbrella,Vancouver,49.263556,-123.205023,5.0,1
Prado Cafe,Vancouver,49.24616,-123.185233,4.0,1
Metro Coffee Bar & Billiards,Vancouver,49.2353253,-123.0381433,4.1,1
Mink Chocolates Factory and Cafe,Vancouver,49.2071160461357,-123.106154166162,4.0,1
VT's Cafe,Vancouver,49.262352,-123.09712,4.0,1
Timber Bistro and Books,Vancouver,49.26114,-123.04893,4.2,1
Nok Nok Cafe,Vancouver,49.280960519788586,-123.0525317,4.6,1
PAUL Le Cafe,Vancouver,49.28169759028251,-123.1176061,3.5,0
Yasser’s Cafe,Burnaby,49.249928600037144,-123.01896657748732,4.7,1
Cafe & Life Co,Richmond,49.16367265363718,-123.13465985287418,4.3,1
Ki Cafe,Burnaby,49.2208272,-122.9884543,3.9,0
Sciué Italian Bakery Caffé,Vancouver,49.28378,-123.1195,2.8,0
Waves Coffee House,Vancouver,49.28061734280294,-123.12252486101922,2.8,0
Cilantro Cafe,Vancouver,49.28116,-123.12157,5.0,1
Blaze Cafe,Vancouver,49.26086,-123.11629,0.0,0
CHOCHO Hot Pot,Burnaby,49.2313,-123.00683,4.5,1
John 3:16 Malaysian Delights,Burnaby,49.22494698851795,-122.9900406,4.5,1
Saku,Burnaby,49.26543,-123.005428,4.5,1
Atlas Steak + Fish,Burnaby,49.256747,-123.006931,4.0,1
White Lotus Cafe,Burnaby,49.2656111504516,-122.97883607144,4.5,1
The Meat Up,Burnaby,49.2254546362785,-122.98992646931154,4.1,1
Wild Thyme,New Westminster,49.2092291,-122.932308,4.4,1
Safari Snack House And Grill,Burnaby,49.239118670642895,-122.96287338465577,3.9,0
22's Grill,Burnaby,49.2430980643898,-122.969388433881,4.4,1
Haidilao Hotpot Brentwood,Burnaby,49.267417,-123.00189,4.6,1
Takara Sushi,Burnaby,49.2545851,-123.0220016,4.4,1
Wild Flour Pizza,Burnaby,49.2584540319258,-122.955439905848,4.7,1
Shanghai Dimsum House,Burnaby,49.2294464,-123.0044077,4.0,1
Gokudo Shabu Shabu,Burnaby,49.230168460812294,-123.0038528105504,4.4,1
Green & Oak Malaysian Restaurant,Burnaby,49.28081,-123.02185,3.9,0
Korea Noodle House,Burnaby,49.229066,-123.004751,4.2,1
STEM Japanese Eatery,Burnaby,49.21497276456137,-122.98816101534423,4.2,1
Siam Le Bien,Burnaby,49.2813,-123.01068,4.3,1
Singapore Hawker,Burnaby,49.218768,-122.96447913871704,4.1,1
Burnaby Mountain Clubhouse,Burnaby,49.265138,-122.943048,4.1,1
Birdies,Burnaby,49.2655537242762,-123.01959240000002,4.0,1
Jovo the Butcher,Burnaby,49.22185,-122.94565,5.0,1
Masita Korean Cuisine,Burnaby,49.218978345984,-122.969008660356,3.9,0
Grand Chinese Restaurant,Burnaby,49.266893,-123.004262,4.0,1
OEB Breakfast,Burnaby,49.267442,-123.002595,4.1,1
Kokoro Tokyo Mazesoba,Burnaby,49.228287011321385,-123.00315331667662,4.0,1
Little Minh's,Burnaby,49.1990675,-122.9799962,4.3,1
Riverway Clubhouse Restaurant,Burnaby,49.200617,-122.990237,3.5,0
Sooda Korean BBQ,Burnaby,49.2680924,-123.0003773,4.1,1
The Dolar Shop - Station Square,Burnaby,49.2277884925998,-123.00316795158997,4.3,1
The Viet Noodle Guy,Burnaby,49.26721987665755,-123.00572763320035,4.1,1
Living Room Lounge,Burnaby,49.2551,-123.02032,4.5,1
Chao Shou Wang,Burnaby,49.2290734,-123.0048795,4.1,1
Cactus Club Cafe,Burnaby,49.22775581945971,-123.00329214418927,3.9,0
Horin Ramen,Burnaby,49.22901506843291,-123.00505047055158,4.5,1
Portobello Restaurant,Burnaby,49.280764,-123.013394,4.6,1
Trattoria by Italian Kitchen,Burnaby,49.23020501851105,-123.0039327,3.2,0
Burnt Orange,Burnaby,49.280836,-123.007658,4.5,1
JOEY Burnaby,Burnaby,49.2669122,-123.0066466,3.7,0
The Keg Steakhouse + Bar,Burnaby,49.2596278,-123.0019108,3.9,0
Claudio's,Burnaby,49.265511702879046,-123.00492429325409,3.8,0
Sushi Taku,Vancouver,49.23982721439047,-123.03001648836062,4.3,1
Chen,Burnaby,49.28086095595619,-123.0091730738817,4.1,1
Chad Thai,Burnaby,49.2809351,-123.0160318,4.1,1
Blue Coast,Vancouver,49.23466,-123.0246,4.5,1
SOCRATES in the Heights,Burnaby,49.2811430405355,-122.998363226652,4.5,1
La Forêt - Royal Oak,Burnaby,49.2203,-122.98637,4.3,1
NamPo,Burnaby,49.22620549734934,-122.9917955,4.4,1
Chettinad Dosa Palace,Burnaby,49.23933,-122.96364,3.2,0
Kokoro Tokyo Mazesoba,Burnaby,49.266952192668484,-123.00631798803806,4.3,1
Big Way Hot Pot,Burnaby,49.2310987,-123.0083309711633,4.0,1
Cockney Kings Fish & Chips,Burnaby,49.28005299920758,-122.96652586933914,4.0,1
Tenen,Burnaby,49.21549,-122.98895,4.2,1
Tendon Kohaku,Burnaby,49.2278910406839,-123.00348046083376,3.7,0
B&D Authentic Viet Cuisine,Burnaby,49.21818434432872,-122.9578841,3.8,0
Sushi Bar Kilala,Burnaby,49.2811517065771,-122.995635763696,4.3,1
Green Leaf Cafe,Burnaby,49.2533051,-122.8982928,4.1,1
Argo Greek Cuisine Pizza Pasta,Burnaby,49.2544359,-123.02071005595984,4.2,1
The One Restaurant,Burnaby,49.2211721,-122.9774371,3.4,0
Chào Mámi,Burnaby,49.2808832078838,-123.014717570458,4.0,1
MYST Asian Fusion,Burnaby,49.21936313246308,-122.9706842,3.6,0
El Inka Latin Deli,Burnaby,49.24941,-123.01912,4.4,1
Marble House Eatery,Burnaby,49.2294464,-123.0044077,3.8,0
Earls Kitchen + Bar,Burnaby,49.2279486,-123.0027748,3.9,0
Hart House Restaurant,Burnaby,49.23804,-122.96671,3.6,0
Anatolia's Gate Restaurant,Burnaby,49.2183151,-122.9579254,3.8,0
Agra Tandoori Restaurant,Burnaby,49.25443,-123.02066,3.9,0
Golden Pita Lebanese Restaurant,Burnaby,49.2531819933441,-122.897602039217,4.2,1
Saffron Indian Cuisine,Burnaby,49.2311623,-123.0085405,3.8,0
Gaon  Korean Cuisine,Burnaby,49.223246,-122.982823,4.1,1
Bow & Stern,Burnaby,49.2681023,-123.0000943,3.7,0
Adam's Crepes,Burnaby,49.2149649,-122.9880349,4.6,1
Mongo Bongo,New Westminster,49.2135179,-122.9193884,3.9,0
Kimbap Cheonguk,Coquitlam,49.2446982,-122.8918313,4.4,1
Fraser Park Restaurant,Burnaby,49.1941802,-122.9979206,4.2,1
Viva Sue Pizza,Burnaby,49.2391579,-122.9625575,4.2,1
Aroma Eatery,Burnaby,49.228417734136464,-123.00491628393937,4.4,1
The Hungry Tiger,Burnaby,49.266921290169684,-123.00645179117197,4.5,1
Shanghai Fortune Cuisine,Burnaby,49.22954179328731,-123.00467593195059,3.9,0
Balkan House,Burnaby,49.22219,-122.94393,3.4,0
Chicko Chicken Korean Style,Burnaby,49.2191861,-122.9505083,4.1,1
L'Artista,Burnaby,49.281231129459975,-123.0188885,4.0,1
The Bao Place,Burnaby,49.21942124951652,-122.9500496,4.3,1
Butchers Block BBQ,Burnaby,49.28129,-123.01453,3.8,0
Cazba Persian Grill,Burnaby,49.2681624665858,-123.00058007240295,3.3,0
Sushi U,Burnaby,49.2654624429451,-122.978147623681,4.5,1
Olove Greek Kitchen,Burnaby,49.2804849,-122.9779067,4.0,1
La Forêt,Burnaby,49.2212819390063,-122.995836958493,3.7,0
Cayenne Bistro & Grill,Burnaby,49.2213856,-122.9309353,4.8,1
Tap & Barrel - Brentwood,Burnaby,49.26741280132382,-123.00188253558166,4.2,1
Afghan Turkish Cuisine,Burnaby,49.2807738,-123.0028986,4.0,1
Pearl Hot Pot,Burnaby,49.2188387,-122.964481,3.3,0
Big Way Hot Pot,Burnaby,49.23150769999999,-123.0094545,3.6,0
Nén,Burnaby,49.224096740087546,-122.9416219,4.2,1
Taku Japanese Kitchen,Burnaby,49.21462,-122.98827,4.7,1
Hello Nori,Burnaby,49.26780681630291,-123.00235434393312,4.1,1
Kozak Ukranian Eatery,New Westminster,49.2114757572234,-122.918422905028,4.4,1
Barcelos Flame Grilled Chicken,Burnaby,49.19813330438935,-122.97878590283268,3.8,0
Maruhachi Ra-men,Burnaby,49.2244919,-122.9878563,4.0,1
Patsara Thai Restaurant,New Westminster,49.204305,-122.908055,4.0,1
Indian Wok,Burnaby,49.2248408,-122.9884673,4.2,1
Sushi Garden Japanese Restaurant,Burnaby,49.2291877,-123.0013312,3.4,0
Gyubee Japanese Grill,Richmond,49.1712466,-123.1351984,4.3,1
Hooray Cafe & Coffee Lab,Burnaby,49.24362,-122.969446,5.0,1
Kimshaker,Burnaby,49.2332,-123.013747,4.5,1
#CHIBOP,Burnaby,49.2677387,-123.0064866,4.5,1
Pinoy Cravings,Burnaby,49.21947050000001,-122.9499774,4.4,1
Chongqing,Burnaby,49.22671131459038,-122.99363543518693,3.4,0
Zaaki Cuisine,New Westminster,49.2131145,-122.9200483,4.6,1
El Comal,Burnaby,49.247876818077,-122.940112248954,3.9,0
H&P Noodle House,Burnaby,49.281271,-123.015823,3.7,0
BIN 4 Burger Lounge,Burnaby,49.2641572,-123.022698,4.0,1
Simba’s Grill,Burnaby,49.2545127,-123.0231251,4.0,1
Pho Hong Vietnamese Restaurant,Burnaby,49.2213203,-122.9769818,2.9,0
No.1 Beef Noodle House,Burnaby,49.2425291,-123.004037333135,3.4,0
Porker Face,Burnaby,49.266783,-123.004713,4.4,1
Taverna Greka Restaurant,New Westminster,49.2049414,-122.9043168,4.1,1
Sushi Modo,Burnaby,49.225836,-122.937422,4.3,1
Manjal South Indian Kitchen,Burnaby,49.2232674,-122.9428279,4.4,1
Pizza Garden,Burnaby,49.2252262,-123.0037541,4.0,1
X-Site Grill & Bistro,Burnaby,49.2811349,-122.9993576,3.8,0
Galbi Korean BBQ Kingsway,Burnaby,49.23111096061143,-123.00824046134947,4.2,1
The Gray Olive Cafeteria,Burnaby,49.2807699,-123.01164,4.1,1
Amay’s House,Vancouver,49.23446,-123.036137,4.3,1
WhataFood Brazilian Street Food,New Westminster,49.2010175,-122.9131833,4.5,1
Eggbomb+,Burnaby,49.249826470737425,-122.8948839,3.7,0
Cioffi's Meat Market & Deli,Burnaby,49.280911944717026,-123.012598,3.7,0
Just Waffles,Vancouver,49.28128196346295,-123.02744138985871,4.5,1
CM Chicken,Burnaby,49.22732659553047,-122.99451665152054,4.3,1
Neptune Palace Seafood Restaurant,Burnaby,49.266865847917686,-123.00155484261121,3.4,0
The Ramen Butcher,Burnaby,49.28095998860335,-123.002488217313,3.3,0
Cactus Club Cafe,Burnaby,49.26671212,-123.01085799,3.7,0
Toyo Sushi,Burnaby,49.2809392,-123.0168779,4.2,1
2025 Cafe,Burnaby,49.226765,-122.993594,4.3,1
Fung May,Burnaby,49.2288939318384,-123.004783375498,3.4,0
Anton's Pasta Bar,Burnaby,49.28072,-123.00984,3.5,0
La Forchetta,Burnaby,49.2804691698666,-122.982101999223,3.8,0
Sushi On,Burnaby,49.22336826591775,-122.9432077,4.2,1
Onggi Korean Cusine,Burnaby,49.24377273960674,-122.8933061286807,4.1,1
Happy Lamb Hot Pot,Burnaby,49.2280567,-122.9973696,3.4,0
Sushi Yoi,Burnaby,49.2678773,-123.0061449,3.3,0
Joy Sushi,Burnaby,49.2643086657704,-123.010636587766,3.9,0
Big Star Sandwich,Burnaby,49.2545219768061,-123.02208635956,4.1,1
Sopra Sotto Pizzeria,Burnaby,49.280939601557584,-123.0155725,3.9,0
Afghan Kabul Kebab Donair,Burnaby,49.2808,-123.01483,4.9,1
Sushi Garden,Burnaby,49.2191,-122.96725,3.4,0
Hanwoori Korean Restaurant,Burnaby,49.22153,-122.9806,3.4,0
Pokerrito,Burnaby,49.22800794065202,-123.00332564860584,4.4,1
Joyful Seafood Restaurant,Burnaby,49.2227211,-122.981444,3.7,0
Sushimoto,Burnaby,49.26404,-122.98135,3.8,0
John 3:16 Malaysian Delights,Richmond,49.1641317,-123.1362195,4.1,1
50's Burgers,Burnaby,49.22481,-122.94043,3.6,0
Kim's Korean Waffles and Pancakes,Burnaby,49.24391068955245,-122.89353297814627,4.6,1
New Mandarin Seafood Restaurant,Vancouver,49.2430789410403,-123.062085096174,4.1,1
Paramount BBQ,Vancouver,49.2356958673,-123.0388355,4.3,1
1003 Brunch & Dessert,Burnaby,49.22447173359129,-122.9899072,4.1,1
Crema Ice Cream,Burnaby,49.2806828,-123.0027499,4.6,1
Earls Kitchen + Bar,Burnaby,49.266914,-123.00164,3.7,0
Grand Neptune,Burnaby,49.25664639970632,-123.00692304419927,3.6,0
Jejudo,Burnaby,49.2439366,-122.8942123,3.5,0
Mumbaiyaa Street Foods,Burnaby,49.28087,-123.012439,4.7,1
Desi Turka Indian Cuisine,Burnaby,49.220269,-122.929508,3.9,0
Zhengxin Chicken,Burnaby,49.22568597280459,-122.99036927116394,4.4,1
Burnaby Palace Restaurant,Burnaby,49.25629080307701,-123.02312393097921,3.4,0
Arbab Kabab House,Burnaby,49.2225463822872,-122.948696562034,4.5,1
Fish With You,Burnaby,49.2290085,-123.0050498,4.5,1
Kinton Ramen,Burnaby,49.265162712058604,-123.01395302883246,4.6,1
Obanhmi,Burnaby,49.22666302506524,-122.992865704,4.4,1
K Chicken,Burnaby,49.2598,-122.98352,4.4,1
Green Leaf Sushi,Vancouver,49.231545,-123.030967,3.8,0
A Fang Little Basket Bao,Burnaby,49.2540264,-122.8939025,4.3,1
Motonobu Udon,Vancouver,49.2813968,-123.0280718,4.2,1
Pelicana Chicken,Burnaby,49.2526660046984,-122.898108288646,4.5,1
Suren,Burnaby,49.28077012720069,-122.9993509501219,4.0,1
Pho 68,Burnaby,49.219094551206716,-122.95016380289319,3.6,0
Cafe 106,Burnaby,49.2237644468902,-122.988622382664,4.3,1
Sizzle Pan Korean BBQ,Burnaby,49.22334,-122.9428956,4.5,1
My Greek Taverna,Coquitlam,49.23707629280225,-122.86929574290268,4.0,1
Sushi S Japanese Restaurant,Burnaby,49.2425418,-123.0036195,3.9,0
Bastion Coffee Kitchen,Burnaby,49.251504797126124,-122.96734118404275,4.7,1
Five Loaves Two Fish,Burnaby,49.243660551091,-122.892771530688,5.0,1
Waves Coffee House,Burnaby,49.218691,-122.95177,3.9,0
Watashi Sushi & Kitchen,Burnaby,49.21917086397983,-122.9505995,4.4,1
Queen's Meat & Deli,New Westminster,49.2135565,-122.9106876,5.0,1
The Auntie Bakery & Deli,Burnaby,49.21454989740626,-122.9881238,4.5,1
Rens Cafe & Bistro,Burnaby,49.28118134,-123.0184021,4.1,1
KnChicken,Burnaby,49.2240572,-122.9412991,4.1,1
The Sobu Social,Burnaby,49.22476479128216,-123.00252165352516,4.3,1
Old Farmhouse Kitchen,Burnaby,49.1890394,-122.9801939,4.7,1
Pho Den,Burnaby,49.21985466539446,-122.970256331213,3.9,0
A Kabul Shawarma Donair,Burnaby,49.219092,-122.95063,4.7,1
Cactus Club Cafe,Burnaby,49.2020089718037,-122.981729507446,3.7,0
Cup & Bun Cafe,Burnaby,49.28131,-123.01927,4.5,1
L’Onore Pizza,New Westminster,49.21402,-122.89781,4.6,1
La Querida,Burnaby,49.22946626623539,-123.0052947,4.5,1
Kiss Yo Mama Jamaican Soul Food,Burnaby,49.2218051,-122.993553,4.5,1
Fior di Latte,Burnaby,49.2811681929463,-123.010165952146,4.4,1
Canffle,Vancouver,49.2322894,-123.0268249,4.2,1
Mr Beggar Grill,Burnaby,49.22673152328965,-122.9930263,4.8,1
Noon & Reyhoon,Burnaby,49.2805071,-122.9656995,5.0,1
Nadri,Burnaby,49.24422521917205,-122.89498981978466,4.1,1
DooBoo,Burnaby,49.2185949,-122.9607043,4.0,1
Ramies Greek Restaurant,Burnaby,49.231676,-123.0088067,3.4,0
Dumpling King,Vancouver,49.23125,-123.02943,4.4,1
Govinda's Dining,Burnaby,49.2062073,-122.9848175,4.6,1
The Spud Shack Fry,New Westminster,49.20095020309591,-122.91302027887068,4.0,1
Peaked Pies,Burnaby,49.28077,-123.01351,4.1,1
The Tannenbaum Restaurant,New Westminster,49.201090932901955,-122.91771603691119,4.0,1
Pho Mr Do,Burnaby,49.2808770975745,-123.0018146,4.4,1
Old Xian's Food,Coquitlam,49.24940624116793,-122.89219435304402,4.6,1
The Old Bavaria Haus,New Westminster,49.208524,-122.914146,3.2,0
Take Sushi,Burnaby,49.2808697,-123.0019918,3.9,0
Vadapav Mirchi By Geeta,New Westminster,49.20864846389665,-122.94274322034968,4.5,1
May Rice Roll & Congee,Burnaby,49.28088365265892,-123.0018964,3.9,0
Bliss Cafe,Burnaby,49.23131,-123.00558,4.1,1
Gaya Korean Restaurant,Burnaby,49.2147215,-122.9873304,3.8,0
Mui Garden - Kingsway,Burnaby,49.2281613,-122.998205,3.8,0
Conte Food Importers,Burnaby,49.1930765013523,-122.971642618571,4.4,1
Yummy Bao,Burnaby,49.2296962,-123.0043174,4.3,1
Taste of Splendour,Burnaby,49.25518,-123.0087,4.1,1
Park Crest Diner,Burnaby,49.26536,-122.97789,3.8,0
Boba Time Cafe,Burnaby,49.221257,-122.988502,3.9,0
Juillet Cafe,Burnaby,49.2448537809919,-122.89281354352,3.9,0
Ambit Cafe,Burnaby,49.2801451,-122.9681537,3.9,0
Kamini's Corner Cafe,New Westminster,49.21256260644152,-122.93630497238739,4.4,1
Ricky's Café,Burnaby,49.265735924672,-123.00574472331364,3.5,0
Presso Cafe,Burnaby,49.2808974,-123.0112123,4.6,1
GARDENWORKS at Mandeville,Burnaby,49.20673806,-122.99827474,3.5,0
Nemesis Coffee,Coquitlam,49.27395738471851,-122.79641453824804,4.4,1
Jim's Cafe,New Westminster,49.2120564,-122.9192509,3.9,0
Tera’s Bean,Burnaby,49.26761369497343,-123.0034919,4.1,1
You N Me' Cafe,New Westminster,49.2130212951451,-122.9370087,5.0,1
Waves Coffee House,Burnaby,49.231581,-123.009732,3.3,0
Flavor Balance Espresso Bar,New Westminster,49.21223,-122.9205,4.3,1
La Foret,Coquitlam,49.249287974841025,-122.85944733251489,4.2,1
Ruex Cafe & Bar,Surrey,49.1808237,-122.8448423,4.0,1
Coasters Coffee,New Westminster,49.20435909515937,-122.90900417238339,4.3,1
The Cafe,Burnaby,49.2582184,-122.9219579,5.0,1
Cafe Hashtag,Coquitlam,49.2433539231417,-122.891021765672,4.3,1
Kabayan Cafe,New Westminster,49.213377495665156,-122.9375284,5.0,1
Chef's Catering & Cafe,Burnaby,49.2467841,-122.9416052,3.4,0
Trees Organic Coffee,Vancouver,49.2385014,-123.031401,3.5,0
Kory's Coffee,Burnaby,49.28010067001491,-122.9820175,4.0,1
Cafe Ricotta,Burnaby,49.24317080943199,-122.89305265992881,4.6,1
The Between Cafe,Burnaby,49.259088521715,-123.007713093253,5.0,1
Kids Play Cafe & Cafe Artistico,Surrey,49.111984,-122.810317,3.8,0
Prado Cafe,Burnaby,49.259823,-123.009807,3.5,0
Caffe Mira,New Westminster,49.21425325526439,-122.89784533568698,4.1,1
LIMA Cafe,Burnaby,49.26461644634673,-123.007993362844,4.0,1
Le Miel,Burnaby,49.24390825324487,-122.8940027,5.0,1
Passion8 Dessert Cafe,Coquitlam,49.246229030299254,-122.89227044221734,4.0,1
A and B Cafe,Burnaby,49.2449869820384,-122.9731382849,3.0,0
Brisk Cafe,Coquitlam,49.28335,-122.7933949,4.6,1
Ek Chai Kahani,Surrey,49.11885835789898,-122.8240515212801,5.0,1
Paradise Donair and Coffee Mania,New Westminster,49.2102203,-122.9331284,3.4,0
Bjornbar Bakery,Coquitlam,49.26285,-122.88897,3.6,0
Cafe Delitzi,Coquitlam,49.28293,-122.79819,4.4,1
The Southside Cafe,Richmond,49.180771428271,-123.165193538618,4.7,1
Take Five Cafe,Burnaby,49.25513,-122.99468,5.0,1
Sun Century Cafe,Richmond,49.18621,-123.13344,3.9,0
The Mill Cafe,Burnaby,49.2234617,-122.9874456,0.0,0
Java Hut Cafe,Surrey,49.14277,-122.86767,4.5,1
Illo Kimbap Cafe,Coquitlam,49.2618485,-122.8904397,4.3,1
Paanwala Of Surrey,Surrey,49.19148636,-122.84919739,4.8,1
Oneway Cafe,Burnaby,49.254198,-122.9147789,3.8,0
The Venti,Richmond,49.1698598,-123.1367534,4.0,1
Ice Baby Bubble Tea,Burnaby,49.2300224,-123.0046844,2.5,0
Combine Cafe & Bar,Surrey,49.18170954562757,-122.8457860865099,3.7,0
Waves Coffee House,New Westminster,49.2131508,-122.9200801,3.4,0
Fluffle Cafe,Richmond,49.1842803,-123.1147434,4.6,1
Bread x Butter Cafe,Burnaby,49.228813980925075,-122.9998331,3.0,0
Blue Duck Cafe,Richmond,49.1682913993656,-122.993983620033,4.6,1
Origin Cafe,Richmond,49.18412,-123.1263,4.6,1
Cafe Dorothy,Coquitlam,49.28083,-122.79272,4.3,1
The Concert Music Garden Cafe,Burnaby,49.2442726,-122.8927549,3.5,0
Mad Hatter Bistro,Vancouver,49.28098,-123.02539,4.0,1
Big Shots Cafe,Burnaby,49.2809388,-123.0168383,3.4,0
Benzx Lounge,Burnaby,49.2811740409802,-123.0049691084986,0.0,0
Delicia Cafe & Bakery,New Westminster,49.20208,-122.90914,3.8,0
Riverside Cafe,Richmond,49.11923995426843,-123.16411098265552,4.2,1
Cup Full Dessert Cafe,Coquitlam,49.28083,-122.79272,3.7,0
El Santo,New Westminster,49.2022405,-122.9093807,3.7,0
Han Lin Noodle House,New Westminster,49.210381277082135,-122.91715603819993,3.5,0
Columbia Street Sandwich,New Westminster,49.2034109,-122.9071758,4.6,1
Taqueria Playa Tropical,New Westminster,49.2097840906051,-122.91639733055,3.7,0
The Old Spaghetti Factory,New Westminster,49.201925687134,-122.91260507829,3.5,0
Cockney Kings Fish & Chips,New Westminster,49.2008661133601,-122.916763893224,4.0,1
Piva Modern Italian,New Westminster,49.201547,-122.911386,4.0,1
Longtail Kitchen,New Westminster,49.1997723,-122.9124427,4.0,1
6th Ave Bread & Deli,New Westminster,49.2120019089755,-122.922128466349,4.4,1
Artusi Restaurant,New Westminster,49.2105935011629,-122.917292262862,4.0,1
Banette,New Westminster,49.212666374930784,-122.9200253,4.5,1
Angelina's,New Westminster,49.200022,-122.91173,3.9,0
Amelia Restaurant,New Westminster,49.20876,-122.93227,4.3,1
Burger Heaven,New Westminster,49.20138,-122.91604,3.6,0
Jokim Kitchen,New Westminster,49.2123946,-122.92115999999676,4.1,1
The Hide Out Cafe,New Westminster,49.2029257,-122.9108691,4.2,1
Yianni's Greek Taverna,New Westminster,49.2124240808659,-122.919168452339,3.7,0
Ikoi Sushi,New Westminster,49.23018,-122.89239,4.4,1
Sushi Well,New Westminster,49.2126787,-122.9200936,4.0,1
Sixth Street Grill,New Westminster,49.2108238069653,-122.917073781025,3.7,0
North Noodle House,New Westminster,49.200992,-122.913094,3.9,0
Sanjo Sushi Asian Cuisine,New Westminster,49.212860664254805,-122.92019516255847,4.4,1
Sushi Simagoya,New Westminster,49.1849621482515,-122.949424850882,4.6,1
Massawa Restaurant,New Westminster,49.21062,-122.91767,3.9,0
Big Star Sandwiches,New Westminster,49.2021828,-122.9094816,3.9,0
IT Char Burger,New Westminster,49.222413,-122.9122126,4.5,1
Sushi Yen,New Westminster,49.2038975160565,-122.908591367304,3.8,0
Banh Mi Bar Restaurant,New Westminster,49.20279527932723,-122.91101334289715,4.7,1
Anny's Dairy Bar,New Westminster,49.214855,-122.922433,4.2,1
Re-Up BBQ,New Westminster,49.2000834965815,-122.911374465514,3.8,0
Chaiiwala,New Westminster,49.21238,-122.920151,4.2,1
Thai New West,New Westminster,49.229001,-122.89251,3.8,0
Kushi Mura Japanese Izakaya,New Westminster,49.2018489,-122.9127047,3.2,0
Arvind's Curry & Cocktail,New Westminster,49.2107666,-122.917511,3.1,0
Dine Kanadiyan,New Westminster,49.211978688049804,-122.9211672344025,3.7,0
Epic Grill Silogs + Sans Rival,New Westminster,49.190376,-122.9364904,4.1,1
Donair Star,New Westminster,49.2083493,-122.93167515413184,4.0,1
Kioku Kitchen,New Westminster,49.2015316664854,-122.9134644,4.4,1
Tina Vietnamese Cuisine,New Westminster,49.20230997138088,-122.91254500292511,4.5,1
Victoria Sushi,New Westminster,49.213378,-122.89888,4.0,1
Sushi Heaven,New Westminster,49.2306827,-122.8929216,3.8,0
4 Seasons Chaat House,New Westminster,49.210675,-122.917569,3.8,0
Shawarma Corner,New Westminster,49.2029499,-122.9086533,4.5,1
Stefanos Restaurant,New Westminster,49.2054199,-122.90424,3.0,0
Balai in the Borough,New Westminster,49.19034444678847,-122.949241,3.8,0
Shiok,New Westminster,49.208416,-122.931803,4.6,1
Sichuan Yummy Food - Wonton House,New Westminster,49.20607,-122.92832,4.7,1
Big Way Hot Pot,New Westminster,49.20104990676527,-122.91260437496537,4.6,1
Pizzeria Ludica,New Westminster,49.2040696455815,-122.909304314068,3.5,0
Bubble World,New Westminster,49.2048187,-122.9100876,3.3,0
Pho Chan,New Westminster,49.2228583293267,-122.914227216925,3.8,0
Woomi Sushi,New Westminster,49.2225852,-122.914627,4.3,1
FusionCore Japanese Eatery,Burnaby,49.2194467307934,-122.927554920316,3.9,0
Greens & Beans Deli,New Westminster,49.2229306,-122.8931559,4.3,1
Royal Tandoori Indian Restaurant,New Westminster,49.20512,-122.90983,3.7,0
Abyssinia Ethiopian Restaurant,Burnaby,49.2224351,-122.9437792,3.9,0
Sora Sushi House,New Westminster,49.20252,-122.91375,4.5,1
Papa Johns Pizza,New Westminster,49.21329659729184,-122.91968736842949,3.1,0
The Chopped Leaf,New Westminster,49.2122867,-122.9190461,3.5,0
Pho Angkor Noodle House,New Westminster,49.2012551,-122.9169549,4.5,1
Pizza Pizzeria,Burnaby,49.2308488,-122.9058827,4.2,1
Katsuya,Coquitlam,49.26175,-122.89038,4.4,1
Gong cha,New Westminster,49.2005508,-122.9151912,4.5,1
Kojima Sushi,New Westminster,49.2106056213379,-122.917495727539,2.8,0
Serious Coffee,New Westminster,49.20049907250124,-122.91531119692567,4.2,1
Hi Dozo Sushi,New Westminster,49.212302836833665,-122.9218728,3.1,0
Ho Fung,New Westminster,49.215071,-122.9227783,3.5,0
Mean Poutine,New Westminster,49.21308,-122.91995,4.3,1
Pamola Bakery and Deli,New Westminster,49.2000426090809,-122.911609739566,3.7,0
gastronomia Italia,New Westminster,49.20325393435578,-122.90812679573745,4.4,1
The Peri Peri Shack,New Westminster,49.20985443619279,-122.91650641534834,4.0,1
Chan's Garden,New Westminster,49.2298584,-122.8930588,3.7,0
Royal Crown Pizza,New Westminster,49.2084010373217,-122.920245955181,3.9,0
Quayside Tiki Bar,New Westminster,49.20015,-122.9117,4.0,1
Moodswing Coffee And Bar,New Westminster,49.2022517,-122.9085935,4.0,1
The Boathouse Restaurant,New Westminster,49.1995806,-122.9128469,2.4,0
Saigon Ivy,New Westminster,49.21207002304541,-122.91928025557237,3.4,0
Dutch Anchor Restaurant,New Westminster,49.19446139999999,-122.9279768,3.3,0
New Lakeview Seafood & Wunton,Burnaby,49.2204185639885,-122.930049553083,3.3,0
Rong Rong Tea House,New Westminster,49.2025566,-122.913414,3.7,0
Mediterranean Donair House,New Westminster,49.215202,-122.9225917,3.8,0
The Taco Factory,New Westminster,49.22904,-122.89241,3.4,0
Indian Bombay Bistro,Burnaby,49.2231570510965,-122.932603361937,3.9,0
Togo Sushi,New Westminster,49.2010569283793,-122.913864420441,3.5,0
Galbi Korean BBQ,New Westminster,49.20165048669456,-122.91409,5.0,1
Pho Ace,New Westminster,49.2131832,-122.9197982,4.0,1
Sushi Farm,New Westminster,49.2118195905541,-122.924703396857,4.1,1
Steve’s Poké Bar,New Westminster,49.22412,-122.89235,3.8,0
Nashville Hot Chicken,New Westminster,49.20631,-122.92821,1.0,0
Peranakan Kitchen,New Westminster,49.206320079356665,-122.92838104069232,5.0,1
Indian Courtyard Restaurant,New Westminster,49.2081197,-122.93072195981303,3.6,0
Khob Khun Thai Cuisine,Coquitlam,49.249218,-122.858859,4.3,1
White Spot  - New Westminster,New Westminster,49.21307852784236,-122.92103836949718,2.9,0
The Notorious Grey Fox,New Westminster,49.2181945291168,-122.89461974054575,3.5,0
Gino's Restaurant,New Westminster,49.2296123,-122.8930169,3.5,0
Kurry Wala,Burnaby,49.22184,-122.930963,4.2,1
Sushi Hinode,New Westminster,49.202381,-122.912609,4.7,1
Browns Socialhouse Brewery District,New Westminster,49.2250086337406,-122.892624952746,3.4,0
Hi Five,Burnaby,49.23062773,-122.9063846,3.4,0
JOEY Coquitlam,Coquitlam,49.2457652,-122.89261,4.0,1
Plato Filipino,New Westminster,49.2005652,-122.9151592,3.0,0
The Flapper Lounge,New Westminster,49.2025634283609,-122.91249129921196,4.7,1
Kirin Restaurant,New Westminster,49.1867640831858,-122.955329577009,3.5,0
New West Pizza,New Westminster,49.18402,-122.95018,4.2,1
Oh! Zzhu Sam,Burnaby,49.2219905,-122.9446256,4.2,1
De Dutch,New Westminster,49.200425,-122.917656,3.1,0
Afghan Chopan Restaurant,Surrey,49.147471095003574,-122.86530131592922,3.9,0
The Babs Kitchen & Brunch Cafe,New Westminster,49.230246778663854,-122.87929274820038,4.0,1
Pho 99,New Westminster,49.21049,-122.93353,3.1,0
Pizza Garden,New Westminster,49.2015796,-122.91292850381413,3.6,0
Itilia Kitchen & Bar,New Westminster,49.20002557750679,-122.9117314,3.5,0
Dehls Gourmet,New Westminster,49.1997935,-122.9132011,4.7,1
Fresh Sushi Roll,New Westminster,49.2133039,-122.9207809,2.8,0
Kimshaker Foodhub,New Westminster,49.2127294,-122.92236920446156,4.0,1
Tasty Planet,Burnaby,49.2191693,-122.9276451,4.4,1
Ole Ole Mexican Deli,New Westminster,49.21157,-122.93511,3.5,0
District Taphouse,New Westminster,49.2289699,-122.89308,3.2,0
Nam Vegan,Burnaby,49.2308613,-122.905859,4.6,1
Golden Samosa Bakery,Surrey,49.15395,-122.86205,4.3,1
Bruncheria,New Westminster,49.2319,-122.89233,3.5,0
Grill N More,New Westminster,49.2124671,-122.92136,0.0,0
The Wild Fig Restaurant,Coquitlam,49.246542194237044,-122.89164322883553,3.4,0
Cacao Mexican Food,New Westminster,49.2030652,-122.9074944,4.0,1
On & Off,Coquitlam,49.24863875402061,-122.81714619874644,3.8,0
Waves Coffee House,New Westminster,49.2021378,-122.9101707,3.1,0
Kalash Indian Kitchen,New Westminster,49.1849,-122.949233,4.6,1
Bluefin Sushi,New Westminster,49.22665044765496,-122.89299105765632,3.6,0
Naan Club Modern Indian Bistro,Coquitlam,49.2338484,-122.8537229,4.6,1
The 23 House Banh Mi,New Westminster,49.202775,-122.91106453435881,5.0,1
Chungchun Rice Dog,New Westminster,49.20095433407661,-122.91446209325427,4.3,1
Tora Sushi,New Westminster,49.1912222,-122.9462299,2.7,0
Tabanani Cuisine,New Westminster,49.19986556961975,-122.9133677110076,5.0,1
Saku,Coquitlam,49.262560181685686,-122.8892912429378,4.3,1
Kokoro Tokyo Mazesoba,Coquitlam,49.2508308,-122.8926851,4.1,1
A&W,Burnaby,49.21369050533086,-122.93895013853907,4.6,1
Boston Pizza,New Westminster,49.200572324849,-122.918331664376,2.3,0
Grandt Kitchen,Surrey,49.189707024899,-122.846393287182,3.9,0
McDonald's,New Westminster,49.2123616960379,-122.918872872422,2.5,0
Mineiros Brazilian Bistro,Burnaby,49.22228570000001,-122.9438174,4.1,1
Golden Parrots Pub,Coquitlam,49.23296,-122.82035,4.3,1
Sushi Mura,Coquitlam,49.24253556,-122.89257508,4.7,1
DL Chicken,New Westminster,49.20233,-122.92738,5.0,1
Morning Tide Eatery,Coquitlam,49.2370123799837,-122.852788790242,4.5,1
Popeyes,Burnaby,49.21372,-122.93885,2.9,0
Pizza Art,Burnaby,49.21867,-122.95386,4.0,1
Passenger Cafe,New Westminster,49.200772,-122.9128591,4.0,1
TMFOX Cafe,New Westminster,49.210531,-122.9337946,2.0,0
Chai Coffee Company,Surrey,49.204153352896995,-122.8718295,4.8,1
Chaiiwala Of London - King George Hub,Surrey,49.183129,-122.84476,4.5,1
BG Urban Cafe,New Westminster,49.2264137268066,-122.901428222656,0.0,0
Chaiiwala of London,Surrey,49.14829,-122.86628,3.9,0
The Loop Cafe,New Westminster,49.20182,-122.91405,0.0,0
Caffe Reggio,Coquitlam,49.23690507421246,-122.8705096,4.7,1
The Brew Estate Cafe & Kitchen,Surrey,49.165126,-122.8897187,4.5,1
Homespun Cafe,New Westminster,49.22568,-122.8930249,1.0,0
Waves Coffee House,Surrey,49.19847,-122.851331,3.5,0
Corner Cafe,New Westminster,49.225357,-122.8933213,3.0,0
Kap’s Cafe,Surrey,49.15744608410078,-122.89004916926463,4.5,1
Cafe Log,New Westminster,49.20128876194589,-122.91272218650852,1.0,0
Brownvibe Cafe,Surrey,49.1492,-122.86563,0.0,0
Fuel Cafe,Coquitlam,49.2274699,-122.83736,2.0,0
Chaiiwala,Burnaby,49.27807222953898,-122.90977293603744,4.0,1
Nemesis,Surrey,49.18862920359811,-122.85131372327882,0.0,0
Drippy Desserts,Surrey,49.150338497592806,-122.8898041,0.0,0
C4U Cafe,Coquitlam,49.261591,-122.887833,0.0,0
Cafe Tehroon,Coquitlam,49.2486,-122.81791,0.0,0
JD Café,Coquitlam,49.2492230474632,-122.858835048974,0.0,0
Coffee News Bc,Burnaby,49.20028,-122.98532,0.0,0
Watt's for Lunch,Burnaby,49.21070551163732,-122.95778668465525,3.0,0
Harmony Cafe,Burnaby,49.249725139064815,-122.89458889325427,3.0,0
Ambar Surrey  Restaurant & Dhaba,Surrey,49.1282148,-122.8451664,4.5,1
Afghan Kitchen South Surrey,Surrey,49.0445839,-122.7766512,4.6,1
The Carvery Sandwich Shop,Surrey,49.04649,-122.79411,4.5,1
Vault Restaurant,Surrey,49.10711,-122.73478,3.9,0
New York New York,Surrey,49.118524,-122.801402,3.8,0
Old Surrey Restaurant,Surrey,49.13376877137055,-122.84896724397012,4.3,1
Yugafu Japanese Bistro,Surrey,49.12598822369157,-122.70117985561906,5.0,1
Sabai Thai Restaurant,Surrey,49.1909867,-122.8065349,4.0,1
Maruhachi Ra-men,Surrey,49.167891,-122.800795,4.7,1
Dragon Village Restaurant,Surrey,49.10558,-122.73478,4.3,1
Chuihong,Surrey,49.19184,-122.78787,4.2,1
Tap Restaurant,Surrey,49.06362140752368,-122.7971484,4.2,1
Seoul Grill House,Surrey,49.18662844935571,-122.80218576441264,3.4,0
Yory Korean Cuisine,Surrey,49.1569241,-122.7809906,4.4,1
Dragon Wok,Surrey,49.134925,-122.843366,5.0,1
Ruby Siam Thai Kitchen,Surrey,49.1064009,-122.7352826,4.3,1
Texx Big Burger,Surrey,49.189932,-122.841323,4.1,1
Chopsticks On Pho,Surrey,49.1044634,-122.7986729,3.8,0
Ato Sushi Bar Kitchen,Surrey,49.1029789,-122.8008651,4.6,1
Hooked Fish Bar,Surrey,49.0523737,-122.8846858,3.1,0
Ken's Cafe,Surrey,49.105785,-122.735295,4.7,1
The Cabin Restaurant,Surrey,49.0528603,-122.8809814,3.4,0
Umami Sushi,Surrey,49.1191614520774,-122.73165560105,3.9,0
OZen Japanese Restaurant,Surrey,49.18581633703874,-122.79991012209054,4.3,1
Cactus Club Cafe,Surrey,49.0604907475,-122.804682831,4.0,1
Katsu San,Surrey,49.19849367001739,-122.77940131605067,4.8,1
Captain's Oven Pizza,Surrey,49.17799334576209,-122.84283366137696,4.7,1
Green Lettuce Indian Style Chinese Restaurant,Surrey,49.1179419178998,-122.890040874481,3.6,0
Hiroshi Ramen,Surrey,49.11508,-122.68186,4.5,1
Browns Socialhouse Panorama,Surrey,49.10397,-122.798523,3.3,0
Lahori Sweets & Restaurant,Surrey,49.1484413,-122.8649063,4.0,1
Taste of Himalayas,Surrey,49.13204,-122.83918,4.4,1
My Greek Taverna,Surrey,49.12013,-122.89007,3.9,0
Palmyra Mediterranean Grill,Surrey,49.1860231,-122.800806,4.1,1
Ladybird's Trattoria,Surrey,49.0525910210857,-122.69256623466444,4.9,1
The Waffle Co.,Surrey,49.135660700709366,-122.84347474404069,4.3,1
Showshaa - The Modern Taproom,Surrey,49.05722,-122.80085,4.1,1
Chacha's Tandoor & Grill,Surrey,49.14829,-122.86628,4.5,1
Salsa & Guacamole,Surrey,49.133821637841805,-122.84886589325409,3.8,0
Bandra Cafe,Surrey,49.13632358752905,-122.8899743625656,4.4,1
Chili House Restaurant,Surrey,49.1144981,-122.6806335,4.3,1
One More Thai,Surrey,49.1333200177501,-122.88981649088,3.6,0
The Samosa House,Surrey,49.162746,-122.866827,4.4,1
The Jin sushi,Surrey,49.1364,-122.84264,4.6,1
The Greek Corner,Surrey,49.1343307,-122.8452682,3.6,0
Skye Avenue Kitchen & Lounge,Surrey,49.1876994453086,-122.84848282640564,4.1,1
Rosie's Country Cafe,Surrey,49.056674380316,-122.80853109372926,3.9,0
Ay Chihuahua,Surrey,49.0332999,-122.80094,4.1,1
Main Choice Chinese Restaurant,Surrey,49.1338858,-122.8518572,3.8,0
Prabu Sweets,Surrey,49.13036,-122.86825,3.9,0
GNJ Vegetarian Bistro,Surrey,49.1363708,-122.8922328,4.4,1
Clove,Surrey,49.1189018,-122.8257539,4.1,1
Sal y Limon,Surrey,49.0469347453396,-122.77867790858,3.8,0
Sapporo Kitchen,Surrey,49.03159912001535,-122.80144046744887,3.9,0
Dragon Wok,Surrey,49.150437,-122.865346,4.0,1
Swagat Indian Restaurant,Surrey,49.176057,-122.801236,4.3,1
Dublin Crossing Irish Pub,Surrey,49.12426199999999,-122.702092,3.4,0
Dawood's Pizza,Surrey,49.11893,-122.8171,5.0,1
A&W,Surrey,49.1343815,-122.88677929,4.6,1
Archie's BBQ,Surrey,49.18755,-122.79773,4.1,1
Kin Thai Kitchen & Bar,Surrey,49.0466759494366,-122.77521704598,3.5,0
bb.q Chicken & Pub,Surrey,49.18383422068441,-122.80239308539059,4.3,1
Malaysian Hut,Surrey,49.1989290068985,-122.814328819513,4.0,1
Liberty Kitchen,Surrey,49.0452889438938,-122.778361737728,3.9,0
ChongQing Restaurant,Surrey,49.15272034339086,-122.88974194707586,3.1,0
Jerusalem Grill & Shawarma,Surrey,49.15907004962188,-122.78113721962818,3.5,0
Guacamole Mexican Grill,Surrey,49.196753526063695,-122.84564846554133,4.4,1
Hansel Deli,Surrey,49.10792,-122.73477,4.4,1
Diamond Buffet,Surrey,49.11172,-122.72963,2.4,0
Fast Fired,Surrey,49.14821,-122.889696,4.0,1
U R Restaurant,Surrey,49.1994551,-122.8137501,4.4,1
Curry Lounge,Surrey,49.0453451,-122.7783363,3.8,0
Pak Punjab Sweet & Samosas House,Surrey,49.17733,-122.86766,4.0,1
Yoko Sushi & Noodle House,Surrey,49.15737,-122.77828,3.9,0
Thai By Thai,Surrey,49.1698001,-122.8900551,4.1,1
Steve's Poké Bar,Surrey,49.18376,-122.80127,4.5,1
Dragon's Chop Suey House,Surrey,49.15719,-122.77781,3.5,0
Aaron's Restaurant,Surrey,49.1062,-122.73329,3.2,0
Hawthorne Beer Market & Bistro,Surrey,49.10484,-122.7352,3.4,0
Utopia Noodles,Surrey,49.158580176583506,-122.7811632,4.8,1
Sushi on Surrey,Surrey,49.15725,-122.77954,4.3,1
The Back Room,Surrey,49.042265589442,-122.77957271282486,4.4,1
Bacayon's Chibugan,Surrey,49.19166,-122.83465,4.5,1
Kiki's Restaurant,Surrey,49.03728,-122.80147,3.8,0
The Taste of Africa,Surrey,49.196348,-122.845649,4.4,1
Viet Houng Asian Flavor Deli,Surrey,49.1887226115802,-122.860729718055,4.6,1
Navraj Sweets & Restaurant,Surrey,49.1501801430419,-122.866437749758,4.4,1
Eggcetra Breakfast Cafe,Surrey,49.0555806,-122.8054598,4.1,1
Spice of Nepal,Surrey,49.13339,-122.84879,4.2,1
Shannon Donair,Surrey,49.1060982,-122.7353592,4.1,1
Pho Tau Bay,Surrey,49.19805,-122.81226,4.2,1
Indigo Cafe,Surrey,49.0635291,-122.7979894,5.0,1
Cabizerra Bistro,Surrey,49.1987463,-122.8134292,4.8,1
Sushi King George,Surrey,49.19047078350401,-122.84500166127094,3.7,0
Mek's Delight,Surrey,49.1912982626951,-122.808646894991,3.9,0
Crispy Falafel,Surrey,49.04591481291062,-122.79334246655924,3.8,0
Panorama Indian Lounge,Surrey,49.10478,-122.80338,4.9,1
Sushi California - Surrey,Surrey,49.1893963,-122.7993351,3.9,0
Pho Tau Bay,Surrey,49.135731,-122.844616,3.5,0
Waffle House Diner,Surrey,49.181259619648884,-122.84355514110405,4.1,1
Isshin Sushi,Surrey,49.10468,-122.79806,3.8,0
Tap & Barrel,Surrey,49.05963809908623,-122.8018875,3.4,0
Trees Cheesecake and Organic Coffee,Surrey,49.189991644148385,-122.850168,4.2,1
Tasty Donair,Surrey,49.133938,-122.842573,4.3,1
Sri Periyava Dosa Bhavan,Surrey,49.1586589,-122.8902128,4.5,1
Shawarma Palace,Surrey,49.134277,-122.844497,4.0,1
Planet India,Surrey,49.13379,-122.83907,3.8,0
Pho Hong,Surrey,49.190289,-122.841347,3.4,0
Tokyo Mithaiwala,Surrey,49.147777821579545,-122.8639529,4.4,1
Pho Hillton Restaurant,Surrey,49.1253645,-122.7059121,4.1,1
Barcelos Flame Grilled Chicken,Surrey,49.14042,-122.84594,4.4,1
YL's Curry Bowl,Surrey,49.18444,-122.79879,4.0,1
Hanaya Japanese Restaurant,Surrey,49.05326,-122.80091,4.0,1
Coast & Country Diner,Surrey,49.103936,-122.734543,3.7,0
Nordel Sushi,Surrey,49.1609149,-122.8885017,3.3,0
Golden Samosa Bakery,Surrey,49.162635078126854,-122.88879025997797,4.1,1
Mr Pickwick's Fish & Chips,Surrey,49.1762299,-122.86547,3.2,0
Sushi Mori,Surrey,49.0457580108793,-122.7973473,3.4,0
A&W,Surrey,49.10405219,-122.79790578,3.1,0
Tommies Jerk,Surrey,49.10037,-122.72386,4.7,1
Roadhouse Grille,Surrey,49.03426,-122.78006,3.4,0
Pho Newton,Surrey,49.1392040260342,-122.843214712932,3.6,0
Chefs Kebab,Surrey,49.1551446,-122.7729754,4.2,1
Miltomates Taqueria,Surrey,49.17736,-122.69072,4.6,1
Spice Republic,Surrey,49.045924927730695,-122.78219595551491,4.6,1
German Doner Kebab,Surrey,49.1624186,-122.7912586,3.8,0
Michael's Artisan Bakery & Cafe,Surrey,49.045213,-122.790789,4.1,1
Delta Pizza,Surrey,49.15558,-122.86452,3.9,0
Vegan Supply Surrey,Surrey,49.059709,-122.833843,4.3,1
Triple O's,Surrey,49.1188100133453,-122.824546694756,4.0,1
Aka Sushi,Surrey,49.11859,-122.71199,4.0,1
Ustaad G76 Indian Cuisine Newton,Surrey,49.14112,-122.86246,4.4,1
Red Robin Gourmet Burgers and Brews,Surrey,49.18838300274452,-122.80139260276438,3.6,0
The Keg Steakhouse + Bar,Surrey,49.14734458968876,-122.88976,3.8,0
Barcelos Flame Grilled Chicken,Surrey,49.1643965580191,-122.876819808461,4.0,1
Excellent Ice,Surrey,49.1016051,-122.8070208,3.3,0
Inchin's Bamboo Garden,Surrey,49.1576095498803,-122.78016631960192,3.7,0
West Village Cafe,Surrey,49.1047524116854,-122.799629199329,3.6,0
Nando's Peri-Peri,Surrey,49.18567392600471,-122.80140250244675,3.9,0
Elvis Pizza,Surrey,49.1913399,-122.80825,3.8,0
Satya Asha,Surrey,49.13371,-122.86738,4.4,1
Lee Gar Nei,Surrey,49.1856150038833,-122.799098426308,4.0,1
Dhaliwal's Lounge,Surrey,49.146859,-122.86557,4.5,1
Neptune Wonton Noodle,Surrey,49.186577418518404,-122.84743837116434,3.3,0
Basant Sweet House,Surrey,49.1509914,-122.8677853,4.1,1
Nagoya Sushi,Surrey,49.16978,-122.81251,4.0,1
Pakwan,Surrey,49.1406884,-122.8611251,4.1,1
Sundance Seafoods,Surrey,49.1038818,-122.7412026,3.9,0
Banana Leaf,Surrey,49.0597947797082,-122.8040599822998,4.1,1
Non Stop,Surrey,49.10497133807061,-122.80499545767236,4.6,1
Mama Moon Korean Food,Surrey,49.15687338090442,-122.7817113748807,5.0,1
Nando's Peri-Peri,Surrey,49.136274674727275,-122.889191188763,3.7,0
Neptune Palace Seafood Restaurant,Surrey,49.18693877584426,-122.8461404527314,3.1,0
Chubby Banh Mi & Bubble Tea,Surrey,49.18827213321161,-122.80040636441811,4.8,1
Curry and Kabab,Surrey,49.139158,-122.88943,4.8,1
Nemesis Coffee,Surrey,49.18869551177476,-122.851585,3.9,0
Republica Coffee Roasters Cloverdale,Surrey,49.105531,-122.734801,4.4,1
Guildford Sushi House,Surrey,49.19026,-122.8006,3.8,0
Bucky's West Coast Pizzeria,Surrey,49.0450856790467,-122.79105499999993,3.9,0
Belle's Cafe,Surrey,49.060498878556444,-122.83416005374684,4.3,1
Clover Ridge Pizza,Surrey,49.11117,-122.75684,4.7,1
Lazeez Pizza & Kabob House,Surrey,49.1664375,-122.8011312,4.8,1
Diamond Sweets Restaurant,Surrey,49.1585503,-122.7814484,3.4,0
104 Sushi & Co,Surrey,49.19206,-122.75626,3.8,0
Denji Sushi,Surrey,49.1266,-122.70143,4.0,1
The Momo Grill,Surrey,49.15662339322941,-122.77830439018503,4.2,1
WayBack Brew,Surrey,49.1025466,-122.8049717,4.7,1
Gourmet Donuts & Coffee,Surrey,49.166135,-122.800206,4.3,1
Aggarwal Sweets,Surrey,49.151484,-122.865506,3.7,0
Major Joy Flavoured Chicken,Surrey,49.161852,-122.847069,4.2,1
Kami Sushi,Surrey,49.04206,-122.77977,4.1,1
Vlassis Souvlaki & Greek Taverna,Surrey,49.1849282,-122.8445654,3.4,0
A&W,Surrey,49.135975,-122.84515,4.1,1
Royal Oak,Surrey,49.16437,-122.79765,3.4,0
Apna Chaat House,Surrey,49.138979,-122.889138,3.7,0
Guildford Station Pub,Surrey,49.18759,-122.79506,3.4,0
Royal Paan,Surrey,49.1513744,-122.8678651,3.8,0
Earls Kitchen + Bar,Surrey,49.186991576535846,-122.80065204219159,3.1,0
Tastefully Yours By Jeff,Surrey,49.108505505388,-122.687351904905,4.9,1
Time To Grill,Surrey,49.14834,-122.84612,4.1,1
Woo Korean BBQ,Surrey,49.045274,-122.777548,3.4,0
Jamaican Mi Juicy,Surrey,49.18937137950188,-122.80200814695657,4.5,1
Pho Sunrise,Surrey,49.0467546085111,-122.798343610731,3.9,0
Browns Socialhouse Surrey Centre,Surrey,49.1787658,-122.84468194171619,3.3,0
Hi Sushi,Surrey,49.06333,-122.79817,3.5,0
Spice Kings Bistro,Surrey,49.10466,-122.79836,3.5,0
De Dutch,Surrey,49.10439711326506,-122.73461241633527,3.8,0
Fast Donair and Falafel,Surrey,49.1266,-122.70143,4.4,1
Galini Greek Kouzina & Grill,Surrey,49.11592029463198,-122.6831337,3.5,0
Blaze Pizza,Surrey,49.04646,-122.77517,3.8,0
Sushi Street,Surrey,49.18146155882584,-122.84374341103597,4.9,1
New Town Bakery & Restaurant,Surrey,49.18996,-122.84739,3.7,0
Kaffina Coffee,Surrey,49.056098987177705,-122.80476269500356,4.3,1
Asian Noodle Island,Surrey,49.15725,-122.77954,3.6,0
Espresso Cafe,Surrey,49.1358431633489,-122.842942251523,4.2,1
Ming Yan Seafood Restaurant,Surrey,49.06094,-122.8119,3.4,0
Spent Grounds,Surrey,49.05269,-122.69305,4.5,1
Sahota's Live Grill,Surrey,49.1399565,-122.88953034710507,3.0,0
Starbucks,Surrey,49.1043053,-122.7393799,4.5,1
Leaf Tea,Surrey,49.031406,-122.800901,4.4,1
Sunflower Cafe,Surrey,49.0529,-122.88078,3.5,0
Esquires Coffee Houses,Surrey,49.0534321549938,-122.866933198804,4.8,1
One Up Cafe,Surrey,49.052514655481474,-122.69238283862305,4.3,1
Hada Coffee,Surrey,49.04522485482325,-122.79083906123363,5.0,1
Morrison Cafe,Surrey,49.0318189952192,-122.865655588054,3.1,0
No. 24 Cafe & Bistro,Surrey,49.046929,-122.796333,3.2,0
Grizzly Cafe,Surrey,49.18834,-122.79658,5.0,1
Fresh Cup Roastery Café,Surrey,49.02017,-122.77079,3.0,0
O My Tea Cafe,Surrey,49.1265133655402,-122.701191902161,3.8,0
Danica's Bistro,Surrey,49.03728,-122.80147,5.0,1
I’Aromas Coffee,Surrey,49.0315246289681,-122.865031957181,3.7,0
Islands Café,Surrey,49.0463,-122.77771,2.8,0
Connect Cafe,Surrey,49.123028,-122.798804,0.0,0
Cafe Rosen,Surrey,49.1918952,-122.7563062,3.3,0
Captain's Nook,Surrey,49.13348,-122.84976,0.0,0
Sweet Revenge Bakery & Cafe,Surrey,49.1192969898668,-122.6808413,2.9,0
Training Day Cafe - Fleetwood,Surrey,49.15938,-122.7792,3.0,0
Infinity Cafe,Surrey,49.18577,-122.80034,3.0,0
A-OK Cafe,Surrey,49.19015625801814,-122.80341838465577,3.0,0
Butterfly Play Cafe,Surrey,49.032076779395325,-122.86546727070366,0.0,0
Heavenly Dessert,Surrey,49.04692704847459,-122.78438487890135,2.3,0
Shanghai River,Richmond,49.17074,-123.13848,3.9,0
Pho 37,Richmond,49.18745763639007,-123.12396731089822,4.3,1
Memory Corner,Richmond,49.179073,-123.124947,3.8,0
Shoestring Cafe,Richmond,49.17987407755384,-123.0695583361763,4.6,1
Saku,Richmond,49.17796089351495,-123.12290053186615,4.5,1
Katsu San,Richmond,49.169982779066,-123.181773349643,4.5,1
Nobi Nobi,Richmond,49.133102,-123.098042,4.5,1
Yin Ji Chang Fen,Richmond,49.17786599999999,-123.1294224,4.3,1
The Fish Man,Richmond,49.1784663,-123.1302516,4.2,1
HK B.B.Q. Master,Richmond,49.17959228769049,-123.13782401377117,4.1,1
Ganbei Izakaya Japanese Restaurant,Richmond,49.179037334275435,-123.13536451346614,4.5,1
Hei Hei Rice Roll,Richmond,49.1700051,-123.1330234,4.5,1
Richmond Night Market,Richmond,49.19241,-123.13317,3.5,0
The Story Cafe,Richmond,49.19359319408656,-123.1279178,4.1,1
Wasuta Pasta,Richmond,49.17738842937801,-123.14447488635778,4.1,1
Jing Tan Grill House,Richmond,49.1709073,-123.1396819,3.9,0
Dinesty Dumpling House,Richmond,49.17337272804199,-123.14636050013584,3.8,0
Kirin Seafood Restaurant,Richmond,49.16991,-123.13753,3.8,0
Haidilao Hotpot - Richmond,Richmond,49.17043,-123.13633,4.4,1
Micha,Richmond,49.17810985583113,-123.12536802209043,4.3,1
Excellent Tofu & Snacks,Richmond,49.18257600567325,-123.13418552693622,4.2,1
Tsujiri Richmond,Richmond,49.17769,-123.12159,3.8,0
Little Ongpin,Richmond,49.1839382198809,-123.09209239378855,3.7,0
Lamajoun,Richmond,49.1967128,-123.0952077,4.7,1
Loon Fong Hotpot,Richmond,49.1808426,-123.1350676,4.5,1
Sushi Hachi Japanese Restaurant,Richmond,49.18412,-123.1263,4.3,1
Uno Beef Noodle,Richmond,49.193218109957115,-123.12980856746434,4.4,1
Sweet Memory,Richmond,49.1795389,-123.1348249,4.2,1
CHOCHO Hot Pot - Richmond,Richmond,49.18399,-123.133644,4.3,1
The Shellfish Shack,Richmond,49.1779,-123.12756,4.6,1
Cha Kee,Richmond,49.18502334103488,-123.13397151341375,4.3,1
Milltown Bar & Grill,Vancouver,49.20252886744793,-123.14447800395358,3.9,0
Good Nine Korean BBQ,Richmond,49.1788992,-123.1317905,4.4,1
Rice Holic,Richmond,49.18324601236517,-123.12660701572896,4.3,1
Eggette House,Richmond,49.1698182955669,-123.13311645682063,4.2,1
Daan Korean Cuisine,Richmond,49.1553651,-123.124776,4.0,1
Big Way Hot Pot,Richmond,49.178096035517456,-123.13579502209046,4.2,1
No 9 Restaurant 九記餐廳,Richmond,49.17534412787543,-123.13432097116335,2.9,0
Daddy's Grill,Richmond,49.1842679432228,-123.091404421526,4.4,1
The Seoulful,Richmond,49.17765451203597,-123.13494901958252,4.3,1
G-men Ramen,Richmond,49.1784915815574,-123.129821190468,3.9,0
Hello Nori,Richmond,49.16699017514505,-123.13932171016994,4.6,1
Village Sushi Bar,Richmond,49.1186027526855,-123.158828735352,4.4,1
Uno Beef Noodle,Richmond,49.1536725,-123.1575427,4.7,1
Yue Restaurant,Richmond,49.1785842092147,-123.13144294511,3.9,0
Mr Bro Korean Bistro & Izakaya,Richmond,49.17817691704061,-123.12766199013662,4.2,1
Paul's Kitchen,Richmond,49.1794257,-123.1378312,4.3,1
McDonald's,Richmond,49.161632939461,-123.13589096593,2.6,0
Uncle Fatih's Pizza,Richmond,49.1674673678541,-123.13528639787346,4.7,1
Bánh Mì Très Bon - Richmond,Richmond,49.177852,-123.120688,3.8,0
Tang Vietnamese Restaurant & Bar,Richmond,49.17853,-123.12748,3.9,0
Flying Beaver Bar,Richmond,49.1772983187968,-123.168243032169,3.6,0
Davie Dosa Company,Richmond,49.191663,-123.108408,4.2,1
The Dolar Shop - Richmond,Richmond,49.1752620984987,-123.134143498425,4.1,1
Anar Persian Cuisine,Richmond,49.126005707547115,-123.18602444109763,4.5,1
Cha Don,Richmond,49.18085294842844,-123.13506904435879,4.3,1
Hủ Tiếu Hồng Phát,Richmond,49.172395,-123.132772,4.2,1
Lao Shan Dong,Richmond,49.166887886307464,-123.1360656,4.3,1
Sector 7 Kitchen + Bar,Richmond,49.144842,-123.092344,4.4,1
Maruhachi Ra-men,Richmond,49.1931432,-123.12912327116393,4.2,1
Matsuyama Japanese Restaurant,Richmond,49.1781781,-123.1291034,3.5,0
Baan Lao Fine Thai Cuisine,Richmond,49.1231936660221,-123.17862000293508,4.7,1
Steveston Pizza Company,Richmond,49.1250589553541,-123.185554660698,4.2,1
Afghan Chopan Restaurant,Richmond,49.16996743188082,-123.13302061349333,4.3,1
Sushi Lovers,Richmond,49.16481839999999,-123.1353889,4.2,1
The Meat Up,Richmond,49.18744272226196,-123.13320155581867,3.1,0
Tasty BBQ & Beer Bar,Richmond,49.1704103831219,-123.13936549935099,3.9,0
R & H Chinese Food,Richmond,49.17571487673434,-123.13191884109995,4.0,1
Sura Korean BBQ,Richmond,49.183364007189134,-123.13371992699435,3.7,0
Gyu-Kaku Japanese BBQ,Richmond,49.1774949,-123.1372648,3.7,0
Xiaolongkan Hotpot,Richmond,49.1782151,-123.1313324,4.2,1
Kisamos Greek Taverna,Richmond,49.12509627500716,-123.18535791349962,3.8,0
Free Bird,Richmond,49.1703878761325,-123.144849725068,3.4,0
Xi'an Cuisine,Richmond,49.1700051,-123.1331254,4.0,1
CHJ Bistro,Richmond,49.12444302250127,-123.1840632433298,4.4,1
Fisherman's Terrace Seafood Restaurant,Richmond,49.18408,-123.13404,3.7,0
Elysium Korean Bistro & Restaurant,Richmond,49.177764,-123.130669,4.3,1
Kun's Omakase Bar,Richmond,49.12496,-123.18478,4.5,1
Bamboo Grove,Richmond,49.163311,-123.13637,3.4,0
Edokko Nigiri Sushi,Richmond,49.170506446971906,-123.181579,4.5,1
Cactus Club Cafe,Richmond,49.1663017272949,-123.136711120605,3.7,0
Chop Steakhouse & Bar,Richmond,49.1890367,-123.1120171,4.0,1
Japadog,Richmond,49.17513197931976,-123.13605273665104,4.0,1
Kam Ho Noodle Express,Richmond,49.1834951,-123.1268186,4.2,1
Hokkaido Ramen Santouka,Richmond,49.16855,-123.13573,4.1,1
Myth Szechuan Cuisine,Richmond,49.17200279999999,-123.1348273,4.4,1
Lido Restaurant,Richmond,49.18254316529722,-123.13415835841272,3.6,0
Rice Holic,Richmond,49.181008670818436,-123.13500877115877,4.1,1
Kitcho Izakaya,Richmond,49.18345422983689,-123.12492897990421,4.6,1
Shanghai Lao Wei Dao,Richmond,49.1834141,-123.1265226343586,4.3,1
The Canadian Brewhouse & Grill,Richmond,49.17762,-123.12371,3.4,0
Real Love BBQ Restaurant,Richmond,49.170506,-123.136991,4.4,1
Tasty Veggie Kitchen,Richmond,49.1820181,-123.1363892,5.0,1
Joy's Taiwanese Kitchen,Richmond,49.1819171,-123.1363782,3.9,0
Deer Garden Signatures,Richmond,49.1781340826239,-123.127494991174,3.6,0
Yunshang Rice Noodle House,Richmond,49.17138643949844,-123.13499887341527,4.2,1
Pho Capital,Richmond,49.174322922726276,-123.1480213,4.0,1
Sing Yee Chinese Restaurant,Richmond,49.1849605,-123.1282953,3.5,0
Chef Tony,Richmond,49.1805103,-123.1363684,3.7,0
Pho Anh Vu,Richmond,49.1778683,-123.1255409,4.1,1
Big Way Hot Pot - Ackroyd,Richmond,49.17128688916247,-123.13427523240797,4.5,1
Ajea Noodle,Richmond,49.18628236194649,-123.13332170674592,4.1,1
Ginger Indian Cuisine,Richmond,49.15413956143999,-123.1245297116645,3.7,0
Deer One Hotpot,Richmond,49.1647739,-123.13529292556575,4.3,1
The Food Court,Richmond,49.18205841389825,-123.13708365622585,2.9,0
Basil Leaf,Richmond,49.1840782,-123.1340408,4.5,1
75 West Coast Grill,Richmond,49.170509,-123.140563,3.8,0
Yuan's Garden Restaurant 隨園,Richmond,49.178968,-123.134826,3.9,0
Shanghai Morning,Richmond,49.18408,-123.13404,4.1,1
Continental Seafood Restaurant,Richmond,49.18391,-123.09426,3.7,0
Uncle Sal’s Shawarma ,Richmond,49.1548259,-123.124624,4.1,1
Toast to Coast Brunch Bar,Richmond,49.12506792735429,-123.18257461360062,4.3,1
The Apron,Richmond,49.19085129402266,-123.13391892507546,4.0,1
Uncle Lu,Richmond,49.18570262126169,-123.12860998281006,3.1,0
Samsoonie Noodle & Rice,Richmond,49.1707688466573,-123.133460687081,3.8,0
Mr. Black Restaurant,Richmond,49.18408,-123.13404,3.5,0
Dai Jang Kum,Richmond,49.19171513686156,-123.10970174603533,3.3,0
Prataman Express,Richmond,49.1809431,-123.13485711170807,4.7,1
Chicko Chicken,Richmond,49.1821791,-123.1358221,4.5,1
Sun Sui Wah Seafood Restaurant,Richmond,49.17807135336199,-123.13554115581708,3.5,0
That Year China,Richmond,49.18764614031523,-123.13016194850208,4.1,1
Chucila,Richmond,49.186975,-123.133181,4.3,1
Italian Tomato Restaurant,Richmond,49.19188,-123.1303,3.4,0
Gee! Taste Good,Richmond,49.1841202,-123.126297,4.1,1
South Silk Road,Richmond,49.16999129457479,-123.14373193498352,4.3,1
Hao's Lamb Restaurant,Richmond,49.18270747319993,-123.13584083403973,4.2,1
Talay Thai Restaurant,Vancouver,49.210809,-123.140764,3.9,0
Goodbowl,Richmond,49.1778813548145,-123.122230321169,4.1,1
Myomi Sushi,Richmond,49.155012,-123.1258496,4.1,1
Parker Place Aberdeen Meat & B.B.Q,Richmond,49.1819617,-123.1364551,4.2,1
L A Chicken,Richmond,49.182917,-123.091874,4.0,1
Steveston Seafood House,Richmond,49.12541,-123.18167,3.8,0
Golden Paramount Seafood Restaurant,Richmond,49.16367,-123.13492,3.6,0
Long’s Noodle,Richmond,49.178717650366266,-123.12585876329906,4.3,1
Café Gloucester,Richmond,49.1785447,-123.1270782,4.2,1
Cha Don Yaohan,Richmond,49.18627009026677,-123.1333378,3.8,0
Top Shanghai Cuisine Restaurant,Richmond,49.171282,-123.135086,3.5,0
Ipoh Malay Cuisine,Vancouver,49.2042381,-123.1351332,3.4,0
Redbud Cafe,Richmond,49.1622807256808,-123.131702194383,3.1,0
KungFu Dumpling,Richmond,49.17050352459875,-123.13980376997529,4.3,1
Shawn’s Chicken,Richmond,49.18076176299525,-123.13463110276567,4.4,1
Sushi Bar Shu,Vancouver,49.2123904,-123.14068048650988,4.4,1
Daimanya,Richmond,49.18345,-123.13537,4.1,1
D Original Sausage Haus,Richmond,49.1262632,-123.1825342,4.8,1
Earls Kitchen + Bar,Richmond,49.1762654,-123.1318797,3.2,0
Sea Fortune Restaurant,Richmond,49.1619810150725,-123.131678165708,3.3,0
Keumsan Restaurant,Vancouver,49.21090651818306,-123.14073327907815,4.5,1
Mui Garden Restaurant,Richmond,49.17097613037639,-123.13941066161337,3.6,0
Happy Lamb Hot Pot,Richmond,49.1752314,-123.1365151,3.7,0
Kingspark Steak House,Richmond,49.1706999,-123.13233,2.6,0
Happy Day Cafe,Richmond,49.178094,-123.122693,3.1,0
Kam Tou Seafood Restaurant,Richmond,49.185102,-123.129532,4.0,1
Beijing Hot Pot,Richmond,49.1704542959521,-123.132980279624,3.8,0
Aya Beef Noodle House,Richmond,49.18731044705209,-123.1241674,3.9,0
Royal Beef,Richmond,49.1775009,-123.1215049,4.5,1
Bbq Chicken Lemon,Richmond,49.178466108370365,-123.12706600874664,4.3,1
Tsim Chai Noodle Restaurant 沾仔記,Richmond,49.17069,-123.13302,3.7,0
Thai Box Restaurant,Richmond,49.1699278,-123.1341584,4.0,1
Old Xian's Food,Richmond,49.1852876,-123.1290331,3.8,0
Miion Cafe,Richmond,49.16671947643551,-123.13518973514248,3.9,0
Pearl House Restaurant,Vancouver,49.21332820462317,-123.13993860036136,4.1,1
Lanxuan Restaurant 澜轩荟,Richmond,49.187733,-123.134627,3.9,0
Afghan Chopan Bakery & Diner,Richmond,49.1700051,-123.1331254,4.6,1
Tian Shi Fu No. 3 Restaurant,Richmond,49.169274,-123.13688,3.8,0
Westcoast Poke,Richmond,49.13223459520562,-123.09558136751669,3.9,0
YUAN’S HOT POT,Richmond,49.1831220296222,-123.133927292474,4.2,1
Captain Wa,Richmond,49.1698185,-123.1330757,3.8,0
Wo Fung Noodle Express,Richmond,49.16431799999999,-123.1352578,3.8,0
Happy Valley Village Restaurant,Richmond,49.1795301474565,-123.134718123603,4.0,1
One Cafe Parker Place,Richmond,49.18136052710395,-123.13591131104506,4.1,1
Kumo Sukiyaki,Richmond,49.163721,-123.134943,3.6,0
Taste of Zen,Richmond,49.13293,-123.12171,4.1,1
Mirchi Restaurant,Vancouver,49.21353,-123.13995,4.3,1
Basha,Richmond,49.166963,-123.1384921,3.9,0
Tsujiri,Richmond,49.170838,-123.0791316,4.5,1
A Bite of Shunde,Richmond,49.1789961,-123.1256196,4.0,1
Yummy Bao,Richmond,49.18208,-123.13639,3.9,0
Fogg 'n' Suds Restaurant & Beer Bar,Richmond,49.1844693,-123.1054142,3.4,0
Tsukiji Japanese Restaurant,Richmond,49.178615,-123.1248149,3.6,0
Happy Tree House BBQ,Richmond,49.1789476669097,-123.13367071167,3.2,0
Round Table Pizza,Richmond,49.15502603363286,-123.12585702070231,3.0,0
Chef Pin,Richmond,49.1784449,-123.1279635,4.8,1
Tokyo Joe Sushi,Richmond,49.172186088951655,-123.1336462733865,3.6,0
Liuyishou Hotpot Richmond,Richmond,49.17851127364,-123.125910800762,3.6,0
Sea Harbour Seafood Restaurant,Richmond,49.19632027137996,-123.12618234323169,3.1,0
Yang's Dumpling,Richmond,49.17759924520819,-123.1297096,3.4,0
Okome,Richmond,49.1332015,-123.1817932,4.2,1
Szechuan Delicious Restaurants,Richmond,49.1784849,-123.1317363,4.3,1
ManTung Cafe,Richmond,49.17777289814779,-123.1382369,4.0,1
SoyTalk,Richmond,49.1813728972946,-123.13589785248,3.5,0
Lulu Burger,Richmond,49.19241,-123.13317,4.5,1
Osmanthus,Richmond,49.184209849006095,-123.13357509035815,4.0,1
Silver Tower Cafe Restaurant,Richmond,49.1781781,-123.1291034,3.3,0
Ramen Takanotsume,Richmond,49.1841116494066,-123.133542872965,3.7,0
Yuu Japanese Tapas,Richmond,49.1854909156919,-123.129109648049,3.5,0
Yokai Tapas and Sake Bar,Richmond,49.166701563256446,-123.1348806,3.9,0
Breakfast Table,Richmond,49.12421940000001,-123.180964,4.2,1
Prata Man Restaurant,Richmond,49.18724,-123.12425,3.5,0
Pho 37,Richmond,49.18760978003641,-123.130159,4.6,1
LA Grill & Bistro,Richmond,49.1536432938359,-123.158798217773,3.3,0
Round Table Pizza,Richmond,49.15436908349,-123.157198331033,3.2,0
Double Double Restaurant 老油条,Richmond,49.18038,-123.13547,3.4,0
Cherry's Food House,Richmond,49.1781751,-123.1278816,4.0,1
Keelung Taiwanese Breakfast & Lunch,Richmond,49.1834141,-123.1265052,4.1,1
Baoguette Vietnamese Bistro,Richmond,49.179139,-123.13617,3.6,0
Star 6 Indian cuisine,Richmond,49.1799094,-123.0696283,5.0,1
Sushi House,Richmond,49.1849636976398,-123.129516759984,3.1,0
Boy With a Knife Grill,Richmond,49.190947,-123.073984,3.6,0
Cloud 9 Delicacy,Richmond,49.18097074574548,-123.1349609785228,4.4,1
寻秦记·大明家 Finding Xi’an Restaurant,Richmond,49.1871879351723,-123.13169583678244,4.3,1
Max Noodle House,Richmond,49.17904244470185,-123.13236086737967,3.6,0
Himalaya Restaurant,Richmond,49.18427,-123.09185,3.2,0
Hainan Kitchen,Richmond,49.1553651,-123.1238682,3.3,0
Meetrice Noodle,Richmond,49.177903,-123.127564,4.0,1
Empire Seafood Restaurant,Richmond,49.170860309787,-123.13706284400321,3.3,0
The Buffet,Richmond,49.19638887138004,-123.12777981455397,2.4,0
Kumare Restaurant & Bakery,Richmond,49.1645551,-123.1347738,2.4,0
Nando's Peri-Peri,Richmond,49.17855951502775,-123.1217548,3.6,0
Pound Steak,Richmond,49.180101667930586,-123.13523758528444,4.0,1
Gordon Ramsay Steak,Richmond,49.19709365861781,-123.12741703210153,3.7,0
Parkhill Seafood Restaurant,Richmond,49.1704200996204,-123.137469291687,3.3,0
The Keg Steakhouse + Bar,Richmond,49.131389,-123.09284,3.2,0
Yah Yah Ya Ramen,Richmond,49.1874832,-123.128596,3.6,0
Vogue Cafe,Richmond,49.1246105,-123.1815107,4.7,1
Snowy Village Dessert Cafe,Richmond,49.1785932012866,-123.127934497921,3.7,0
Twinkle Cube Cafe,Richmond,49.1824873073973,-123.133310191333,3.1,0
Eggspectation,Richmond,49.1856414,-123.1084164,3.2,0
Night Owl Cafe,Richmond,49.18407,-123.12846,2.9,0
Enjoy Cafe 1 Plus1,Richmond,49.1708290571772,-123.13414408185102,3.1,0
Peaches,Richmond,49.1781063932489,-123.127360152108,3.5,0
Super Stars Cafe,Richmond,49.179515426395476,-123.1350582,3.1,0
Prunus,Richmond,49.16394,-123.13394,4.0,1
Bubble Waffle,Richmond,49.183871723875754,-123.13376631702836,3.4,0
Leisure Tea & Coffee,Richmond,49.1784663,-123.1303743,3.9,0
Lotus Cafe,Richmond,49.17852816864693,-123.13875292883559,4.3,1
Waves Coffee House,Richmond,49.17090010978671,-123.13681390292656,3.1,0
Tiny One,Richmond,49.18408,-123.13404,2.6,0
Minoru Senior Centre Cafeteria,Richmond,49.16309247137516,-123.14504224403163,4.2,1
Pierside Deli,Richmond,49.1239257298166,-123.184170174884,4.2,1
Red Dot Cafe,Richmond,49.1861496,-123.0807571,3.7,0
Yellow Dots Café,Richmond,49.19045,-123.13103,5.0,1
Air Canada Café - Gate C46,Richmond,49.1940680641228,-123.18097300559923,4.3,1
Minute Cafe,Richmond,49.17065,-123.132686,0.0,0
Paper Planes Cafe,Richmond,49.195124802672815,-123.1788482,4.5,1
Lan Fong Yuen 1952,Richmond,49.17557251897726,-123.13242606818677,1.0,0
Mango Mama Cafe,Richmond,49.18257822582507,-123.1341600423283,2.1,0
Artigiano,Richmond,49.197903,-123.140842,2.9,0
Sideslip Cafe,Richmond,49.1804886,-123.1654968,3.7,0
Lulu Island Cafe,Richmond,49.1293309,-123.0958579,4.0,1
Java U,Richmond,49.1929654688028,-123.182000044444,5.0,1
Storeys Cafe,Richmond,49.1633019,-123.1351311,3.0,0
Joy G,Richmond,49.1784702726305,-123.130753040314,1.1,0
Galiano Cafe,Richmond,49.1806507736516,-123.170255156663,3.3,0
Steveston Cafe & Hotel,Richmond,49.125397,-123.186121,3.5,0
Bubble Waffle Cafe,Richmond,49.183962,-123.133538,3.0,0
The London Cafe,Richmond,49.1242662,-123.1006241,4.0,1
Wonder Kids,Richmond,49.174377,-123.148088,0.0,0
Nonbiri Cafe,Richmond,49.16666,-123.13627,3.0,0
Green Bean Café,Richmond,49.1947594,-123.1762466,1.6,0
Steveston Harbour Cafe,Richmond,49.11922535111521,-123.16411152106947,5.0,1
Bread Garden Urban Cafe,Richmond,49.1945454,-123.1747399,3.0,0
Waves Coffee House,Richmond,49.1241798712256,-123.182890052597,3.0,0
Good Day Cafe,Richmond,49.123733380901044,-123.18364765582098,3.0,0
The Original Beanery,Vancouver,49.26370075470969,-123.23932143466445,3.8,0
Dspot Dessert Cafe,Richmond,49.13252607019409,-123.09275220762657,4.0,1
Carry Coffee,Richmond,49.1843898,-123.1363452,3.0,0
Danoo Cafe,Vancouver,49.2636908,-123.2081455,3.6,0
Bean & Beyond Cafe,Richmond,49.1249334289311,-123.181072287261,3.0,0
Bambada,Coquitlam,49.2775627,-122.8068851,4.6,1
Kook's Cooks,Coquitlam,49.24878,-122.83612,4.4,1
Gigi’s,Coquitlam,49.27396778962247,-122.7964144,4.0,1
Ma Now Thai Kitchen,Coquitlam,49.28225,-122.79859185474892,4.3,1
HAAN Korean,Coquitlam,49.27459,-122.79247,3.8,0
Memory Corner,Coquitlam,49.245147,-122.892226,3.8,0
Tsuki,Coquitlam,49.26263310454177,-122.83911564391255,5.0,1
The Coquitlam Grill,Coquitlam,49.27856376513119,-122.81436106069665,3.9,0
Singapore Hawker,Coquitlam,49.2836123,-122.7982817,4.0,1
Shio Japanese Kitchen,Coquitlam,49.282376,-122.7964,4.1,1
Hansol Korean,Coquitlam,49.2833333,-122.8095431,4.6,1
The Golden Boot,Coquitlam,49.249515,-122.8658428,3.9,0
Pasargad,Coquitlam,49.2785348,-122.8188282,4.3,1
Giancarlo Italian Deli,Coquitlam,49.24927,-122.86102,3.9,0
Lazzez's Grill Indian Cuisine,Coquitlam,49.27743,-122.80492,4.3,1
Makchang Dodook,Coquitlam,49.2486594,-122.8587548,5.0,1
Lee Garden Seafood,Coquitlam,49.27990520310704,-122.79285998404173,4.2,1
Woody's On Brunette,Coquitlam,49.23757,-122.87021,3.5,0
Cactus Club Cafe,Coquitlam,49.23306607674114,-122.85075084472223,4.0,1
Jimoco Cafe & Pasta,Coquitlam,49.248787,-122.863927,3.9,0
The Keg Steakhouse + Bar,Coquitlam,49.27798957201443,-122.79372942511934,3.8,0
Nice Meating You BBQ,Coquitlam,49.26101,-122.89124,3.8,0
Ramengers Feat. Smoking pig,Coquitlam,49.2386215122336,-122.86375656724,3.9,0
Pho Holiday,Coquitlam,49.24880778894382,-122.8631980544926,4.1,1
OZ Korean Cuisine,Coquitlam,49.282471094178,-122.793583392269,4.0,1
Hakone Sushi Bar,Coquitlam,49.28224,-122.79587,4.2,1
Austin Heights Pizza,Coquitlam,49.24868,-122.86022,4.2,1
Vesuvio Pizzeria,Coquitlam,49.2836918987524,-122.80991088599,4.5,1
Ding Hao Noodle House,Coquitlam,49.278788895755625,-122.8070915324994,3.9,0
GoGo Chicken & BBQ,Coquitlam,49.282972,-122.796674,4.4,1
A&W,Coquitlam,49.26256,-122.83835104,3.2,0
Urban Gate,Coquitlam,49.28222,-122.7962049,3.1,0
Beanery Coffeehouse & Eatery,Coquitlam,49.3004890916425,-122.820143082062,4.5,1
Gordon Ramsay Burger,Coquitlam,49.227207,-122.837006,3.2,0
Kang’s Kitchen,Coquitlam,49.2439399,-122.8901613,4.2,1
Thai Chef,Burnaby,49.25411106371749,-122.89388632944177,4.0,1
Vesta Grill,Coquitlam,49.2774881,-122.7930624,4.3,1
Zhous Chinese Restaurant,Coquitlam,49.2626492660541,-122.839037613753,3.3,0
Happy Lamb Hot Pot,Coquitlam,49.28083,-122.79272,3.3,0
Chada Thai Fine Cuisine,Coquitlam,49.27777943404405,-122.794719444731,3.5,0
Ta Bom Korean Cuisine,Coquitlam,49.2486992,-122.8639442,3.7,0
Kosoo,Coquitlam,49.27876990755266,-122.79021307826042,3.4,0
Doppio Zero Pizza,Coquitlam,49.2635549,-122.847654,3.6,0
Cactus Club Cafe,Coquitlam,49.27983956123317,-122.79807752330963,3.5,0
Myung-Ga Mandu,Coquitlam,49.243906813641836,-122.89083114284756,3.9,0
Pizza Town & Indian Grill,Coquitlam,49.24993,-122.86431,3.9,0
Plateau Pizza,Coquitlam,49.29645485179912,-122.8035690031019,4.1,1
Big Way,Coquitlam,49.2798231361267,-122.7997276,4.2,1
Honjin Ramen,Coquitlam,49.2372447982538,-122.852997556329,3.8,0
Rogues Bar &  Grill,Coquitlam,49.3062789878786,-122.78926089406,3.9,0
Pizza One,Coquitlam,49.262742,-122.838984,3.3,0
Dookbaeki,Coquitlam,49.27759292246516,-122.79138553887606,4.4,1
Hee Rae Deung,Coquitlam,49.2475518179184,-122.891984134912,4.0,1
Pop's Pizza & Pasta,Coquitlam,49.23701,-122.87142,3.5,0
Pho Super Bowl,Coquitlam,49.261720508586464,-122.89092417221093,4.2,1
Pho Phu Thinh Restaurant,Coquitlam,49.2819779946262,-122.801139803735,3.9,0
Nonna’s Coquitlam,Coquitlam,49.23696,-122.87036,3.5,0
Delicious Pho,Coquitlam,49.282380380315,-122.798885696643,3.7,0
Aria Afghan Grill,Coquitlam,49.236929,-122.871916,4.4,1
C Market Coffee,Coquitlam,49.2338639121429,-122.85304601602519,4.0,1
Sushi Boss,Coquitlam,49.2986583,-122.7872987,4.0,1
Me-n-Ed's Pizza Parlors,Coquitlam,49.24927,-122.86047,4.2,1
Crispy Falafel,Coquitlam,49.2352018438231,-122.855761778291,3.7,0
Pho 99,Coquitlam,49.27606,-122.7958,3.2,0
Maruhachi Ra-men,Coquitlam,49.28335,-122.7933949,3.9,0
Bbong,Coquitlam,49.243302112406,-122.891211349691,3.6,0
Fatburger,Coquitlam,49.23409,-122.86301,3.4,0
Browns Socialhouse Town Centre,Coquitlam,49.28247671487007,-122.7984179134894,3.4,0
House of Tofu Soup,Burnaby,49.2432776889176,-122.893122291784,3.6,0
Kim's BBQ House,Coquitlam,49.23711399221517,-122.8531926,4.5,1
Jimmy's Place,Coquitlam,49.2471019412282,-122.890613009564,4.0,1
I Love KBBQ,Coquitlam,49.2488313,-122.86387866172522,5.0,1
Bubble World,Coquitlam,49.2790792849535,-122.794279898607,2.7,0
Hwa Won,Coquitlam,49.23363,-122.85335,5.0,1
Austin Fish House,Coquitlam,49.24928,-122.86076,3.6,0
Nonhyun Chicken Hot Pot,Coquitlam,49.2435186165261,-122.890372127295,3.3,0
Narita Sushi,Coquitlam,49.23363,-122.85335,3.8,0
Dim Sum World,Coquitlam,49.28083,-122.79272,3.8,0
Nagano Japanese Restaurant,Coquitlam,49.2819484741704,-122.799879881647,3.6,0
South Castle Korean Restaurant,Coquitlam,49.2487155457237,-122.859535957053,4.1,1
Matoi Sushi,Coquitlam,49.274538,-122.791584,3.5,0
Sushi Karis,Coquitlam,49.2493462644793,-122.86582890898,4.3,1
La Ruota Pizzeria,Coquitlam,49.282258,-122.796297,3.5,0
Shin Ya Shanghai Cuisine,Coquitlam,49.28083,-122.79272,4.0,1
Shiok,Burnaby,49.25176337245633,-122.8961267,4.5,1
Bukjang Korean Restaurant,Coquitlam,49.2451096,-122.8924103,3.9,0
Mega Sushi,Coquitlam,49.24858070525632,-122.81784885439474,3.9,0
Milestones,Coquitlam,49.2784,-122.80925,3.2,0
Chuan Chili House,Coquitlam,49.28224556461602,-122.79592465596285,4.6,1
Soup Plus,Coquitlam,49.24868,-122.86186,3.8,0
Mercado Mexican Market & Taqueria - by Original's,Coquitlam,49.2786,-122.819064,3.7,0
North Garden Restaurant,Coquitlam,49.261465,-122.888345,3.2,0
Xpress Donair House,Coquitlam,49.2825351,-122.7966402,4.3,1
PappaRoti,Coquitlam,49.2840263,-122.793144,4.1,1
Sushi California,Coquitlam,49.2493323318395,-122.892389360117,3.4,0
Cora,Coquitlam,49.274923,-122.791039,3.7,0
Neptune Seafood Restaurant,Coquitlam,49.2772716,-122.8004566,3.5,0
Pho & Japolo,Burnaby,49.253645,-122.892575,3.7,0
Don Chepe's Restaurant,Coquitlam,49.2365844,-122.8530121,3.3,0
Milaap Indian Kitchen,Coquitlam,49.28330247934861,-122.81049934213395,4.0,1
MR MIKES,Coquitlam,49.27726890000161,-122.79442574110845,3.3,0
Tong's Gourmet House,Coquitlam,49.2800129185451,-122.792744748294,4.0,1
Jasmine Cafe Chinese Restaurant,Coquitlam,49.2493694,-122.8678328,3.3,0
Yewon Korean Restaurant,Coquitlam,49.2446349,-122.8922024,3.8,0
Great Canadian Casino Vancouver,Coquitlam,49.2276116,-122.8378131,2.5,0
Bukchigo Jangguchigo,Coquitlam,49.2448065004847,-122.891679704792,4.0,1
Melody Market And Sushi,Coquitlam,49.24084311889563,-122.85300649997036,4.4,1
Sinjeon,Coquitlam,49.24396973613672,-122.89084557650504,4.7,1
Lucky Gate Chinese Restaurant,Coquitlam,49.24926,-122.85909,2.9,0
Manlijangseong,Coquitlam,49.2821912,-122.7999819,4.8,1
Yoko Sushi ,Coquitlam,49.2492979663881,-122.867572732974,3.7,0
John B Neighbourhood Pub,Coquitlam,49.24869,-122.86724,3.6,0
Hangang Korean Restaurant,Coquitlam,49.24868041062316,-122.85874128895493,4.1,1
Pasta Polo,Coquitlam,49.277518823721,-122.80783903308,3.1,0
Sushi Tree,Coquitlam,49.28064321231323,-122.79281080583213,4.4,1
Kuai Wei Jia,Coquitlam,49.2798956,-122.7928573,4.3,1
Fairways Grill & Patio,Coquitlam,49.30578,-122.80557,3.1,0
Sushi Koo,Coquitlam,49.2825351,-122.7966402,3.5,0
Browns Socialhouse,Coquitlam,49.23414737932616,-122.85781717235979,3.6,0
Xiang Yuan Qiao,Coquitlam,49.2785944880292,-122.792303189635,3.8,0
Jamila's Kitchen & Grill,Coquitlam,49.2782526718203,-122.811236373515,3.7,0
DONI,Coquitlam,49.28009000000029,-122.79263067062894,4.5,1
Koreana Restaurant,Coquitlam,49.2493709222092,-122.86761,4.1,1
Yeun Kyung,Burnaby,49.24508385858607,-122.89320889860392,3.9,0
Obanhmi,Coquitlam,49.25146979467957,-122.89236869663002,4.5,1
Secret Garden Korean Fusion Buffet & Grill,Burnaby,49.25268330907403,-122.89816191460869,3.6,0
Insadong Korean Restaurant,Coquitlam,49.2457360677118,-122.891493104171,3.5,0
Woking Dragon,Coquitlam,49.2838747027523,-122.810149566042,3.5,0
M Cafe,Coquitlam,49.278244999020686,-122.80725787060277,2.9,0
Ibex Cafe And Kitchen,Coquitlam,49.29492858174979,-122.74078297452256,3.9,0
Praguery,Coquitlam,49.28561589405232,-122.79052472086718,3.8,0
Cafe Ciel,Coquitlam,49.28159676519096,-122.79592463186039,3.5,0
Waves Coffee House,Coquitlam,49.2784614,-122.7985418,3.0,0
JJ Cafe Korean Snack Bar,Coquitlam,49.271577,-122.792133,0.0,0
Bubble Waffle Cafe,Vancouver,49.21864286799033,-123.0400156144884,1.0,0
Cafe 1892,Vancouver,49.26983439069651,-123.02615232059863,0.0,0
High Bid Café,Richmond,49.1634827,-123.0244064,1.0,0
Noor's Cafe Original,Burnaby,49.2545851,-123.0219998,0.0,0
Elements Cafe,Burnaby,49.2640726,-123.0197851,2.5,0
