store_name,city,latitude,longitude,review_count,price_level,primary_category,target_rating,target_is_successful,median_income,pop_density_sqkm,pct_age_20_39
Singapore Hawker,Coquitlam,49.2836123,-122.7982817,147,2,Singaporean,4.0,1,36650.0,5892.83,27.75
Bubble Waffle,Richmond,49.183871723875754,-123.13376631702836,116,1,Chinese,3.4,0,30866.67,2403.59,49.47
Trattoria by Italian Kitchen,Burnaby,49.23020501851105,-123.0039327,407,2,Italian,3.2,0,33788.89,11655.46,39.43
Wo Fung Noodle Express,Richmond,49.16431799999999,-123.1352578,65,1,Chicken Wings,3.8,0,31729.03,11872.85,29.12
Landmark Hotpot House,Vancouver,49.2498660758194,-123.11556053834,130,3,Chinese,3.9,0,51336.0,5343.97,33.1
Shanghai River,Richmond,49.17074,-123.13848,884,3,Chinese,3.9,0,29705.88,8964.1,36.65
Night Owl Cafe,Richmond,49.18407,-123.12846,14,2,Cafes,2.9,0,32250.0,4056.41,43.68
Burger Crush,Vancouver,49.27977707759172,-123.12350184856516,87,2,Burgers,4.3,1,48797.18,23263.66,48.41
Laughing Bean Coffee Company,Vancouver,49.281419607212,-123.049625348003,66,1,Coffee & Tea,3.5,0,40680.0,6474.1,34.5
Mek's Delight,Surrey,49.1912982626951,-122.808646894991,57,2,Thai,3.9,0,35144.44,7142.91,29.61
Kami Sushi,Surrey,49.04206,-122.77977,48,2,Japanese,4.1,1,40360.0,2808.23,26.9
Gotham Steakhouse & Bar,Vancouver,49.28290359590047,-123.115883832301,477,4,Steakhouses,4.1,1,48162.79,14343.81,51.37
Liquids And Solids,Vancouver,49.28135,-123.08461,24,1,Cafes,3.6,0,33389.47,3939.03,31.09
Breka Bakery & Café,Vancouver,49.24383730986246,-123.10114614665508,68,2,Bakeries,3.9,0,47051.85,4312.25,30.54
Tap & Barrel - Convention Centre,Vancouver,49.289845529586,-123.116857235515,390,2,Comfort Food,3.8,0,44895.24,12146.31,45.88
Burnaby Palace Restaurant,Burnaby,49.25629080307701,-123.0231239309792,145,2,Chinese,3.4,0,37235.29,2714.87,28.98
Taf's Café,Vancouver,49.2810768,-123.1202897,58,1,Cafes,2.4,0,47913.24,19614.69,50.19
Second Cup,Vancouver,49.2450981314324,-123.12436663912466,9,1,Cafes,3.0,0,49125.0,3076.33,32.8
Captain Wa,Richmond,49.1698185,-123.1330757,19,1,Chinese,3.8,0,30231.58,9843.9,36.09
Dinesty Dumpling House,Richmond,49.17337272804199,-123.14636050013584,102,2,Dim Sum,3.8,0,29600.0,5868.75,39.61
Waves Coffee House,Surrey,49.19847,-122.851331,14,1,Coffee & Tea,3.5,0,34866.67,5558.69,43.55
St Lawrence Restaurant,Vancouver,49.2832584031253,-123.097993419888,196,3,French,4.4,1,37579.31,8625.43,38.62
Continental Coffee House,Vancouver,49.2472882191904,-123.101281828922,61,1,Cafes,4.0,1,48990.62,6065.56,31.94
Dragon Village Restaurant,Surrey,49.10558,-122.73478,27,1,Chinese,4.3,1,41200.0,2752.94,28.74
TurF,Vancouver,49.2682200041763,-123.151621297002,66,2,Cafes,3.8,0,55439.58,9783.32,41.05
Pak Punjab Sweet & Samosas House,Surrey,49.17733,-122.86766,25,1,Pakistani,4.0,1,32314.29,5059.33,36.25
Maruhachi Ra-Men,Vancouver,49.27854065320407,-123.1157914,282,2,Ramen,4.1,1,50206.12,18095.77,50.6
Dublin Crossing Irish Pub,Surrey,49.12426199999999,-122.702092,92,2,Irish,3.4,0,48225.0,4937.76,28.16
Cha Don,Richmond,49.18085294842844,-123.1350690443588,27,2,Hong Kong Style Cafe,4.3,1,29750.0,4620.35,43.33
Happy Lamb Hot Pot,Burnaby,49.2280567,-122.9973696,173,2,Hot Pot,3.4,0,32884.85,10455.46,42.51
Pho Holiday,Coquitlam,49.24880778894382,-122.8631980544926,53,1,Vietnamese,4.1,1,39450.0,3810.34,27.79
Chongqing,Burnaby,49.22671131459038,-122.99363543518692,106,2,Chinese,3.4,0,32141.67,9633.84,42.42
Mean Poutine,Vancouver,49.2794438014385,-123.123368918896,309,1,Hot Dogs,3.9,0,48877.14,23249.57,48.36
The Keg Steakhouse + Bar,Surrey,49.14734458968876,-122.88976,56,3,Steakhouses,3.8,0,33730.0,6426.82,32.57
Tom Sushi,Vancouver,49.2815608,-123.1327476,392,2,Sushi Bars,4.7,1,46325.64,25058.72,49.04
Katsu San,Richmond,49.169982779066,-123.181773349643,180,2,Japanese,4.5,1,34033.33,2769.24,23.14
Waves Coffee House,New Westminster,49.2021378,-122.9101707,45,1,Coffee & Tea,3.1,0,45472.73,11770.84,40.94
YL's Curry Bowl,Surrey,49.18444,-122.79879,33,1,Malaysian,4.0,1,36390.91,5654.79,27.35
Bodega On Main,Vancouver,49.27548853708847,-123.09968391901442,246,2,Spanish,3.8,0,40803.57,12065.71,46.37
Earls Kitchen + Bar,Vancouver,49.285968141691775,-123.12656576441812,246,2,Canadian (New),3.8,0,45286.96,21868.16,48.38
Burger Heaven,New Westminster,49.20138,-122.91604,185,2,Burgers,3.6,0,44017.39,13388.14,40.6
Happy Lamb Hot Pot,Coquitlam,49.28083,-122.79272,47,3,Hot Pot,3.3,0,36905.88,5750.39,28.53
Elisa,Vancouver,49.27597599917006,-123.12142339325408,291,4,Steakhouses,4.3,1,51384.91,21057.57,48.02
Bbong,Coquitlam,49.243302112406,-122.891211349691,54,2,Korean,3.6,0,37828.57,4496.36,36.55
Pho Chan,New Westminster,49.2228583293267,-122.914227216925,62,2,Vietnamese,3.8,0,43610.53,4251.95,25.1
Rodney's Oyster House,Vancouver,49.274326,-123.123131,909,2,Seafood,4.0,1,51653.06,20256.81,46.24
Kam Tou Seafood Restaurant,Richmond,49.185102,-123.129532,31,3,Seafood,4.0,1,31942.86,4077.83,44.86
The Keg Steakhouse + Bar,Coquitlam,49.27798957201443,-122.79372942511934,125,3,Steakhouses,3.8,0,36357.14,6786.72,29.28
Showshaa - The Modern Taproom,Surrey,49.05722,-122.80085,69,2,Tapas Bars,4.1,1,48311.11,3240.38,21.34
Catfe,Vancouver,49.28029,-123.10675,119,2,Cafes,3.5,0,42812.5,12649.65,47.28
Earls Kitchen + Bar,Surrey,49.186991576535846,-122.8006520421916,112,2,Canadian (New),3.1,0,36095.65,6804.97,28.82
Don Chepe's Restaurant,Coquitlam,49.2365844,-122.8530121,30,2,Salvadoran,3.3,0,41955.56,3320.68,27.13
The Old Spaghetti Factory,New Westminster,49.201925687134,-122.91260507829,174,2,Italian,3.5,0,45381.82,12053.81,40.88
Agora Cafe,Vancouver,49.28573972263773,-123.12224768834332,6,1,Cafes,4.2,1,45842.11,18080.44,49.22
Pho Tau Bay,Surrey,49.19805,-122.81226,67,1,Vietnamese,4.2,1,35141.18,5250.95,29.44
Dragon's Chop Suey House,Surrey,49.15719,-122.77781,44,2,Chinese,3.5,0,38037.5,5570.19,24.93
Sura Korean BBQ,Richmond,49.183364007189134,-123.13371992699436,265,2,Korean,3.7,0,30700.0,3407.08,48.72
Pizzeria Ludica,New Westminster,49.2040696455815,-122.909304314068,49,2,Pizza,3.5,0,45424.0,10681.43,40.37
West Village Cafe,Surrey,49.1047524116854,-122.799629199329,45,2,Sandwiches,3.6,0,46866.67,2709.17,28.18
Ikoi Sushi,New Westminster,49.23018,-122.89239,75,2,Japanese,4.4,1,47485.71,2842.66,32.88
Green Bean Café,Richmond,49.1947594,-123.1762466,32,2,Coffee & Tea,1.6,0,48000.0,45.6,23.81
Taqueria Playa Tropical,New Westminster,49.2097840906051,-122.91639733055,432,2,Mexican,3.7,0,43569.23,8675.43,36.77
The Story Cafe,Richmond,49.19359319408656,-123.1279178,259,2,Pizza,4.1,1,32350.0,3079.27,44.64
The Patty Shop,Vancouver,49.250721434013,-123.167994263811,124,1,Caribbean,4.4,1,40913.04,3642.45,24.07
Woking Dragon,Coquitlam,49.2838747027523,-122.810149566042,74,2,Chinese,3.5,0,40077.78,4908.32,27.2
Matchstick Coffee,Vancouver,49.257302653286,-123.090361582581,224,1,Cafes,3.9,0,46328.57,9001.95,42.61
Me-n-Ed's Pizza Parlors,Coquitlam,49.24927,-122.86047,59,2,Pizza,4.2,1,39811.76,3574.64,27.37
McDonald's,Richmond,49.161632939461,-123.13589096593,47,1,Fast Food,2.6,0,31935.29,10234.43,26.95
Hi Five,Burnaby,49.23062773,-122.9063846,30,2,Fast Food,3.4,0,45244.44,3714.17,26.28
Bubble World,New Westminster,49.2048187,-122.9100876,65,1,Bubble Tea,3.3,0,45157.14,10938.65,40.22
Mr. Black Restaurant,Richmond,49.18408,-123.13404,24,2,Japanese,3.5,0,30866.67,2403.59,49.47
Happy Noodle House,Vancouver,49.27664,-123.12578,237,2,Dim Sum,4.6,1,49743.33,22818.21,47.47
Lee Garden Seafood Restaurant,Burnaby,49.2199018142223,-122.970365929831,93,2,Dim Sum,3.4,0,36936.36,5314.99,33.49
The Paper Crane,Vancouver,49.2626112,-123.0922038,26,1,Cafes,4.0,1,46592.11,7801.87,46.88
Nuba in Gastown,Vancouver,49.2827625062516,-123.109646101134,839,3,Mediterranean,4.0,1,45337.93,11833.53,50.91
Italian Tomato Restaurant,Richmond,49.19188,-123.1303,224,2,Italian,3.4,0,31666.67,3529.54,47.86
Hello Kitty Cafe,Vancouver,49.28660343734038,-123.1281965598464,45,2,Themed Cafes,3.8,0,45256.34,21628.92,46.99
Steveston Cafe & Hotel,Richmond,49.125397,-123.186121,22,2,Cafes,3.5,0,44840.0,3696.93,16.66
Hello Nori ,Vancouver,49.28559747478766,-123.1261163,328,2,Japanese,4.5,1,45140.85,22129.21,48.26
Cardero's Restaurant & Marine Pub,Vancouver,49.2914561357511,-123.127575841549,777,3,Seafood,3.9,0,44679.07,22035.63,43.23
Enjoy Cafe 1 Plus1,Richmond,49.1708290571772,-123.13414408185102,67,2,Cafes,3.1,0,30044.44,9612.83,36.71
Yoko Sushi & Noodle House,Surrey,49.15737,-122.77828,28,1,Japanese,3.9,0,38037.5,5570.19,24.93
Victoria Sushi,New Westminster,49.213378,-122.89888,161,2,Japanese,4.0,1,49080.0,5420.69,33.61
Rocanini Coffee Roasters,Vancouver,49.27719779103568,-123.11522535767266,83,2,Coffee Roasteries,4.2,1,51655.56,20846.63,50.26
Railtown Cafe,Vancouver,49.2850022,-123.0955516,98,2,Cafes,4.1,1,34113.04,7189.79,35.21
The Chopped Leaf,New Westminster,49.2122867,-122.9190461,22,2,Salad,3.5,0,43211.76,6869.19,29.51
Cafe Algarve,Vancouver,49.2597049,-123.0700568,4,1,Portuguese,3.8,0,44087.18,6894.88,39.0
Dosanko,Vancouver,49.28278,-123.09194,114,2,Japanese,4.0,1,33908.33,6667.59,34.63
Ramen DANBO - Kitsilano,Vancouver,49.26828,-123.146431,562,2,Ramen,4.3,1,54858.33,9727.12,41.0
TAKO,Vancouver,49.278816,-123.1078822,235,1,Korean,4.0,1,45854.05,14772.88,47.73
Hansel Deli,Surrey,49.10792,-122.73477,16,1,Delis,4.4,1,41750.0,2164.4,28.58
The Viet Noodle Guy,Burnaby,49.26721987665755,-123.00572763320037,216,2,Vietnamese,4.1,1,42440.0,6719.06,47.4
YUAN’S HOT POT,Richmond,49.1831220296222,-123.133927292474,53,3,Hot Pot,4.2,1,30700.0,3407.08,48.72
Ukrainian Village,Vancouver,49.2914123,-123.1358196,186,2,Ukrainian,4.1,1,45414.81,26785.84,43.37
Green & Oak Malaysian Restaurant,Burnaby,49.28081,-123.02185,139,2,Malaysian,3.9,0,41555.56,4704.76,27.91
Nando's Peri-Peri,Richmond,49.17855951502775,-123.1217548,50,2,Portuguese,3.6,0,31500.0,5052.04,37.47
BIN 4 Burger Lounge,Burnaby,49.2641572,-123.022698,69,2,Burgers,4.0,1,35620.0,4635.55,40.89
Sprouts,Vancouver,49.267585874444904,-123.25039128042668,12,1,Vegetarian,4.4,1,30371.43,2411.22,43.21
Diamond Buffet,Surrey,49.11172,-122.72963,15,1,Buffets,2.4,0,41320.0,2513.71,27.28
Sushi Bar Kilala,Burnaby,49.2811517065771,-122.995635763696,85,2,Sushi Bars,4.3,1,39286.96,4257.38,27.79
Yuan's Garden Restaurant 隨園,Richmond,49.178968,-123.134826,170,2,Chinese,3.9,0,30520.0,5215.61,41.9
Kyabia Japanese Restaurant,Richmond,49.18769,-123.13128,73,2,Japanese,3.7,0,31150.0,2553.51,46.28
Ding Hao Noodle House,Coquitlam,49.278788895755625,-122.8070915324994,45,1,Taiwanese,3.9,0,37800.0,4998.69,28.89
New Sun Restaurant,Vancouver,49.2592643,-123.1152101,28,1,Chinese,3.5,0,55087.18,7800.14,39.17
Fanny Bay Oyster Bar & Shellfish Market,Vancouver,49.2787525,-123.1138689,979,3,Seafood,4.4,1,49876.74,17564.06,49.46
Sawasdee Thai Restaurant,Vancouver,49.24703,-123.1008,378,2,Thai,4.0,1,48990.62,6065.56,31.94
Mui Garden Restaurant,Richmond,49.17097613037639,-123.13941066161335,115,2,Malaysian,3.6,0,29462.5,7985.53,38.17
Waves Coffee House,Vancouver,49.263615784527,-123.128756644037,32,1,Coffee & Tea,3.3,0,54489.74,10911.86,40.42
Royal Oak,Surrey,49.16437,-122.79765,58,2,Pizza,3.4,0,35611.11,4049.31,29.04
Lazzez's Grill Indian Cuisine,Coquitlam,49.27743,-122.80492,189,2,Indian,4.3,1,38216.67,4481.77,29.77
Angus T,Vancouver,49.2762326068102,-123.119233623147,125,2,Cafes,4.3,1,51669.39,21134.36,48.2
Juillet Cafe,Burnaby,49.2448537809919,-122.89281354352,45,1,Cafes,3.9,0,37828.57,4496.36,36.55
The Mackenzie Room,Vancouver,49.2832349,-123.0948578,220,4,Canadian (New),4.5,1,35130.77,7868.87,35.62
OZ Korean Cuisine,Coquitlam,49.282471094178,-122.793583392269,116,2,Korean,4.0,1,36487.5,6181.9,28.59
Chop Steakhouse & Bar,Richmond,49.1890367,-123.1120171,33,3,Steakhouses,4.0,1,33883.33,3639.26,29.45
Taste of Zen,Richmond,49.13293,-123.12171,13,2,Vegetarian,4.1,1,34100.0,3622.41,22.62
Kimbap Cheonguk,Coquitlam,49.2446982,-122.8918313,144,1,Sushi Bars,4.4,1,37828.57,4496.36,36.55
Bluefin Sushi,New Westminster,49.22665044765496,-122.89299105765632,28,1,Sushi Bars,3.6,0,47507.69,2863.2,33.38
Royal Crown Pizza,New Westminster,49.2084010373217,-122.920245955181,31,1,Pizza,3.9,0,43156.76,9824.57,36.31
Kokoro Tokyo Mazesoba,Coquitlam,49.2508308,-122.8926851,80,2,Ramen,4.1,1,37112.5,6723.17,38.98
Six Acres,Vancouver,49.283363150344336,-123.1044223000027,324,2,Pubs,3.9,0,39384.62,10523.52,45.32
Ramen DANBO - Robson,Vancouver,49.2874959131639,-123.128934167326,764,2,Ramen,4.4,1,45588.41,21925.39,46.3
Provisions Kitsilano,Vancouver,49.268062,-123.157371,15,2,Cafes,4.0,1,53936.96,10192.59,41.99
The Greek By Anatoli,Vancouver,49.276285,-123.1197178,298,2,Greek,3.8,0,51415.69,21244.29,48.11
Little Minh's,Burnaby,49.1990675,-122.9799962,149,2,Vietnamese,4.3,1,42400.0,151.96,24.57
Lu Charcoal Grill,Richmond,49.1800883459181,-123.135372530006,21,1,Chinese,3.2,0,29750.0,4620.35,43.33
Kokoro Tokyo Mazesoba,Burnaby,49.228287011321385,-123.00315331667662,68,2,Ramen,4.0,1,33705.26,10982.18,39.28
Cora,Coquitlam,49.274923,-122.791039,160,2,Breakfast & Brunch,3.7,0,37600.0,5967.87,32.31
Green Leaf Cafe,Burnaby,49.2533051,-122.8982928,256,2,Sushi Bars,4.1,1,39388.89,5947.49,36.07
New Town Bakery & Restaurant,Vancouver,49.280153,-123.101201,483,1,Bakeries,3.8,0,38873.33,12027.22,42.26
John B Neighbourhood Pub,Coquitlam,49.24869,-122.86724,108,2,Pubs,3.6,0,39266.67,3143.01,27.04
Bubble World,Coquitlam,49.2790792849535,-122.794279898607,59,2,Taiwanese,2.7,0,36528.57,6861.28,29.3
Medina Cafe,Vancouver,49.2804429972571,-123.117036269849,2791,2,Breakfast & Brunch,4.2,1,48950.98,18255.76,50.62
Soup Plus,Coquitlam,49.24868,-122.86186,64,1,Soup,3.8,0,39025.0,4196.53,28.2
Happy Tree House BBQ,Richmond,49.1789476669097,-123.13367071167,95,2,Barbeque,3.2,0,30400.0,5367.22,41.04
Cioffi's Meat Market & Deli,Burnaby,49.280911944717026,-123.012598,92,2,Delis,3.7,0,40444.44,5389.34,27.92
Daddy's Grill,Richmond,49.1842679432228,-123.091404421526,168,2,Halal,4.4,1,35107.69,3147.72,26.24
Takenaka,Vancouver,49.2783093,-123.0755801,115,2,Japanese,4.3,1,44495.65,4715.68,37.01
Pho Newton,Surrey,49.1392040260342,-122.843214712932,29,2,Vietnamese,3.6,0,34428.57,3821.42,30.89
Tendon Kohaku,Burnaby,49.2278910406839,-123.00348046083376,49,2,Japanese,3.7,0,33621.62,11244.19,39.71
Grandt Kitchen,Surrey,49.189707024899,-122.846393287182,70,1,Filipino,3.9,0,35926.32,7277.06,45.56
PappaRoti,Coquitlam,49.2840263,-122.793144,49,2,Juice Bars & Smoothies,4.1,1,37155.56,5992.23,29.3
Daan Korean Cuisine,Richmond,49.1553651,-123.124776,83,2,Korean,4.0,1,32618.18,7584.14,25.74
Mongo Bongo,New Westminster,49.2135179,-122.9193884,88,2,Mongolian,3.9,0,42781.25,6773.7,28.82
Pho & Japolo,Burnaby,49.253645,-122.892575,35,2,Vietnamese,3.7,0,38136.84,7484.91,40.21
Papa Johns Pizza,New Westminster,49.21329659729184,-122.91968736842948,23,2,Pizza,3.1,0,42805.71,6858.32,28.93
Navraj Sweets & Restaurant,Surrey,49.1501801430419,-122.866437749758,24,2,Indian,4.4,1,30000.0,1695.75,34.56
Nobi Nobi,Richmond,49.133102,-123.098042,65,2,Japanese,4.5,1,37828.57,4089.25,25.57
Chili House Restaurant,Surrey,49.1144981,-122.6806335,91,2,Asian Fusion,4.3,1,46033.33,2661.51,31.9
Mega Sushi,Coquitlam,49.24858070525632,-122.81784885439474,87,2,Sushi Bars,3.9,0,47250.0,2559.59,20.91
Guu with Garlic,Vancouver,49.290249,-123.1338142,1115,2,Japanese,4.3,1,45147.54,24598.78,44.21
Joy's Taiwanese Kitchen,Richmond,49.1819171,-123.1363782,23,1,Taiwanese,3.9,0,29900.0,3402.03,46.29
The Canadian Brewhouse & Grill,Richmond,49.17762,-123.12371,171,2,Sports Bars,3.4,0,31280.0,5408.67,38.55
Gyu-Kaku Japanese BBQ,Vancouver,49.28031,-123.12467,425,2,Japanese,4.0,1,48620.78,23281.34,47.96
Sushi Modo,Burnaby,49.225836,-122.937422,121,2,Sushi Bars,4.3,1,37336.36,5264.4,29.36
Kozak Ukranian Eatery,New Westminster,49.2114757572234,-122.918422905028,153,1,Bakeries,4.4,1,43474.29,7168.23,30.17
Dominion Bar + Kitchen,Surrey,49.19024372736193,-122.848227414672,57,3,Canadian (New),3.7,0,35770.0,7038.85,45.23
Waves Coffee House,Coquitlam,49.2784614,-122.7985418,6,2,Coffee & Tea,3.0,0,36292.31,6123.08,30.58
Cactus Club Cafe,Vancouver,49.288953168131265,-123.1170999,1072,2,Canadian (New),4.2,1,45507.69,11268.16,46.63
Japadog,Richmond,49.17513197931976,-123.13605273665104,28,1,Hot Dogs,4.0,1,29133.33,6247.96,39.29
Re-Up BBQ,New Westminster,49.2000834965815,-122.911374465514,187,2,Barbeque,3.8,0,45623.53,13453.29,41.23
Urban Gate,Coquitlam,49.28222,-122.7962049,122,2,Persian/Iranian,3.1,0,35887.5,6061.08,28.36
JJ Bean Coffee Roasters,Vancouver,49.287471,-123.116865,39,1,Cafes,3.8,0,46193.1,12201.88,48.28
Fatburger,Coquitlam,49.23409,-122.86301,50,2,Burgers,3.4,0,42466.67,3017.17,28.21
Saigon Ivy,New Westminster,49.21207002304541,-122.91928025557236,48,2,Vietnamese,3.4,0,43522.22,6931.93,29.86
Sushi Bar Shu,Vancouver,49.2123904,-123.14068048650988,78,4,Sushi Bars,4.4,1,36321.43,5387.12,30.27
Aaron's Restaurant,Surrey,49.1062,-122.73329,27,3,Italian,3.2,0,41100.0,2812.39,28.68
Kirin Restaurant,New Westminster,49.1867640831858,-122.955329577009,153,2,Seafood,3.5,0,40666.67,2762.85,30.75
Desi Turka Indian Cuisine,Burnaby,49.220269,-122.929508,78,2,Indian,3.9,0,39200.0,5620.64,25.92
New Lakeview Seafood & Wunton,Burnaby,49.2204185639885,-122.930049553083,71,2,Seafood,3.3,0,39200.0,5620.64,25.92
Yin Ji Chang Fen,Richmond,49.17786599999999,-123.1294224,136,2,Cantonese,4.3,1,30600.0,5724.97,41.37
Chao Shou Wang,Burnaby,49.2290734,-123.0048795,44,1,Chinese,4.1,1,34248.65,8985.11,39.16
The Apron,Richmond,49.19085129402266,-123.13391892507546,48,3,Breakfast & Brunch,4.0,1,31500.0,3413.66,51.86
John 3:16 Malaysian Delights,Vancouver,49.26371,-123.12812,85,2,Malaysian,4.2,1,55361.54,10785.21,39.89
Marugame Udon,Vancouver,49.2801931,-123.11028743227573,102,2,Japanese,4.0,1,48120.0,13733.22,48.82
Just Waffles,Vancouver,49.28128196346295,-123.02744138985872,148,2,Breakfast & Brunch,4.5,1,40990.48,3543.92,28.77
Charisma Cafe & Dessert House,Vancouver,49.27998259460614,-123.1087145,59,1,Desserts,3.9,0,45367.57,13394.77,47.65
Motonobu Udon,Vancouver,49.2813968,-123.0280718,137,2,Japanese,4.2,1,41263.16,3530.19,29.17
Afghan Turkish Cuisine,Burnaby,49.2807738,-123.0028986,62,1,Afghan,4.0,1,38016.67,4816.52,27.28
Lee Gar Nei,Surrey,49.1856150038833,-122.799098426308,27,2,Korean,4.0,1,36390.48,5772.43,27.58
Balkan House,Burnaby,49.22219,-122.94393,71,2,Modern European,3.4,0,35641.38,6502.64,32.3
Caffe Mira,Vancouver,49.2568399,-123.10088,46,1,Cafes,4.2,1,50754.55,8463.47,42.64
Chili Pepper House,Vancouver,49.236254639793266,-123.04171146419895,174,2,Hakka,3.8,0,34656.41,8290.75,33.96
Pho Capital,Richmond,49.17432292272627,-123.1480213,127,1,Vietnamese,4.0,1,30666.67,5741.67,39.87
49th Parallel Coffee,Vancouver,49.2591330651218,-123.10088478104,534,1,Cafes,4.1,1,51388.1,8164.82,45.11
Round Table Pizza,Richmond,49.15436908349,-123.157198331033,26,2,Pizza,3.2,0,29666.67,4076.61,24.29
Pink Peppercorn Seafood House,Vancouver,49.2493583,-123.0739159,165,3,Seafood,4.4,1,39221.05,7081.01,33.79
Greens & Beans Deli,New Westminster,49.2229306,-122.8931559,46,1,Delis,4.3,1,47709.09,4128.88,32.82
GoGo Chicken & BBQ,Coquitlam,49.282972,-122.796674,20,2,Korean,4.4,1,35922.22,6054.92,28.07
Artigiano,Richmond,49.197903,-123.140842,16,1,Cafes,2.9,0,39333.33,6740.26,33.64
Sun Century Cafe,Richmond,49.18621,-123.13344,13,1,Chinese,3.9,0,30866.67,2403.59,49.47
Tommies Jerk,Surrey,49.10037,-122.72386,10,1,Caribbean,4.7,1,42000.0,777.25,24.13
Planet India,Surrey,49.13379,-122.83907,66,2,Indian,3.8,0,34612.5,4943.86,29.89
Wicked Cafe,Vancouver,49.26544874408263,-123.135842,137,2,Cafes,3.8,0,54719.51,10589.63,40.54
The One Restaurant,Burnaby,49.2211721,-122.9774371,266,2,Taiwanese,3.4,0,36294.74,5076.48,33.98
Kamini's Corner Cafe,New Westminster,49.21256260644152,-122.9363049723874,7,1,Cafes,4.4,1,39977.78,6816.18,28.79
Hokkaido Ramen Santouka,Vancouver,49.290236,-123.133811,1012,2,Ramen,4.2,1,45147.54,24598.78,44.21
Diamond Sweets Restaurant,Surrey,49.1585503,-122.7814484,35,1,Indian,3.4,0,37611.11,5424.27,25.28
Taste of Splendour,Burnaby,49.25518,-123.0087,9,1,Caterers,4.1,1,39800.0,1593.43,25.72
The Hide Out Cafe,New Westminster,49.2029257,-122.9108691,85,1,Coffee & Tea,4.2,1,45478.26,11258.13,40.57
Brewster's Sports Pub & Liquor store,Surrey,49.13690145,-122.84518586,41,2,Burgers,2.3,0,34885.71,3533.86,27.68
Belle's Cafe,Surrey,49.06049887855645,-122.83416005374684,11,1,Cafes,4.3,1,46933.33,960.58,16.65
Pho Tau Bay,Surrey,49.135731,-122.844616,67,1,Vietnamese,3.5,0,35366.67,3495.03,28.17
Peaked Pies,Burnaby,49.28077,-123.01351,53,2,Australian,4.1,1,41089.66,5204.71,27.68
Vegan Supply Surrey,Surrey,49.059709,-122.833843,6,2,Health Markets,4.3,1,46933.33,960.58,16.65
JOY Cafe,Vancouver,49.2098293,-123.1182943,53,2,Cafes,3.5,0,35190.48,4255.0,38.44
Chad Thai,Burnaby,49.2809351,-123.0160318,231,2,Thai,4.1,1,41379.31,5298.89,27.68
Ginger Indian Cuisine,Richmond,49.15413956143999,-123.1245297116645,74,2,Indian,3.7,0,32304.35,6825.57,24.71
La Grotta Del Formaggio,Vancouver,49.2688848,-123.0697849,230,1,Delis,4.3,1,44605.0,7141.66,37.33
Kanpeki Teppanyaki & Seafood Bar,Richmond,49.1787958,-123.1314609,14,3,Japanese,3.4,0,30875.0,5461.97,41.56
Honeybrew,Vancouver,49.27770339765184,-123.1269430835161,43,2,Bistros,4.1,1,49326.47,24027.21,47.8
Big Way Hot Pot,New Westminster,49.20104990676527,-122.91260437496535,16,2,Chinese,4.6,1,45340.0,12487.04,40.7
Anton's Pasta Bar,Burnaby,49.28072,-123.00984,557,2,Italian,3.5,0,39917.24,5180.7,26.93
Matoi Sushi,Coquitlam,49.274538,-122.791584,89,2,Japanese,3.5,0,37022.22,5757.08,32.58
Ash Street Bistro,Vancouver,49.233925,-123.118871,13,2,Bistros,4.2,1,36837.5,3449.61,32.65
L'Abattoir,Vancouver,49.2831869855333,-123.104450140894,621,3,French,4.2,1,39384.62,10523.52,45.32
Gateway Pizza & Curry,Surrey,49.1699399,-122.8125,46,2,Indian,3.4,0,35000.0,3405.57,30.51
The Morrissey Pub,Vancouver,49.2769058,-123.1268211,189,2,Pubs,3.7,0,49645.45,22946.89,47.37
Sura Korean Cuisine,Vancouver,49.2888601838143,-123.131742169312,482,2,Korean,4.1,1,45513.04,22528.33,44.49
Takara Sushi,Burnaby,49.2545851,-123.0220016,108,2,Sushi Bars,4.5,1,38320.0,2574.45,28.44
Browns Socialhouse QE Theatre,Vancouver,49.279919,-123.112788,85,2,Burgers,4.3,1,48625.64,14659.56,49.27
Sushi California,Coquitlam,49.2493323318395,-122.892389360117,351,2,Sushi Bars,3.4,0,37725.0,6448.87,38.82
The Spud Shack Fry,New Westminster,49.20095020309591,-122.91302027887068,213,2,Belgian,4.0,1,44968.42,13227.66,41.0
Agra Tandoori Restaurant,Burnaby,49.25443,-123.02066,205,2,Indian,3.9,0,38320.0,2574.45,28.44
Yianni's Greek Taverna,New Westminster,49.2124240808659,-122.919168452339,91,2,Greek,3.7,0,43211.76,6869.19,29.51
Thierry,Vancouver,49.2848818,-123.1228949,1042,2,Patisserie/Cake Shop,4.0,1,45468.75,19171.58,49.57
Zakkushi on Denman,Vancouver,49.291208,-123.136248,285,3,Japanese,4.2,1,45414.81,26785.84,43.37
Nana's Green Tea,Vancouver,49.267587,-123.1086543,214,2,Desserts,4.2,1,54575.0,10968.48,46.58
Breakfast Table,Vancouver,49.25855,-123.13856,295,2,Breakfast & Brunch,4.3,1,53861.11,8128.57,43.33
The Red Accordion,Vancouver,49.29025,-123.131768,148,2,Cocktail Bars,4.6,1,45387.1,22644.64,43.75
Koto Izakaya,Richmond,49.1785,-123.13362,85,2,Japanese,3.0,0,30400.0,5367.22,41.04
Waffleland Cafe,Vancouver,49.2834917,-123.1050237,58,2,Waffles,4.1,1,40148.15,10727.83,45.68
Village Sushi Bar,Richmond,49.1186027526855,-123.158828735352,64,1,Sushi Bars,4.4,1,46800.0,6499.02,18.31
Empire Seafood Restaurant,Richmond,49.170860309787,-123.1370628440032,250,2,Seafood,3.3,0,29900.0,8872.56,36.87
Pearl Hot Pot,Burnaby,49.2188387,-122.964481,103,2,Hot Pot,3.3,0,36730.77,6991.83,32.62
Axum Restaurant,Vancouver,49.2814936637038,-123.07779582314,82,2,Ethiopian,4.4,1,40988.89,3524.52,36.2
IT Char Burger,New Westminster,49.222413,-122.9122126,81,1,Burgers,4.5,1,45312.5,3656.72,23.77
Waves Coffee House,Richmond,49.1241798712256,-123.182890052597,49,1,Coffee & Tea,3.0,0,43733.33,3807.65,16.21
Seasons In the Park,Vancouver,49.2416705486198,-123.112535476685,599,3,Seafood,4.0,1,43920.0,3293.94,36.83
Main Choice Chinese Restaurant,Surrey,49.1338858,-122.8518572,66,2,Chinese,3.8,0,33569.23,3024.85,30.21
Kosoo,Vancouver,49.28494,-123.12592,176,2,Korean,4.3,1,45331.51,22831.24,49.03
Guildford Station Pub,Surrey,49.18759,-122.79506,115,2,Pubs,3.5,0,36990.0,4921.09,28.28
Han Lin Noodle House,New Westminster,49.210381277082135,-122.91715603819992,143,2,Chinese,3.5,0,43654.05,7978.02,34.15
Commercial Street Cafe,Vancouver,49.2526261,-123.0681265,75,2,Cafes,3.5,0,39945.45,6613.93,36.01
The Dolar Shop - Richmond,Richmond,49.1752620984987,-123.134143498425,253,3,Hot Pot,4.1,1,29490.91,6519.45,39.95
The Sandbar Seafood Restaurant,Vancouver,49.271502,-123.134151,845,3,Seafood,3.7,0,53185.37,13765.48,41.32
Hanaya Japanese Restaurant,Surrey,49.05326,-122.80091,73,2,Japanese,4.0,1,44825.0,2830.48,22.12
White Lotus Cafe,Burnaby,49.2656111504516,-122.97883607144,98,2,Vietnamese,4.5,1,39566.67,3498.82,28.95
Excellent Ice,Surrey,49.1016051,-122.8070208,8,4,Skating Rinks,3.3,0,46560.0,2979.6,28.08
New Amsterdam Café,Vancouver,49.283004,-123.110008,79,1,Cafes,3.9,0,46207.14,11679.35,51.18
Abyssinia Ethiopian Restaurant,Burnaby,49.2224351,-122.9437792,35,2,Ethiopian,3.9,0,36028.57,6393.02,32.68
East Cafe,Vancouver,49.2812767,-123.0563278,60,1,Coffee & Tea,4.3,1,41557.89,6837.83,35.47
Japanese Bistro Kamome,Vancouver,49.2371553,-123.0327306,51,2,Japanese,3.9,0,35156.52,9446.47,36.7
Mediterranean Donair House,New Westminster,49.215202,-122.9225917,18,1,Greek,3.8,0,41381.25,7339.84,27.75
Butchers Block BBQ,Burnaby,49.28129,-123.01453,143,2,Barbeque,3.8,0,41385.71,5259.68,27.72
CRAFT Beer Market False Creek,Vancouver,49.2705604,-123.1063494,557,2,Beer Bar,3.4,0,53735.0,13077.03,49.73
Conte Food Importers,Burnaby,49.1930765013523,-122.971642618571,12,2,Specialty Food,4.4,1,38800.0,679.8,22.38
L'Artista,Burnaby,49.281231129459975,-123.0188885,60,2,Italian,4.0,1,41911.11,4951.6,27.37
The Taco Factory,New Westminster,49.22904,-122.89241,39,2,Mexican,3.4,0,47507.69,2863.2,33.38
Kokoro Tokyo Mazesoba,Vancouver,49.2833927,-123.115078,518,2,Japanese,4.1,1,48435.0,14327.25,51.32
The Greek Corner,Surrey,49.1343307,-122.8452682,91,2,Greek,3.6,0,34833.33,3353.82,28.13
Banana Leaf,Vancouver,49.26302,-123.1225,351,2,Malaysian,3.7,0,55465.71,10228.27,39.65
Taverna Greka Restaurant,New Westminster,49.2049414,-122.9043168,166,2,Greek,4.1,1,45386.67,10691.55,47.19
Encore Suite,Vancouver,49.2776420028873,-123.109174971689,3,2,Sports Bars,4.3,1,49511.76,17934.25,49.78
Banh Mi Bar Restaurant,New Westminster,49.20279527932723,-122.91101334289716,133,1,Sandwiches,4.7,1,45478.26,11258.13,40.57
Grand Chinese Restaurant,Burnaby,49.266893,-123.004262,68,2,Chinese,4.0,1,42618.18,6874.09,46.95
Steveston Pizza Company,Richmond,49.1250589553541,-123.185554660698,320,2,Pizza,4.2,1,45527.27,3850.48,16.16
Chambar,Vancouver,49.2801460007961,-123.109925328073,1668,2,Belgian,4.2,1,48120.0,13733.22,48.82
Thai By Thai,Surrey,49.1698001,-122.8900551,107,2,Thai,4.1,1,34350.0,4321.08,32.51
Gyubee Japanese Grill,Richmond,49.1712466,-123.1351984,120,3,Japanese,4.3,1,29482.35,7175.94,36.75
D Original Sausage Haus,Richmond,49.1262632,-123.1825342,22,2,Delis,4.8,1,45000.0,4072.93,16.91
Calabash Bistro,Vancouver,49.281004479966,-123.104228199529,308,2,Caribbean,4.0,1,40006.45,10966.19,44.37
South Castle Korean Restaurant,Coquitlam,49.2487155457237,-122.859535957053,26,2,Korean,4.1,1,39311.11,3830.66,27.58
Sun Sui Wah Seafood Restaurant,Richmond,49.17807135336199,-123.13554115581708,462,2,Seafood,3.5,0,29514.29,5540.4,40.65
Roundel Cafe,Vancouver,49.28129402513607,-123.055357,175,2,Breakfast & Brunch,3.5,0,42000.0,6562.69,35.54
New Mandarin Seafood Restaurant,Vancouver,49.2430789410403,-123.062085096174,282,2,Dim Sum,4.1,1,34761.11,7531.35,33.7
Basant Sweet House,Surrey,49.1509914,-122.8677853,7,2,Restaurants,4.1,1,30200.0,1142.8,33.97
El Comal,Burnaby,49.247876818077,-122.940112248954,53,1,Mexican,3.9,0,42800.0,844.53,22.86
Big Way Hot Pot,Burnaby,49.2310987,-123.0083309711633,105,2,Hot Pot,4.0,1,34411.11,8326.47,37.23
JOEY Burrard,Vancouver,49.282606,-123.1231879,687,2,Canadian (New),4.1,1,46740.28,20371.01,50.19
Starbucks,Surrey,49.1043053,-122.7393799,4,1,Cafes,4.5,1,42057.14,2721.72,28.62
Safari Snack House And Grill,Burnaby,49.239118670642895,-122.96287338465577,45,2,African,3.9,0,44600.0,2071.61,28.33
Anh and Chi,Vancouver,49.2550314422938,-123.100882202153,796,3,Vietnamese,4.0,1,51346.34,8329.22,40.74
Linh Cafe,Vancouver,49.2746716,-123.12989802,366,2,Vietnamese,3.9,0,50539.29,21215.01,44.7
Ramen DANBO,Vancouver,49.23480431478797,-123.15913584083316,31,2,Ramen,4.4,1,41843.48,4513.72,24.43
Siam Le Bien,Burnaby,49.2813,-123.01068,106,2,Thai,4.3,1,40544.0,5347.52,26.59
Hee Rae Deung,Coquitlam,49.2475518179184,-122.891984134912,70,2,Korean,4.0,1,37257.14,5940.56,35.89
Cabizerra Bistro,Surrey,49.1987463,-122.8134292,12,1,Filipino,4.8,1,35141.18,5250.95,29.44
ChongQing Restaurant,Surrey,49.15272034339086,-122.88974194707586,64,2,Chinese,3.1,0,34600.0,6083.1,32.38
Breka Bakery & Cafe,Vancouver,49.2857242811844,-123.1271553452,395,1,Cafes,3.9,0,45197.33,22271.77,48.26
Shanghai Fortune Cuisine,Burnaby,49.22954179328731,-123.0046759319506,32,1,Chinese,3.9,0,33954.29,12329.57,39.62
Sal y Limon,Surrey,49.0469347453396,-122.77867790858,111,2,Mexican,3.8,0,42577.78,4505.6,24.13
Creme de la Crumb Bakeshop & Catering,Vancouver,49.2738565,-123.0775108,16,1,Bakeries,3.3,0,43614.81,5094.65,36.22
Sushi Heaven,New Westminster,49.2306827,-122.8929216,64,1,Sushi Bars,3.8,0,47485.71,2842.66,32.88
Vault Restaurant,Surrey,49.10711,-122.73478,173,2,Steakhouses,3.9,0,41200.0,2752.94,28.74
50's Burgers,Burnaby,49.22481,-122.94043,130,2,Burgers,3.6,0,36036.36,5838.79,30.11
Barcelos Flame Grilled Chicken,Burnaby,49.19813330438935,-122.97878590283268,49,2,Portuguese,3.8,0,42400.0,151.96,24.57
Chan's Garden,New Westminster,49.2298584,-122.8930588,81,2,Chinese,3.7,0,47485.71,2842.66,32.88
Steve's Poké Bar,Surrey,49.18376,-122.80127,102,2,Hawaiian,4.5,1,36428.57,5919.43,27.62
Whole Food Market,Vancouver,49.2640495,-123.1150513,17,1,Coffee & Tea,3.9,0,55909.68,9895.18,42.86
Double Double Restaurant 老油条,Richmond,49.18038,-123.13547,193,2,Cantonese,3.4,0,29750.0,4620.35,43.33
Cafe 106,Burnaby,49.2237644468902,-122.988622382664,52,1,Coffee & Tea,4.3,1,33828.57,7022.97,41.54
Social Corner,Vancouver,49.2785831916346,-123.118480343303,335,3,Pizza,3.6,0,49698.15,20336.11,50.2
S2 Cafe House,Vancouver,49.2807503,-123.0853195,12,1,Cafes,3.8,0,33600.0,4230.74,31.81
Kiki's Restaurant,Surrey,49.03728,-122.80147,48,2,Mediterranean,3.8,0,39152.94,4433.64,15.86
Lido Restaurant,Richmond,49.18254316529722,-123.13415835841272,394,2,Hong Kong Style Cafe,3.6,0,30700.0,3407.08,48.72
Score on Davie,Vancouver,49.2823221457395,-123.134614739512,382,2,Sports Bars,4.3,1,45461.04,22773.07,48.79
Sabai Thai Restaurant,Surrey,49.1909867,-122.8065349,110,2,Thai,4.0,1,35350.0,7115.56,29.37
North Noodle House,New Westminster,49.200992,-122.913094,127,2,Chinese,3.9,0,44968.42,13227.66,41.0
Minami,Vancouver,49.2752733,-123.1207029,846,3,Japanese,4.1,1,51796.0,20869.79,47.75
Black Frog Eatery,Vancouver,49.284598,-123.108687,240,2,Pubs,3.8,0,43339.13,9906.17,48.62
Chen,Burnaby,49.28086095595619,-123.0091730738817,28,2,Vietnamese,4.1,1,39917.24,5180.7,26.93
Osteria Savio Volpe,Vancouver,49.2574913,-123.0909344,500,3,Italian,4.2,1,46455.77,9111.05,42.93
Thai New West,New Westminster,49.229001,-122.89251,95,2,Thai,3.8,0,47485.71,2842.66,32.88
Marulilu Cafe,Vancouver,49.26338,-123.11415,303,2,Cafes,4.0,1,56120.0,9816.14,42.82
Kojima Sushi,New Westminster,49.2106056213379,-122.917495727539,54,1,Sushi Bars,2.8,0,43427.03,7872.3,33.18
75 West Coast Grill,Richmond,49.170509,-123.140563,80,2,Lounges,3.8,0,29633.33,7928.77,37.0
Redbud Cafe,Richmond,49.1622807256808,-123.131702194383,35,2,Hong Kong Style Cafe,3.1,0,32077.42,11848.27,28.7
Lahori Sweets & Restaurant,Surrey,49.1484413,-122.8649063,49,2,Halal,4.0,1,29900.0,1815.89,34.93
Sapporo Kitchen,Surrey,49.03159912001535,-122.80144046744888,102,2,Japanese,3.9,0,41216.67,6358.39,14.01
Earls Kitchen + Bar,Vancouver,49.281536,-123.12368,334,2,Canadian (New),3.7,0,47422.37,23280.93,48.55
Saku,Vancouver,49.28923400821203,-123.13230361739016,525,2,Japanese,4.5,1,45545.45,22153.3,43.79
Dutch Anchor Restaurant,New Westminster,49.19446139999999,-122.9279768,56,2,Greek,3.3,0,48480.0,4484.7,31.15
Salmon n' Bannock,Vancouver,49.2631378,-123.1296705,270,2,Canadian (New),4.5,1,54507.5,10940.23,40.47
Maruhachi Ra-men,Vancouver,49.2905691,-123.1333951,809,2,Ramen,4.3,1,45147.54,23765.56,44.18
Oddfish,Vancouver,49.2708136,-123.1475237,108,3,Seafood,4.1,1,54839.47,8712.44,41.68
R & H Chinese Food,Richmond,49.17571487673434,-123.13191884109996,222,2,Food Court,4.0,1,29550.0,5670.48,39.41
Bamboo Grove,Richmond,49.163311,-123.13637,32,2,Seafood,3.4,0,31987.5,11456.1,28.24
Zhous Chinese Restaurant,Coquitlam,49.2626492660541,-122.839037613753,28,1,Chinese,3.3,0,45422.22,2021.37,20.45
Anny's Dairy Bar,New Westminster,49.214855,-122.922433,141,1,Canadian (New),4.2,1,41381.25,7339.84,27.75
European Breads,Vancouver,49.2463202,-123.0899976,26,1,Bakeries,3.7,0,44147.37,6678.9,30.92
Omega Pizza & Wings,Surrey,49.14043655771575,-122.8459367,35,1,Pizza,2.6,0,32690.91,3485.68,31.75
Tasty Donair,Surrey,49.133938,-122.842573,55,1,Donairs,4.3,1,35371.43,3494.2,28.85
The Dirty Apron Delicatessen,Vancouver,49.2805632,-123.1091772,74,2,Cafes,4.5,1,47288.24,13234.57,49.32
Hangang Korean Restaurant,Coquitlam,49.24868041062316,-122.85874128895492,12,2,Korean,4.1,1,39311.11,3830.66,27.58
Red Robin Gourmet Burgers and Brews,Surrey,49.18838300274452,-122.80139260276438,116,2,Burgers,3.6,0,35895.24,6986.41,28.96
Garden Cafe at VanDusen Garden,Vancouver,49.2383826,-123.1281484,54,2,Cafes,3.1,0,41246.15,2852.86,29.98
Crispy Falafel,Coquitlam,49.2352018438231,-122.855761778291,25,2,Falafel,3.7,0,42280.0,2925.93,28.22
La Forêt,Burnaby,49.2212819390063,-122.995836958493,590,2,Coffee & Tea,3.7,0,33271.43,8714.52,42.14
Browns Socialhouse Panorama,Surrey,49.10397,-122.798523,56,2,Pubs,3.3,0,47100.0,4730.17,27.24
Jam Cafe on Beatty,Vancouver,49.2802586,-123.1096376,1573,2,Breakfast & Brunch,4.4,1,48429.41,13454.61,48.95
The Flying Pig - Yaletown,Vancouver,49.27501,-123.122,1436,2,Canadian (New),4.0,1,51596.0,20042.06,46.94
Cactus Club Cafe,Burnaby,49.26671212,-123.01085799,176,2,Canadian (New),3.7,0,42150.0,6435.25,47.48
Crossroads Cafe,Vancouver,49.28288,-123.12191,2,1,Cafes,4.5,1,46825.76,20316.14,50.94
Parker Place Aberdeen Meat & B.B.Q,Richmond,49.1819617,-123.1364551,186,2,Meat Shops,4.2,1,29900.0,3402.03,46.29
C Market Coffee,Coquitlam,49.2338639121429,-122.8530460160252,104,2,Coffee Roasteries,4.0,1,42240.0,700.41,25.67
Sushi Mori,Surrey,49.0457580108793,-122.7973473,73,2,Japanese,3.4,0,39072.73,3339.77,18.5
Chopsticks On Pho,Surrey,49.1044634,-122.7986729,108,2,Vietnamese,3.8,0,47100.0,4730.17,27.24
The Taste of Africa,Surrey,49.196348,-122.845649,35,1,African,4.4,1,36675.0,5392.19,43.98
Red Dot Cafe,Richmond,49.1861496,-123.0807571,14,2,Cafes,3.7,0,34285.71,4352.54,25.19
Boston Pizza,Burnaby,49.2267071,-123.0039352,76,2,Pizza,2.5,0,33622.22,11232.38,39.76
No.1 Beef Noodle House,Burnaby,49.2425291,-123.004037333135,215,2,Taiwanese,3.4,0,38830.77,2617.73,27.29
Ole Ole Mexican Deli,New Westminster,49.21157,-122.93511,53,2,Mexican,3.5,0,39986.67,6841.06,29.8
Lunch Lady,Vancouver,49.27497,-123.06915,368,2,Vietnamese,4.2,1,45062.86,6833.43,36.64
Faubourg,Vancouver,49.2344771,-123.1574179,206,2,Bakeries,3.5,0,41700.0,4110.37,24.06
Tendon Kohaku,Vancouver,49.28107123873706,-123.12179426645872,216,2,Japanese,4.3,1,47770.42,21320.82,49.26
Pho Den,Burnaby,49.21985466539446,-122.970256331213,47,2,Vietnamese,3.9,0,36936.36,5314.99,33.49
Cafe Ami,Vancouver,49.260803,-123.123994,10,1,Cafes,3.6,0,53817.95,9712.11,40.89
Nordel Sushi,Surrey,49.1609149,-122.8885017,69,2,Japanese,3.3,0,34563.64,3792.44,31.75
Afghan Chopan Restaurant,Richmond,49.16996743188082,-123.13302061349331,72,2,Afghan,4.3,1,30231.58,9843.9,36.09
Super Stars Cafe,Richmond,49.17951542639547,-123.1350582,30,1,Cafes,3.1,0,29750.0,4620.35,43.33
Afghan Chopan Restaurant,Surrey,49.147471095003574,-122.86530131592922,113,2,Afghan,3.9,0,30028.57,1684.04,35.37
Sushi U,Burnaby,49.2654624429451,-122.978147623681,67,2,Japanese,4.5,1,39566.67,3498.82,28.95
LA Grill & Bistro,Richmond,49.1536432938359,-123.158798217773,103,1,American,3.3,0,29600.0,3920.29,24.19
Prado Cafe,Vancouver,49.2818961,-123.1074141,96,2,Cafes,3.9,0,42937.5,12267.04,47.81
Harvest Community Foods,Vancouver,49.277781,-123.0980624,76,2,Grocery,3.6,0,38103.45,9891.2,41.78
Caveman Cafe,Vancouver,49.280802324947445,-123.10703500282293,313,2,Organic Stores,4.4,1,42812.5,12649.65,47.28
Amelia Restaurant,New Westminster,49.20876,-122.93227,22,1,American,4.3,1,40554.84,6391.15,30.74
Gyu-Kaku Japanese BBQ,Richmond,49.1774949,-123.1372648,155,2,Japanese,3.7,0,29466.67,5393.95,41.45
Malaysian Hut,Surrey,49.1989290068985,-122.814328819513,47,1,Malaysian,4.0,1,35425.0,5108.61,29.8
Cactus Club Cafe,Burnaby,49.22775581945971,-123.00329214418927,173,2,Cocktail Bars,3.9,0,33473.68,10719.99,39.53
Their There,Vancouver,49.2679649501648,-123.151158941154,161,2,Breakfast & Brunch,4.2,1,55439.58,9783.32,41.05
Great Canadian Casino Vancouver,Coquitlam,49.2276116,-122.8378131,48,1,Casinos,2.5,0,43200.0,386.3,23.87
Fresh Sushi Roll,New Westminster,49.2133039,-122.9207809,11,1,Sushi Bars,2.8,0,42321.21,7765.07,28.96
Cuchillo,Vancouver,49.283262611469,-123.098110155039,314,2,Latin American,4.2,1,37579.31,8625.43,38.62
Fresh Donair,Vancouver,49.2792016361722,-123.12335201658,59,2,Donairs,4.7,1,48877.14,23774.53,48.39
Westcoast Poke,Richmond,49.13223459520562,-123.09558136751669,48,2,Hawaiian,3.9,0,37828.57,4089.25,25.57
Prabu Sweets,Surrey,49.13036,-122.86825,41,2,Desserts,3.9,0,30181.82,5994.8,35.86
The Dolar Shop - Station Square,Burnaby,49.2277884925998,-123.00316795158996,169,3,Hot Pot,4.3,1,33473.68,10719.99,39.53
España Restaurant,Vancouver,49.2880552,-123.1404114,269,2,Spanish,4.2,1,45482.76,24653.96,43.57
Skye Avenue Kitchen & Lounge,Surrey,49.1876994453086,-122.84848282640564,21,3,Canadian (New),4.1,1,35314.29,7314.44,44.8
To Live For Bakery,Vancouver,49.27121199258215,-123.0565958,65,2,Bakeries,4.6,1,42724.32,6058.1,31.87
Ki Cafe,Burnaby,49.2208272,-122.9884543,125,2,Desserts,3.9,0,34466.67,6205.02,40.29
Sushi Tree,Coquitlam,49.28064321231323,-122.79281080583212,42,1,Sushi Bars,4.4,1,36905.88,5750.39,28.53
Broyé Cafe & Bakery,Vancouver,49.22632,-123.09036,51,2,Bakeries,4.0,1,35315.15,6713.46,32.08
Seaport City Seafood Restaurant,Vancouver,49.263921119674905,-123.115152,116,3,Dim Sum,4.2,1,55909.68,9895.18,42.86
Uno Beef Noodle,Richmond,49.193218109957115,-123.12980856746434,129,2,Noodles,4.4,1,31666.67,3529.54,47.86
Sushi Jin,Vancouver,49.2795794102629,-123.123817518353,154,3,Japanese,4.6,1,48797.18,23263.66,48.41
Dynasty Seafood Restaurant,Vancouver,49.2635999,-123.12138,375,2,Dim Sum,3.6,0,55503.03,10655.59,39.25
John 3:16 Malaysian Delights,Richmond,49.1641317,-123.1362195,296,2,Malaysian,4.1,1,32036.36,11901.2,28.93
Birdies,Burnaby,49.2655537242762,-123.01959240000002,80,2,Salad,4.0,1,35860.0,4277.68,40.35
Finch's Market,Vancouver,49.2785699636665,-123.093410391164,47,2,Cafes,4.0,1,35550.0,6360.24,34.6
Miku,Vancouver,49.28691298612272,-123.11304877258942,2600,3,Japanese,4.4,1,45590.91,10902.6,48.6
Mango Mama Cafe,Richmond,49.18257822582507,-123.1341600423283,78,2,Desserts,2.1,0,30700.0,3407.08,48.72
Paradise Donair and Coffee Mania,New Westminster,49.2102203,-122.9331284,37,1,Cafes,3.4,0,40373.33,7381.89,30.8
Silver Tower Cafe Restaurant,Richmond,49.1781781,-123.1291034,131,1,Hong Kong Style Cafe,3.3,0,30763.64,5710.95,41.04
Park Crest Diner,Burnaby,49.26536,-122.97789,35,1,Cafes,3.8,0,39566.67,3498.82,28.95
Boston Pizza,New Westminster,49.200572324849,-122.918331664376,51,2,Pizza,2.3,0,44127.27,12205.78,40.26
Apna Chaat House,Surrey,49.138979,-122.889138,155,2,Indian,3.7,0,32663.64,5375.16,32.0
Atlas Steak + Fish,Burnaby,49.256747,-123.006931,189,3,Steakhouses,4.0,1,38457.14,1059.86,24.93
Nagano Japanese Restaurant,Coquitlam,49.2819484741704,-122.799879881647,148,2,Japanese,3.6,0,36185.71,6493.74,28.08
Mr Shawarma,Vancouver,49.28526,-123.12075,227,1,Middle Eastern,4.4,1,46052.0,17582.68,49.67
La La Island,Vancouver,49.26435443750349,-123.171443449561,12,2,Bakeries,4.6,1,49588.24,6490.37,36.63
Neptune Palace Seafood Restaurant,Surrey,49.18693877584426,-122.8461404527314,122,2,Dim Sum,3.1,0,35761.9,7598.55,44.49
Stefanos Restaurant,New Westminster,49.2054199,-122.90424,105,2,Greek,3.0,0,46200.0,10105.08,46.28
Pho Super Bowl,Coquitlam,49.261720508586464,-122.89092417221092,49,2,Vietnamese,4.2,1,39423.53,5388.09,39.96
The Meat Up,Burnaby,49.2254546362785,-122.98992646931154,62,3,Barbeque,4.1,1,32742.86,7153.16,41.13
Hart House Restaurant,Burnaby,49.23804,-122.96671,154,3,Seafood,3.6,0,43120.0,1371.52,27.41
Sahota's Live Grill,Surrey,49.1399565,-122.88953034710508,29,2,Indian,3.0,0,32670.0,5530.59,32.94
Bacchus Restaurant & Lounge,Vancouver,49.28229823003116,-123.12255606127432,231,3,Lounges,4.1,1,47168.92,21175.6,50.42
Denji Sushi,Surrey,49.1266,-122.70143,59,2,Sushi Bars,4.0,1,47882.35,4508.3,29.63
A&W,Surrey,49.1343815,-122.88677929,49,1,Fast Food,4.6,1,32129.41,5176.0,33.42
Samsoonie Noodle & Rice,Richmond,49.1707688466573,-123.133460687081,146,2,Korean,3.8,0,30044.44,9612.83,36.71
Leaf Tea,Surrey,49.031406,-122.800901,27,2,Cafes,4.4,1,41107.69,6167.51,13.94
X-Site Grill & Bistro,Burnaby,49.2811349,-122.9993576,173,1,Bars,3.8,0,38533.33,4488.77,27.64
Scarlet Tapas Lounge,Vancouver,49.2768837,-123.126335,6,2,Cafes,2.2,0,49603.17,25755.58,47.86
Pakwan,Surrey,49.1406884,-122.8611251,10,2,Indian,4.1,1,31177.78,2266.59,35.53
Chettinad Dosa Palace,Burnaby,49.23933,-122.96364,83,2,Indian,3.2,0,44600.0,2071.61,28.33
Anatolia's Gate Restaurant,Burnaby,49.2183151,-122.9579254,155,2,Halal,3.8,0,36696.3,9483.63,34.69
Milestones,Coquitlam,49.2784,-122.80925,93,2,Canadian (New),3.2,0,39430.77,4861.0,28.46
La Belle Patate,Vancouver,49.2820547306569,-123.133442922354,610,2,Poutineries,4.2,1,45473.08,24198.29,48.94
Pizza Garden,Burnaby,49.2252262,-123.0037541,44,2,Pizza,4.0,1,33366.67,11336.84,40.83
Fung May,Burnaby,49.2288939318384,-123.004783375498,30,1,Chinese,3.4,0,34248.65,8985.11,39.16
Browns Socialhouse Semiahmoo,Surrey,49.03143295501853,-122.80147612331338,40,2,Canadian (New),3.1,0,41392.0,6321.44,14.06
Angus T Bakery,Vancouver,49.20539421938929,-123.03085358154756,5,2,Bakeries,4.2,1,45400.0,4401.3,37.09
Thierry - Mount Pleasant,Vancouver,49.262040137647766,-123.09941897473132,55,2,Desserts,4.0,1,51134.21,8607.22,46.31
Bread Garden Urban Cafe,Richmond,49.1945454,-123.1747399,3,1,Cafes,3.0,0,48000.0,45.6,23.81
Galiano Cafe,Richmond,49.1806507736516,-123.170255156663,4,2,Airport Lounges,3.3,0,,,
Kook Korean BBQ,Vancouver,49.26894,-123.04565,212,3,Korean,4.2,1,35914.29,6069.4,30.06
Kozak Ukrainian Restaurant,Vancouver,49.28266968028282,-123.1045676752585,112,2,Ukrainian,4.6,1,40528.57,11038.37,44.97
Ramengers Feat. Smoking pig,Coquitlam,49.2386215122336,-122.86375656724,129,2,Korean,3.9,0,41400.0,3469.08,28.83
Shoestring Cafe,Richmond,49.17987407755384,-123.0695583361763,116,2,French,4.6,1,,,
Mount Everest Kitchen & Grill,Vancouver,49.28343057225757,-123.1142148824853,113,2,Indian,4.6,1,48284.21,13601.73,50.91
Seoul Grill House,Surrey,49.18662844935571,-122.80218576441264,142,2,Korean,3.4,0,36113.04,6494.28,28.84
Chef Tony,Richmond,49.1805103,-123.1363684,372,2,Dim Sum,3.7,0,29133.33,4046.08,45.82
Kaffina Coffee,Surrey,49.056098987177705,-122.80476269500356,47,2,Cafes,4.3,1,48000.0,3077.56,21.92
Old Xian's Food,Richmond,49.1852876,-123.1290331,57,2,Chinese,3.8,0,32250.0,4056.41,43.68
Le Marché St. George,Vancouver,49.2456344,-123.0941734,197,2,Cafes,4.1,1,45500.0,5641.75,30.57
Earls Kitchen + Bar,Burnaby,49.2279486,-123.0027748,131,2,Canadian (New),3.9,0,33473.68,10719.99,39.53
Excellent Tofu & Snacks,Richmond,49.18257600567325,-123.13418552693622,242,1,Desserts,4.2,1,30700.0,3407.08,48.72
Texx Big Burger,Surrey,49.189932,-122.841323,132,2,Burgers,4.1,1,36411.11,7507.07,45.21
Double East Cuisine,Richmond,49.183023,-123.135604,20,2,Seafood,2.8,0,30133.33,3351.64,49.73
Perfecto Cafe,Vancouver,49.276804,-123.125213,32,2,Cafes,4.1,1,49710.0,23872.97,47.91
International Food Fair,Vancouver,49.28533,-123.11718,12,2,Fast Food,3.8,0,46785.37,15446.68,50.47
Twinkle Cube Cafe,Richmond,49.1824873073973,-123.133310191333,16,1,Cafes,3.1,0,30700.0,3407.08,48.72
Freshslice Pizza,Richmond,49.16855,-123.13571927116394,10,1,Pizza,3.8,0,30000.0,10142.77,34.91
Crackle Creme,Vancouver,49.27776,-123.0981399,300,1,Desserts,4.3,1,38103.45,9891.2,41.78
Round Table Pizza,Richmond,49.15502603363286,-123.12585702070233,62,2,Pizza,3.0,0,32626.09,7421.96,25.63
ARC Restaurant,Vancouver,49.28733537787621,-123.11385049155078,225,3,Canadian (New),4.0,1,46400.0,11107.71,49.0
Hainan Kitchen,Richmond,49.1553651,-123.1238682,52,2,Singaporean,3.3,0,32654.55,7248.77,24.91
Royal Tandoori Indian Restaurant,New Westminster,49.20512,-122.90983,107,2,Indian,3.7,0,44830.77,10787.81,41.12
Waves Coffee House,Richmond,49.17090010978671,-123.13681390292656,36,1,Coffee & Tea,3.1,0,29900.0,8872.56,36.87
Cactus Club Cafe,Surrey,49.0604907475,-122.804682831,102,2,Canadian (New),4.0,1,50100.0,3338.72,25.36
Golden Pita Lebanese Restaurant,Burnaby,49.2531819933441,-122.897602039217,81,1,Mediterranean,4.2,1,39330.0,6122.74,36.79
Zaaki Cuisine,New Westminster,49.2131145,-122.9200483,71,1,Donairs,4.6,1,42805.71,6858.32,28.93
Talay Thai Restaurant,Vancouver,49.210809,-123.140764,105,2,Thai,3.9,0,36125.93,5228.14,29.76
Straight Outta Brooklyn NYC Pizzeria,Vancouver,49.2791165,-123.1166227,262,1,Pizza,4.1,1,49663.46,18380.5,50.45
Cactus Club Cafe,Burnaby,49.2020089718037,-122.981729507446,174,2,Canadian (New),3.7,0,41000.0,278.11,24.71
Kulinarya,Vancouver,49.2744901,-123.0693269,85,2,Filipino,4.0,1,45062.86,6833.43,36.64
Ricky's Café,Burnaby,49.265735924672,-123.00574472331364,35,2,Desserts,3.5,0,43350.0,6948.55,48.74
Aquarium Cafe,Vancouver,49.3012428,-123.1294403,7,1,Cafes,3.9,0,47600.0,281.8,35.75
El Inka Latin Deli,Burnaby,49.24941,-123.01912,64,2,Peruvian,4.4,1,37523.81,3196.32,28.43
Din Tai Fung 鼎泰豐,Vancouver,49.28562,-123.124798,356,3,Dim Sum,4.4,1,45241.79,19012.31,48.54
Fantastico Pizza 2001,Vancouver,49.284057261538024,-123.1136320546639,63,1,Pizza,4.1,1,48133.33,13099.21,51.62
MR MIKES,Coquitlam,49.27726890000161,-122.79442574110844,95,2,Steakhouses,3.3,0,36357.14,6786.72,29.28
Chào Mámi,Burnaby,49.2808832078838,-123.014717570458,213,2,Vietnamese,4.0,1,41385.71,5259.68,27.72
Canffle,Vancouver,49.2322894,-123.0268249,76,2,Waffles,4.2,1,35844.44,7305.27,36.32
Spice World Hotpot Restaurant,Richmond,49.1778510035881,-123.12732142157,25,2,Hot Pot,3.8,0,31555.56,5480.9,38.92
Nemesis Coffee,Vancouver,49.28281595985871,-123.11027107703038,421,2,Cafes,4.4,1,47059.26,11555.62,51.66
Cup Full Dessert Cafe,Coquitlam,49.28083,-122.79272,27,1,Desserts,3.7,0,36905.88,5750.39,28.53
El Santo,New Westminster,49.2022405,-122.9093807,282,2,Mexican,3.7,0,45640.0,11793.24,41.43
Tenen,Burnaby,49.21549,-122.98895,88,2,Barbeque,4.2,1,36470.0,4799.3,36.08
Hanwoori Korean Restaurant,Burnaby,49.22153,-122.9806,139,2,Korean,3.4,0,35370.0,5452.68,37.24
Manoush'eh,Vancouver,49.276653,-123.125728,275,1,Lebanese,4.8,1,49743.33,22818.21,47.47
Vesta Grill,Coquitlam,49.2774881,-122.7930624,22,2,Barbeque,4.3,1,36357.14,6786.72,29.28
Oceans 999,Vancouver,49.2881297,-123.1148699,48,3,Canadian (New),3.5,0,45740.0,9547.9,47.5
Kin Thai Kitchen & Bar,Surrey,49.0466759494366,-122.77521704598,49,2,Thai,3.5,0,43200.0,4139.23,27.12
The Fish Counter,Vancouver,49.250774041930285,-123.1012792,394,2,Fish & Chips,4.4,1,49648.72,6693.66,35.05
Frankie's Jazz Club,Vancouver,49.2781593,-123.11342570644008,65,2,Italian,3.9,0,51383.72,17542.82,50.38
Great Dane Coffee,Vancouver,49.2700488028238,-123.250755445288,74,1,Cafes,4.2,1,31440.0,2199.77,41.7
Sooda Korean BBQ,Burnaby,49.2680924,-123.0003773,152,2,Korean,4.1,1,41692.31,6649.43,46.58
Sweet Memory,Richmond,49.1795389,-123.1348249,107,2,Desserts,4.2,1,29750.0,4620.35,43.33
Angelina's,New Westminster,49.200022,-122.91173,403,2,Breakfast & Brunch,3.9,0,45266.67,13328.24,41.04
Neptune Wonton Noodle,Surrey,49.1865774185184,-122.84743837116434,24,2,Noodles,3.3,0,35290.91,7614.22,43.96
Cafe & Life Co,Richmond,49.16367265363718,-123.13465985287418,20,2,Breakfast & Brunch,4.3,1,32012.12,12091.87,29.0
Cactus Club Cafe,Coquitlam,49.23306607674114,-122.85075084472224,191,2,Canadian (New),4.0,1,42628.57,819.42,25.14
Chada Thai Fine Cuisine,Coquitlam,49.27777943404405,-122.794719444731,129,2,Thai,3.5,0,36357.14,6786.72,29.28
The Acorn,Vancouver,49.24958,-123.10143,506,2,Vegan,3.9,0,49358.33,6302.53,33.78
Fable Diner,Vancouver,49.2630749,-123.1019822,359,2,Diners,3.9,0,52830.3,10196.9,49.68
Moodswing Coffee And Bar,New Westminster,49.2022517,-122.9085935,106,2,Coffee & Tea,4.0,1,45640.0,11793.24,41.43
Bánh Mì Très Bon - Richmond,Richmond,49.177852,-123.120688,365,2,Vietnamese,3.8,0,32000.0,5079.18,37.02
Indian Wok,Burnaby,49.2248408,-122.9884673,99,2,Hakka,4.2,1,33826.09,6302.41,39.94
Sushi Yen,New Westminster,49.2038975160565,-122.908591367304,25,1,Sushi Bars,3.8,0,45781.82,10499.6,41.29
Burnaby Mountain Clubhouse,Burnaby,49.265138,-122.943048,62,2,Lounges,4.1,1,40654.55,2766.8,23.87
Showcase Restaurant & Bar,Vancouver,49.2879858,-123.1204414,145,2,Seafood,4.1,1,45356.1,15858.28,47.59
Uncle Lu,Richmond,49.18570262126169,-123.12860998281006,59,2,Taiwanese,3.1,0,32250.0,4056.41,43.68
Homer St. Cafe and Bar,Vancouver,49.27842589023651,-123.11812388962127,404,2,Canadian (New),3.8,0,50040.38,20563.08,50.16
The Gray Olive Cafeteria,Burnaby,49.2807699,-123.01164,246,2,Breakfast & Brunch,4.1,1,40544.0,5347.52,26.59
Liberty Kitchen,Surrey,49.0452889438938,-122.778361737728,40,2,Comfort Food,3.9,0,42577.78,4505.6,24.13
Five Sails Restaurant,Vancouver,49.2880313351364,-123.113292160758,245,4,French,4.4,1,45684.21,9656.4,46.68
Golden Samosa Bakery,Surrey,49.162635078126854,-122.88879025997797,31,1,Indian,4.1,1,34816.67,3835.78,31.73
CHAU Veggie Express,Vancouver,49.2726237,-123.1356235,41,2,Vietnamese,4.2,1,53797.62,13319.17,41.38
Sing Yee Chinese Restaurant,Richmond,49.1849605,-123.1282953,35,2,Seafood,3.5,0,32250.0,4056.41,43.68
Shanghai Dimsum House,Burnaby,49.2294464,-123.0044077,160,2,Dim Sum,4.0,1,33788.89,11655.46,39.43
Ask For Luigi,Vancouver,49.2844485,-123.0976786,591,2,Italian,4.1,1,36635.71,8493.28,37.58
The 515 bar,Vancouver,49.283842,-123.1144244,21,2,Beer Bar,4.7,1,47862.86,13497.99,51.69
Saffron Indian Cuisine,Burnaby,49.2311623,-123.0085405,263,2,Indian,3.8,0,34411.11,8326.47,37.23
Butter Baked Goods & Cafe,Vancouver,49.24213957138887,-123.1704097,108,2,Cafes,3.4,0,41824.0,3566.22,23.26
Sushi California - Surrey,Surrey,49.1893963,-122.7993351,144,2,Japanese,3.9,0,35863.64,6462.05,29.17
Khob Khun Thai Cuisine,Coquitlam,49.249218,-122.858859,134,2,Thai,4.3,1,39311.11,3830.66,27.58
Pizza One,Coquitlam,49.262742,-122.838984,19,2,Pizza,3.3,0,45422.22,2021.37,20.45
Sushi Farm,New Westminster,49.2118195905541,-122.924703396857,14,2,Japanese,4.1,1,41680.0,7965.98,30.02
Gordon Ramsay Steak,Richmond,49.19709365861781,-123.12741703210152,55,4,Steakhouses,3.7,0,36600.0,2368.64,48.51
Nīzu Cafe,Vancouver,49.28529078349641,-123.11634502209048,41,2,Cafes,4.1,1,47255.0,15754.82,50.77
La Taqueria Pinche Taco Shop,Vancouver,49.263617,-123.112593,711,2,Mexican,4.2,1,55803.57,9629.0,43.51
Ay Chihuahua,Surrey,49.0332999,-122.80094,47,2,Mexican,4.1,1,40533.33,6014.68,13.88
Trafiq Cafe & Bakery,Vancouver,49.2474862,-123.1011218,339,2,Cafes,4.4,1,48990.62,6065.56,31.94
MYST Asian Fusion,Burnaby,49.21936313246308,-122.9706842,269,2,Chinese,3.6,0,36843.48,5392.62,33.61
Doppio Zero Pizza,Coquitlam,49.2635549,-122.847654,63,2,Italian,3.6,0,45600.0,2070.32,20.32
The Village Barbeque,Surrey,49.17621,-122.88987,18,1,Barbeque,3.6,0,33847.62,4711.5,34.72
HAAN Korean,Coquitlam,49.27459,-122.79247,76,2,Korean,3.8,0,37022.22,5757.08,32.58
Aka Sushi,Surrey,49.11859,-122.71199,38,2,Sushi Bars,4.0,1,45771.43,4008.06,24.55
Earls Kitchen + Bar,Richmond,49.1762654,-123.1318797,166,2,Canadian (New),3.2,0,29923.08,6256.22,40.66
Rosie's Country Cafe,Surrey,49.056674380316,-122.80853109372926,28,2,Cafes,3.9,0,42400.0,1489.24,17.6
Peaches,Richmond,49.1781063932489,-123.127360152108,25,2,Cantonese,3.5,0,31555.56,5480.9,38.92
Kishimoto Japanese Kitchen,Vancouver,49.2665099,-123.06935,554,3,Japanese,4.4,1,43697.44,7228.75,37.78
Continental Seafood Restaurant,Richmond,49.18391,-123.09426,219,2,Seafood,3.7,0,34960.0,3004.8,25.89
Japadog,Vancouver,49.285942555161974,-123.1123797035985,34,1,Hot Dogs,4.1,1,46775.0,11012.77,50.05
Hakone Sushi Bar,Coquitlam,49.28224,-122.79587,45,2,Sushi Bars,4.2,1,35887.5,6061.08,28.36
Cactus Club Cafe,Vancouver,49.2633734327403,-123.117130327243,176,2,Canadian (New),3.8,0,56474.19,8686.31,38.34
OEB Breakfast Co. - Yaletown,Vancouver,49.273438,-123.119289,1034,2,Breakfast & Brunch,4.3,1,53163.83,19943.68,48.4
Spice of Nepal,Surrey,49.13339,-122.84879,60,2,Himalayan/Nepalese,4.2,1,33814.29,3199.07,30.5
Tokyo In April,Vancouver,49.2806813,-123.1073936,129,2,Japanese,4.4,1,43411.76,12415.09,47.61
Ramen Takanotsume,Richmond,49.1841116494066,-123.133542872965,56,2,Ramen,3.7,0,30866.67,2403.59,49.47
The Samosa House,Surrey,49.162746,-122.866827,93,1,Indian,4.4,1,31236.36,1685.3,36.8
Delta Pizza,Surrey,49.15558,-122.86452,12,2,Pizza,3.9,0,30400.0,854.01,34.56
McDonald's,New Westminster,49.2123616960379,-122.918872872422,20,1,Fast Food,2.5,0,43211.76,6869.19,29.51
STEM Japanese Eatery,Burnaby,49.21497276456137,-122.98816101534425,125,2,Japanese,4.2,1,36630.0,4651.66,35.77
G-men Ramen,Richmond,49.1784915815574,-123.129821190468,351,2,Ramen,3.9,0,31420.0,5609.92,41.27
The Lion's Den Cafe,Vancouver,49.257273,-123.089984,78,1,Breakfast & Brunch,3.8,0,46181.63,8943.99,42.35
LOCAL Public Eatery Gastown,Vancouver,49.2836468,-123.1039495,196,2,Gastropubs,4.3,1,39384.62,10523.52,45.32
Sushi Boss,Coquitlam,49.2986583,-122.7872987,38,2,Sushi Bars,4.0,1,34066.67,4056.3,25.0
Pizza Pizzeria,Burnaby,49.2308488,-122.9058827,49,1,Pizza,4.2,1,45576.47,3671.31,26.05
Jejudo,Burnaby,49.2439366,-122.8942123,59,2,Japanese,3.5,0,37657.14,4514.42,36.63
Sciué Italian Bakery Caffé,Vancouver,49.28691,-123.1224397,25,2,Breakfast & Brunch,3.1,0,45223.53,17323.34,47.68
Pourhouse Restaurant,Vancouver,49.2841134475502,-123.10842879595,606,2,Cocktail Bars,4.0,1,43288.89,10466.33,49.76
Boy With a Knife Grill,Richmond,49.190947,-123.073984,55,2,Burgers,3.6,0,36800.0,1669.2,26.56
Sushi Garden,Burnaby,49.2191,-122.96725,169,2,Japanese,3.4,0,36424.0,5902.92,33.02
JOEY Coquitlam,Coquitlam,49.2457652,-122.89261,221,2,Canadian (New),4.0,1,37546.67,4567.42,36.38
Tokyo Joe Sushi,Richmond,49.172186088951655,-123.1336462733865,248,2,Japanese,3.6,0,29522.22,6411.94,36.6
